ticker,company_name,event_key,high_priority,source_route,source_url,query_year,query_month,announcement_date_roc,announcement_time,market_available_at_policy,market_available_at,subject,clause,fact_date,detail_status,detail_payload,detail_text_excerpt,event_type,amount_match_status,ex_date,payment_date,record_date,last_transfer_date,stop_transfer_start,stop_transfer_end,share_adjustment_effective_date,trading_resumption_date,cash_return,ratio_text,accepted_exact_exdate_candidate,acceptance_status,future_data_violation_count,formal_model_changed,trade_decision_changed,active_in_trade_decision,report_changed,portfolio_replay_executed,ready_for_strategy_replay,ready_for_formal,not_live_rule,forward_returns_live_rule_usage,core_capital_event_class,listed_holder_scale_candidate,effective_date_candidate,selected_path_effective_date_overlap_count,selected_path_overlap_base_strategies,selected_path_capital_impact_candidate,share_factor_ready,cash_return_ready,core_review_status,holding_month_roc,source_quality,evidence_origin
2316,楠梓電,2316|ROC107|P1|C1|S0,False,mops_api_t05st01_and_t05st01_detail,https://mops.twse.com.tw/mops/#/web/t05st01,108,6,108/06/18,17:36:54,official_t05st01_announcement_timestamp_if_accepted,2019-06-18 17:36:54,本公司辦理現金減資致債權人公告,,,ok,"{""companyId"": ""2316"", ""enterDate"": ""1080618"", ""marketKind"": ""sii"", ""serialNumber"": ""2""}","1.事實發生日:108/06/18 2.公司名稱:楠梓電子股份有限公司 3.與公司關係(請輸入本公司或子公司):本公司 4.相互持股比例:不適用 5.發生緣由:本公司業經108年6月18日股東常會決議通過辦理現金減資。 6.因應措施: (1)本公司業經108年6月18日股東常會決議通過，為調整資本結構及提升股東權益，辦 理現金減資退還股東股款。 (2)現金減資金額為新台幣225,605,600元整，銷除股份22,560,560股，減資比例約為 10%，惟減資後實收資本額、實際減資比率，以減資換發股票基準日之已發行總股數 計算之。 (3)本次現金減資案經主管機關申報生效後，授權董事會另訂減資基準日與減資換發股 票基準日等相關事宜。 (4)上述依公司法第281條準用同法第73條、第74條規定辦理。 (5)本公司債權人對此次現金減資案如有異議者，請自公告日(民國108年6月18日)起至 108年7月19日止以書面方式提出，逾期未表示者即視為無異議，特此公告。 7.其他應敘明事項:無。 ",capital_change_candidate,cash_amount_text_hit,,,,,,,,,,減資比例約為,False,candidate_needs_core_review,0,False,False,False,False,False,False,False,True,False,other_capital_change_candidate_requires_review,False,,0,,False,False,False,manual_review_required,,,
2316,楠梓電,2316|ROC107|P1|C1|S0,False,mops_api_t05st01_and_t05st01_detail,https://mops.twse.com.tw/mops/#/web/t05st01,108,8,108/08/09,17:08:07,official_t05st01_announcement_timestamp_if_accepted,2019-08-09 17:08:07,"公告本公司董事會訂定現金減資基準日、減資換股基準日
及減資換發股票作業計畫等相關事宜",,,ok,"{""companyId"": ""2316"", ""enterDate"": ""1080806"", ""marketKind"": ""sii"", ""serialNumber"": ""1""}","1.董事會決議日期:108/08/09 2.減資基準日:108/08/14 3.減資換發股票作業計畫: 一、本公司為辦理民國一○八年現金減資換發股票，茲依據本公司章程、「臺灣證券 交易所股份有限公司營業細則」暨「臺灣證券交易所股份有限公司換發有價證券 作業程序」之規定，訂定本作業計劃。 二、本公司經一○八年股東常會決議通過減少實收資本額新台幣225,605,600元，銷除 已發行普通股股份22,560,560股，業經金融監督管理委員會108年7月25日金管證 發字第1080323228號函申報生效在案。 三、本次減資相關明細如下： (1)本次應換發之股票及金額：已發行普通股225,605,600股，每股面額新台幣壹 拾元，共計新台幣2,256,056,000元。 (2)減資股份總數及金額：本次減少資本新台幣225,605,600元，銷除已發行普通 股股份22,560,560股。 (3)減資後換發股份總數及金額：減資後換發股份總數計203,045,040股，每股面 額新台幣壹拾元整，減資後換發金額新台幣2,030,450,400元。 (4)本次現金減資銷除股份換發新股票，依「減資換發新股票基準日」股東名簿記 載各股東持有股份分別計算，普通股股東每股可退還新臺幣1元，每仟股換發 900股（即每仟股減少100股）；減資後換發不足壹股之畸零股，股東得自減資 換股停止過戶日前5日內向本公司股務代理機構辦理合併湊成整股之登記，未 拼湊或拼湊後仍不足一股者，依面額計算折付現金，計算至元為止(元以下捨 去)，並授權董事長洽特定人認面額認購。 四、減資換股相關日期如下： (1)舊股票最後過戶日：108年09月29日。 (2)舊股票停止過戶期間：108年09月30日起至108年10月4日止。 (3)減資換發股票基準日：108年10月4日。 (4)舊股票停止在市場買賣日期：自108年09月26日起至108年10月4日止。 (5)新股票上市暨舊股票停止流通日期：108年10月7日。 (6)現金減資退還股款發放日期：108年10月7日。 五、本次換發之新股採無實體發行，其權利義務與原發行股份相同",capital_change_candidate,cash_amount_text_hit,,,2019-08-14,,2019-09-30,2019-10-04,2019-10-04,,,每仟股換發,False,candidate_needs_core_review,0,False,False,False,False,False,False,False,True,False,listed_holder_share_scale_and_cash_return_candidate,True,2019-10-04,0,,False,False,False,holder_scale_candidate_no_selected_path_date_overlap,,,
2316,楠梓電,2316|ROC107|P1|C1|S0,False,mops_api_t05st01_and_t05st01_detail,https://mops.twse.com.tw/mops/#/web/t05st01,108,8,108/08/22,15:48:38,official_t05st01_announcement_timestamp_if_accepted,2019-08-22 15:48:38,公告本公司辦理現金減資完成資本額變更登記,,,ok,"{""companyId"": ""2316"", ""enterDate"": ""1080822"", ""marketKind"": ""sii"", ""serialNumber"": ""2""}","1.主管機關核准減資日期:108/07/25 2.辦理資本變更登記完成日期:108/08/22 3.對財務報告之影響（含實收資本額與流通在外股數之差異與對每股淨值之影響）: 實收資本額(元) 流通在外股數(股) 每股淨值(元) 減資前 2,256,056,000 225,605,600 32.83 減資後 2,030,450,400 203,045,040 36.48 註：每股淨值係以108年第2季經會計師核閱之財務報表為設算依據。 4.預計換股作業計畫: 一、本公司為辦理民國一○八年現金減資換發股票，茲依據本公司章程、「臺灣證券 交易所股份有限公司營業細則」暨「臺灣證券交易所股份有限公司換發有價證券 作業程序」之規定，訂定本作業計劃。 二、本公司經一○八年股東常會決議通過減少實收資本額新台幣225,605,600元，銷除 已發行普通股股份22,560,560股，業經金融監督管理委員會108年7月25日金管證 發字第1080323228號函申報生效在案。 三、本次減資相關明細如下： (1)本次應換發之股票及金額：已發行普通股225,605,600股，每股面額新台幣壹 拾元，共計新台幣2,256,056,000元。 (2)減資股份總數及金額：本次減少資本新台幣225,605,600元，銷除已發行普通 股股份22,560,560股。 (3)減資後換發股份總數及金額：減資後換發股份總數計203,045,040股，每股面 額新台幣壹拾元整，減資後換發金額新台幣2,030,450,400元。 (4)本次現金減資銷除股份換發新股票，依「減資換發新股票基準日」股東名簿記 載各股東持有股份分別計算，普通股股東每股可退還新臺幣1元，每仟股換發 900股（即每仟股減少100股）；減資後換發不足壹股之畸零股，股東得自減資 換股停止過戶日前5日內向本公司股務代理機構辦理合併湊成整股之登記，未 拼湊或拼湊後仍不足一股者，依面額計算折付現金，計算至元為止(元以下捨 去)，並授權董事長洽特定人認面額認購。 四、減資換股相關日期如下： (1)舊股票最後過戶日：108年09月29日。 (2)舊股票停止過",capital_change_candidate,cash_amount_text_hit,,,,,,,,,,每仟股換發,False,candidate_needs_core_review,0,False,False,False,False,False,False,False,True,False,listed_holder_share_scale_and_cash_return_candidate,True,,0,,False,False,False,holder_scale_candidate_no_selected_path_date_overlap,,,
2316,楠梓電,2316|ROC108|P1|C0.5|S0,False,mops_api_t05st01_and_t05st01_detail,https://mops.twse.com.tw/mops/#/web/t05st01,109,6,109/06/16,16:55:49,official_t05st01_announcement_timestamp_if_accepted,2020-06-16 16:55:49,本公司辦理現金減資致債權人公告,,,ok,"{""companyId"": ""2316"", ""enterDate"": ""1090616"", ""marketKind"": ""sii"", ""serialNumber"": ""6""}","1.事實發生日:109/06/16 2.公司名稱:楠梓電子股份有限公司 3.與公司關係(請輸入本公司或子公司):本公司 4.相互持股比例:不適用 5.發生緣由:本公司業經109年6月16日股東常會決議通過辦理現金減資。 6.因應措施: (1)本公司業經109年6月16日股東常會決議通過，為調整資本結構及提升股東權益，辦 理現金減資退還股東股款。 (2)現金減資金額為新台幣203,045,040元整，銷除股份20,304,504股，減資比例約為 10%，惟減資後實收資本額、實際減資比率，以減資換發股票基準日之已發行總股數 計算之。 (3)本次現金減資案經主管機關申報生效後，授權董事會另訂減資基準日與減資換發股 票基準日等相關事宜。 (4)上述依公司法第281條準用同法第73條、第74條規定辦理。 (5)本公司債權人對此次現金減資案如有異議者，請自公告日(民國109年6月16日)起至 109年7月17日止以書面方式提出，逾期未表示者即視為無異議，特此公告。 7.其他應敘明事項:無。 ",capital_change_candidate,,,,,,,,,,,減資比例約為,False,candidate_needs_core_review,0,False,False,False,False,False,False,False,True,False,other_capital_change_candidate_requires_review,False,,0,,False,False,False,manual_review_required,,,
2316,楠梓電,2316|ROC108|P1|C0.5|S0,False,mops_api_t05st01_and_t05st01_detail,https://mops.twse.com.tw/mops/#/web/t05st01,109,8,109/08/10,17:06:12,official_t05st01_announcement_timestamp_if_accepted,2020-08-10 17:06:12,"公告本公司董事會訂定現金減資基準日、減資換股基準日
及減資換發股票作業計畫等相關事宜",,,ok,"{""companyId"": ""2316"", ""enterDate"": ""1090807"", ""marketKind"": ""sii"", ""serialNumber"": ""1""}","1.董事會決議日期:109/08/10 2.減資基準日:109/08/14 3.減資換發股票作業計畫: 一、本公司為辦理民國一○九年現金減資換發股票，茲依據本公司章程、「臺灣證券 交易所股份有限公司營業細則」暨「臺灣證券交易所股份有限公司換發有價證券 作業程序」之規定，訂定本作業計劃。 二、本公司經一○九年股東常會決議通過減少實收資本額新台幣203,045,040元，銷除 已發行普通股股份20,304,504股，業經金融監督管理委員會109年7月30日金管證 發字第1090350375號函申報生效在案。 三、本次減資相關明細如下： (1)本次應換發之股票及金額：已發行普通股203,045,040股，每股面額新台幣壹 拾元，共計新台幣2,030,450,400元。 (2)減資股份總數及金額：本次減少資本新台幣203,045,040元，銷除已發行普通 股股份20,304,504股。 (3)減資後換發股份總數及金額：減資後換發股份總數計182,740,536股，每股面 額新台幣壹拾元整，減資後換發金額新台幣1,827,405,360元。 (4)本次現金減資銷除股份換發新股票，依「減資換發新股票基準日」股東名簿記 載各股東持有股份分別計算，普通股股東每股可退還新臺幣1元，每仟股換發 900股（即每仟股減少100股）；減資後換發不足壹股之畸零股，股東得自減資 換股停止過戶日前5日內向本公司股務代理機構辦理合併湊成整股之登記，未 拼湊或拼湊後仍不足一股者，依面額計算折付現金，計算至元為止(元以下捨 去)，並授權董事長洽特定人認面額認購。 四、減資換股相關日期如下： (1)舊股票最後過戶日：109年09月25日。 (2)舊股票停止過戶期間：109年09月26日起至109年09月30日止。 (3)減資換發股票基準日：109年09月30日。 (4)舊股票停止在市場買賣日期：自109年09月24日起至109年09月30日止。 (5)新股票上市暨舊股票停止流通日期：109年10月5日。 (6)現金減資退還股款發放日期：109年10月5日。 五、本次換發之新股採無實體發行，其權利義務與原發行股",capital_change_candidate,,,,2020-08-14,,2020-09-26,2020-09-30,2020-09-30,,,每仟股換發,False,candidate_needs_core_review,0,False,False,False,False,False,False,False,True,False,listed_holder_share_scale_and_cash_return_candidate,True,2020-09-30,0,,False,False,False,holder_scale_candidate_no_selected_path_date_overlap,,,
2316,楠梓電,2316|ROC108|P1|C0.5|S0,False,mops_api_t05st01_and_t05st01_detail,https://mops.twse.com.tw/mops/#/web/t05st01,109,8,109/08/25,17:09:41,official_t05st01_announcement_timestamp_if_accepted,2020-08-25 17:09:41,公告本公司辦理現金減資完成資本額變更登記,,,ok,"{""companyId"": ""2316"", ""enterDate"": ""1090825"", ""marketKind"": ""sii"", ""serialNumber"": ""2""}","1.主管機關核准減資日期:109/07/30 2.辦理資本變更登記完成日期:109/08/25 3.對財務報告之影響（含實收資本額與流通在外股數之差異與對每股淨值之影響）: 實收資本額(元) 流通在外股數(股) 每股淨值(元) 減資前 2,030,450,400 203,045,040 35.48 減資後 1,827,405,360 182,740,536 39.42 註：每股淨值係以109年第2季經會計師核閱之財務報表為設算依據。 4.預計換股作業計畫: 一、本公司為辦理民國一○九年現金減資換發股票，茲依據本公司章程、「臺灣證券 交易所股份有限公司營業細則」暨「臺灣證券交易所股份有限公司換發有價證券 作業程序」之規定，訂定本作業計劃。 二、本公司經一○九年股東常會決議通過減少實收資本額新台幣203,045,040元，銷除 已發行普通股股份20,304,504股，業經金融監督管理委員會109年7月30日金管證 發字第1090350375號函申報生效在案。 三、本次減資相關明細如下： (1)本次應換發之股票及金額：已發行普通股203,045,040股，每股面額新台幣壹 拾元，共計新台幣2,030,450,400元。 (2)減資股份總數及金額：本次減少資本新台幣203,045,040元，銷除已發行普通 股股份20,304,504股。 (3)減資後換發股份總數及金額：減資後換發股份總數計182,740,536股，每股面 額新台幣壹拾元整，減資後換發金額新台幣1,827,405,360元。 (4)本次現金減資銷除股份換發新股票，依「減資換發新股票基準日」股東名簿記 載各股東持有股份分別計算，普通股股東每股可退還新臺幣1元，每仟股換發 900股（即每仟股減少100股）；減資後換發不足壹股之畸零股，股東得自減資 換股停止過戶日前5日內向本公司股務代理機構辦理合併湊成整股之登記，未 拼湊或拼湊後仍不足一股者，依面額計算折付現金，計算至元為止(元以下捨 去)，並授權董事長洽特定人認面額認購。 四、減資換股相關日期如下： (1)舊股票最後過戶日：109年09月25日。 (2)舊股票停止過",capital_change_candidate,,,,,,,,,,,每仟股換發,False,candidate_needs_core_review,0,False,False,False,False,False,False,False,True,False,listed_holder_share_scale_and_cash_return_candidate,True,,0,,False,False,False,holder_scale_candidate_no_selected_path_date_overlap,,,
2317,鴻海,2317|ROC108|P1|C4.2|S0,False,mops_api_t05st01_and_t05st01_detail,https://mops.twse.com.tw/mops/#/web/t05st01,109,7,109/07/21,17:52:19,official_t05st01_announcement_timestamp_if_accepted,2020-07-21 17:52:19,代子公司佛山普立華科技有限公司公告其董事會決議分割事宜,,,ok,"{""companyId"": ""2317"", ""enterDate"": ""1090721"", ""marketKind"": ""sii"", ""serialNumber"": ""1""}",1.併購種類(如合併、分割、收購或股份受讓): 分割 2.事實發生日:109/7/21 3.參與併購公司名稱(如合併另一方公司、分割新設公司、收購或受讓股份標的公司之 名稱: 被分割公司：佛山普立華科技有限公司(下稱「佛山普立華」)； 分割後新設公司：佛山市普立達科技有限公司(下稱「佛山普立達」) 4.交易相對人(如合併另一方公司、分割讓與他公司、收購或受讓股份之交易對象): 佛山市普立達科技有限公司 5.交易相對人為關係人:是 6.交易相對人與公司之關係(本公司轉投資持股達XX%之被投資公司)，並說明選定 收購、受讓他公司股份之對象為關係企業或關係人之原因及是否不影響股東權益: 分割後新設公司佛山普立達與被分割公司佛山普立華之股東結構相同，不影響原股東權益 7.併購目的: 公司經營需要，優化資源配置 8.併購後預計產生之效益: 提升公司經濟效益 9.併購對每股淨值及每股盈餘之影響: 不適用 10.併購後續處理方式，包括支付併購對價之時間及方法等: 不適用 11.併購之對價種類及資金來源: 不適用 12.換股比例及其計算依據: 不適用 13.本次交易會計師、律師或證券承銷商出具非合理性意見:否 14.會計師或律師事務所名稱或證券承銷商公司名稱: 安得仕聯合會計師事務所 15.會計師或律師姓名: 成昀達會計師 16.會計師或律師開業證書字號: 金管會証字第5720號 17.獨立專家就本次併購換股比例、配發股東之現金或其他財產之合理性意見書內容 (一、包含公開收購價格訂定所採用之方法、原則或計算方式及與國際慣用之市價法 、成本法及現金流量折現法之比較。二、被收購公司與已上市櫃同業之財務狀況 、獲利情形及本益比之比較情形。三、公開收購價格若參考鑑價機構之鑑價報告者 ，應說明該鑑價報告內容及結論。四、收購人融資償還計畫若係以被收購公司或合 併後存續公司之資產或股份為擔保者，應說明對被收購公司或合併後存續公司財務 業務健全性之影響評估): 不適用 18.預定完成日程: 分割基準日暫訂為民國109年12月31日 19.既存或新設公司承受消滅(或分割)公司權利義務相關事項(註二): ,capital_change_candidate,,,,,,,,,,,換股比例及其計算依據:,False,candidate_needs_core_review,0,False,False,False,False,False,False,False,True,False,subsidiary_event_not_selected_listed_security,False,,0,,False,False,False,not_applicable_to_selected_listed_security,,,
2317,鴻海,2317|ROC108|P1|C4.2|S0,False,mops_api_t05st01_and_t05st01_detail,https://mops.twse.com.tw/mops/#/web/t05st01,109,11,109/11/12,18:02:07,official_t05st01_announcement_timestamp_if_accepted,2020-11-12 18:02:07,"大陸投資事業蘭考裕富精密科技有限公司與
蘭考裕德環保材料科技有限公司合併",,,ok,"{""companyId"": ""2317"", ""enterDate"": ""1091112"", ""marketKind"": ""sii"", ""serialNumber"": ""2""}","1.併購種類(如合併、分割、收購或股份受讓): 合併 2.事實發生日:109/11/12 3.參與併購公司名稱(如合併另一方公司、分割新設公司、收購或受讓股份標的公司之 名稱: 大陸投資事業蘭考裕富精密科技有限公司與蘭考裕德環保材料科技有限公司合併 4.交易相對人(如合併另一方公司、分割讓與他公司、收購或受讓股份之交易對象): 蘭考裕富精密科技有限公司為存續公司； 蘭考裕德環保材料科技有限公司為消滅公司 5.交易相對人為關係人:是 6.交易相對人與公司之關係(本公司轉投資持股達XX%之被投資公司)，並說明選定 收購、受讓他公司股份之對象為關係企業或關係人之原因及是否不影響股東權益: 參與合併之公司為本公司持股100%之子公司，不影響股東權益 7.併購目的: 集團整合資源 8.併購後預計產生之效益: 人民幣1,290萬元 9.併購對每股淨值及每股盈餘之影響: 不適用 10.併購後續處理方式，包括支付併購對價之時間及方法等: 不適用 11.併購之對價種類及資金來源: 不適用 12.換股比例及其計算依據: 不適用 13.本次交易會計師、律師或證券承銷商出具非合理性意見:不適用 14.會計師或律師事務所名稱或證券承銷商公司名稱: 不適用 15.會計師或律師姓名: 不適用 16.會計師或律師開業證書字號: 不適用 17.獨立專家就本次併購換股比例、配發股東之現金或其他財產之合理性意見書內容 (一、包含公開收購價格訂定所採用之方法、原則或計算方式及與國際慣用之市價法 、成本法及現金流量折現法之比較。二、被收購公司與已上市櫃同業之財務狀況 、獲利情形及本益比之比較情形。三、公開收購價格若參考鑑價機構之鑑價報告者 ，應說明該鑑價報告內容及結論。四、收購人融資償還計畫若係以被收購公司或合 併後存續公司之資產或股份為擔保者，應說明對被收購公司或合併後存續公司財務 業務健全性之影響評估): 不適用 18.預定完成日程: 2021年6月30日 19.既存或新設公司承受消滅(或分割)公司權利義務相關事項(註二): 蘭考裕富精密科技有限公司承受蘭考裕德環保材料科技有限公司全體債權債務 20.參與合",capital_change_candidate,,,,,,,,,,,換股比例及其計算依據:,False,candidate_needs_core_review,0,False,False,False,False,False,False,False,True,False,subsidiary_event_not_selected_listed_security,False,,0,,False,False,False,not_applicable_to_selected_listed_security,,,
2374,佳能,2374|ROC107|P1|C0.5|S0,False,mops_api_t05st01_and_t05st01_detail,https://mops.twse.com.tw/mops/#/web/t05st01,108,12,108/12/20,19:07:12,official_t05st01_announcement_timestamp_if_accepted,2019-12-20 19:07:12,公告本公司轉投資大陸東莞地區二家子公司辦理合併,,,ok,"{""companyId"": ""2374"", ""enterDate"": ""1081220"", ""marketKind"": ""sii"", ""serialNumber"": ""2""}",1.併購種類(如合併、分割、收購或股份受讓): 合併 2.事實發生日:108/12/20 3.參與併購公司名稱(如合併另一方公司、分割新設公司、收購或受讓股份標的公司之 名稱: (1)東莞能率科技有限公司(合併存續公司)。 (2)東莞銓訊電子有限公司(合併消滅公司)。 4.交易相對人(如合併另一方公司、分割讓與他公司、收購或受讓股份之交易對象): (1)東莞能率科技有限公司(合併存續公司)。 (2)東莞銓訊電子有限公司(合併消滅公司)。 5.交易相對人為關係人:是 6.交易相對人與公司之關係(本公司轉投資持股達XX%之被投資公司)，並說明選定 收購、受讓他公司股份之對象為關係企業或關係人之原因及是否不影響股東權益: 合併之二家公司皆為本公司間接持有100%之轉投資公司， 並以東莞能率科技有限公司為存續公司。 7.併購目的: 提昇營運效益。 8.併購後預計產生之效益: 降低管理成本。 9.併購對每股淨值及每股盈餘之影響: 無。 10.換股比例及其計算依據: 不適用。 11.本次交易會計師、律師或證券承銷商出具非合理性意見:不適用 12.會計師或律師事務所名稱或證券承銷商公司名稱: NA 13.會計師或律師姓名: NA 14.會計師或律師開業證書字號: NA 15.預定完成日程: 依相關規定辦理合併事宜。 16.既存或新設公司承受消滅(或分割)公司權利義務相關事項(註二): 無。 17.參與合併公司之基本資料(註三): (1)東莞能率科技有限公司；所營業務：電子靜相照相機之產銷。 (2)東莞銓訊電子有限公司；所營業務：電子靜相照相機之產銷。 18.分割之相關事項(含預定讓與既存公司或新設公司之營業、資產之評價價值；被 分割公司或其股東所取得股份之總數、種類及數量；被分割公司資本減少時，其資 本減少有關事項)(註：若非分割公告時，則不適用): 不適用。 19.併購股份未來移轉之條件及限制: 無。 20.其他重要約定事項: 無。 21.本次交易，董事有無異議:否 22.併購交易中涉及利害關係董事資訊(自然人董事姓名或法人董事名稱 暨其代表人姓名、其自身或其代表之法人有利害關係之,capital_change_candidate,,,,,,,,,,,換股比例及其計算依據:,False,candidate_needs_core_review,0,False,False,False,False,False,False,False,True,False,subsidiary_event_not_selected_listed_security,False,,0,,False,False,False,not_applicable_to_selected_listed_security,,,
2615,萬海,2615|ROC107|P1|C0.60563|S0,False,mops_api_t05st01_and_t05st01_detail,https://mops.twse.com.tw/mops/#/web/t05st01,108,8,108/08/07,18:53:22,official_t05st01_announcement_timestamp_if_accepted,2019-08-07 18:53:22,"代子公司Wan Hai Lines (USA) Ltd.公告
董事會決議與Wan Hai Lines (America) Ltd.合併案",,,ok,"{""companyId"": ""2615"", ""enterDate"": ""1080807"", ""marketKind"": ""sii"", ""serialNumber"": ""10""}",1.併購種類(如合併、分割、收購或股份受讓): 合併 2.事實發生日:108/8/7 3.參與併購公司名稱(如合併另一方公司、分割新設公司、收購或受讓股份標的公司之 名稱: Wan Hai Lines (USA) Ltd. (存續公司) Wan Hai Lines (America) Ltd. (消滅公司) 4.交易相對人(如合併另一方公司、分割讓與他公司、收購或受讓股份之交易對象): Wan Hai Lines (USA) Ltd. (存續公司) Wan Hai Lines (America) Ltd. (消滅公司) 5.交易相對人為關係人:是 6.交易相對人與公司之關係(本公司轉投資持股達XX%之被投資公司)，並說明選定 收購、受讓他公司股份之對象為關係企業或關係人之原因及是否不影響股東權益: Wan Hai Lines (America) Ltd.為本公司直接持股100%之子公司， 而Wan Hai Lines(USA) Ltd.為本公司間接持股100%之孫公司， 本合併案屬集團內之組織重組，不影響股東權益。 7.併購目的: 有效整合公司資源及簡化公司組織架構。 8.併購後預計產生之效益: 集團資源整合後可提升營運績效並降低公司之成本。 9.併購對每股淨值及每股盈餘之影響: 合併後整體資源運用獲得整合，對每股淨值及每股盈餘均有正面助益。 10.換股比例及其計算依據: (1)合併換股比例：以Wan Hai Lines(America)Ltd. 1.014股普通股 換發Wan Hai Lines(USA)Ltd. 普通股1股。 擬於上述推估換股比例與實際換股比例差異於15%以內進行交易。 (2)計算依據：依據截至107年12月31日止經會計師核閱之財務報告 及108年9月30日依國際會計準則編製自結之財務報表預測， 與獨立專家出具之合併換股比例合理性意見書。 11.本次交易會計師、律師或證券承銷商出具非合理性意見:否 12.會計師或律師事務所名稱或證券承銷商公司名稱: 日正聯合會計師事務所 13.會計師或律師姓名: 陳儷文 會計師 14.會計師或律師開業證書字號: 北,capital_change_candidate,,,,,,,,,,,換股比例及其計算依據:,False,candidate_needs_core_review,0,False,False,False,False,False,False,False,True,False,subsidiary_event_not_selected_listed_security,False,,0,,False,False,False,not_applicable_to_selected_listed_security,,,
2615,萬海,2615|ROC107|P1|C0.60563|S0,False,mops_api_t05st01_and_t05st01_detail,https://mops.twse.com.tw/mops/#/web/t05st01,108,10,108/10/09,16:21:25,official_t05st01_announcement_timestamp_if_accepted,2019-10-09 16:21:25,"代子公司Wan Hai Lines (USA) Ltd.補充公告於108年8月7號
與Wan Hai Lines (America) Ltd.合併事宜",,,ok,"{""companyId"": ""2615"", ""enterDate"": ""1081009"", ""marketKind"": ""sii"", ""serialNumber"": ""4""}",1.事實發生日:108/10/09 2.原公告申報日期:108/08/07 3.簡述原公告申報內容: 108/08/07代子公司Wan Hai Lines (USA) Ltd.公告公司擬藉由集團內組織調整， 合併Wan Hai Lines (America) Ltd.。 4.變動緣由及主要內容: (1) 實際合併換股比例如下： 以Wan Hai Lines (America) Ltd. 0.995股普通股 換發Wan Hai Lines (USA) Ltd. 普通股1股。 (2) 計算依據：依據雙方公司截至108年09月30日止經會計師核閱之財務報告及依國際 會計準則編製自結之財務報表預測，與獨立專家出具之合併換股比例合理性意見書。 5.變動後對公司財務業務之影響:無重大影響。 6.其他應敘明事項:實際交易日為108/10/09。 ,capital_change_candidate,,,,,,,,,,,換股比例如下：,False,candidate_needs_core_review,0,False,False,False,False,False,False,False,True,False,subsidiary_event_not_selected_listed_security,False,,0,,False,False,False,not_applicable_to_selected_listed_security,,,
2636,台驊投控,2636|ROC109|P1|C3.2|S0,True,mops_api_t05st01_and_t05st01_detail,https://mops.twse.com.tw/mops/#/web/t05st01,110,11,110/11/04,16:51:18,official_t05st01_announcement_timestamp_if_accepted,2021-11-04 16:51:18,公告本公司董事會決議註銷庫藏股減資基準日,,,ok,"{""companyId"": ""2636"", ""enterDate"": ""1101101"", ""marketKind"": ""sii"", ""serialNumber"": ""2""}","1.董事會決議日期:110/11/04 2.減資緣由:依據證券交易法第二十八條之二規定，本公司擬將於106年買回之庫藏股 於屆滿五年未轉讓員工之股份予以註銷。 3.減資金額:13,610,000元 4.消除股份:1,361,000股 5.減資比率:0.94% 6.減資後股本:143,391,230股 7.預定股東會日期:不適用 8.預計減資新股上市後之上市普通股股數:不適用 9.預計減資新股上市後之上市普通股股數占已發行普通股比率 （減資後上市普通股股數/減資後已發行普通股股數）:不適用 10.前二項預計減資後上巿普通股股數未達6000萬股且未達25%者， 請說明股權流通性偏低之因應措施:不適用 11.減資基準日:111/02/10 12.其他應敘明事項:無 ",capital_change_candidate,,,,2022-02-10,,,,,,,,False,candidate_needs_core_review,0,False,False,False,False,False,False,False,True,False,issuer_share_count_change_no_holder_share_conversion,False,,0,,False,False,False,no_holder_share_factor_required_information_only,,,
3037,欣興,3037|ROC107|P1|C0.8|S0,False,mops_api_t05st01_and_t05st01_detail,https://mops.twse.com.tw/mops/#/web/t05st01,108,6,108/06/05,16:28:32,official_t05st01_announcement_timestamp_if_accepted,2019-06-05 16:28:32,"本公司辦理105年第2次限制員工權利新股
註銷減資變更登記完成",,,ok,"{""companyId"": ""3037"", ""enterDate"": ""1080605"", ""marketKind"": ""sii"", ""serialNumber"": ""2""}","1.主管機關核准減資日期:108/05/31 2.辦理資本變更登記完成日期:108/05/31 3.對財務報告之影響（含實收資本額與流通在外股數之差異與對每股淨值之影響）: (1)本次註銷限制員工權利新股31,000股，每股面額新台幣(下同)10元， 共計減少資本310,000元。 (2)股份註銷減資前：本公司流通在外股數為1,504,830,333股， 實收資本額為15,048,303,330元。 (3)股份註銷減資後：本公司流通在外股數為1,504,799,333股， 實收資本額為15,047,993,330元，每股淨額為新台幣28.50元。 4.預計換股作業計畫:不適用 5.預計減資新股上市後之上市普通股股數:不適用 6.預計減資新股上市後之上市普通股股數占已發行普通股比率 （減資後上市普通股股數/減資後已發行普通股股數）:不適用 7.前二項預計減資後上巿普通股股數未達6000萬股且未達25%者，請說明股權流通性偏低 之因應措施:不適用 8.其他應敘明事項: (1)經濟部商業司發文日期為108年05月31日，結案日期為108年06月04日。 (2)以上每股淨值係最近一期(108Q1)會計師核閱財務報告計算之。 ",capital_change_candidate,,,,,,,,,,,,False,candidate_needs_core_review,0,False,False,False,False,False,False,False,True,False,issuer_share_count_change_no_holder_share_conversion,False,,0,,False,False,False,no_holder_share_factor_required_information_only,,,
3037,欣興,3037|ROC107|P1|C0.8|S0,False,mops_api_t05st01_and_t05st01_detail,https://mops.twse.com.tw/mops/#/web/t05st01,108,8,108/08/12,19:45:45,official_t05st01_announcement_timestamp_if_accepted,2019-08-12 19:45:45,"本公司董事會決議註銷105年第2次發行之
限制員工權利新股並辦理減資事宜",,,ok,"{""companyId"": ""3037"", ""enterDate"": ""1080812"", ""marketKind"": ""sii"", ""serialNumber"": ""14""}","1.董事會決議日期:108/08/12 2.減資緣由:本公司因有獲配105年第2次發行限制員工權利新股之員工未達既得條件， 經董事會決議以原發行價格向員工收買其股份並辦理註銷。 3.減資金額:新台幣670,000元 4.消除股份:67,000股 5.減資比率:0.0045% 6.減資後股本:新台幣15,047,323,330元 7.預定股東會日期:不適用 8.預計減資新股上市後之上市普通股股數:不適用 9.預計減資新股上市後之上市普通股股數占已發行普通股比率 （減資後上市普通股股數/減資後已發行普通股股數）:不適用 10.前二項預計減資後上巿普通股股數未達6000萬股且未達25%者， 請說明股權流通性偏低之因應措施:不適用 11.其他應敘明事項: (1)減資比率係依108/08/12之流通在外股數1,504,793,333股計算。 (2)訂定減資基準日為108年08月12日，相關事宜授權董事長辦理。 ",capital_change_candidate,,,,,,,,,,,,False,candidate_needs_core_review,0,False,False,False,False,False,False,False,True,False,issuer_share_count_change_no_holder_share_conversion,False,,0,,False,False,False,no_holder_share_factor_required_information_only,,,
3037,欣興,3037|ROC107|P1|C0.8|S0,False,mops_api_t05st01_and_t05st01_detail,https://mops.twse.com.tw/mops/#/web/t05st01,108,9,108/09/11,18:30:25,official_t05st01_announcement_timestamp_if_accepted,2019-09-11 18:30:25,"本公司辦理105年第2次限制員工權利新股
註銷減資變更登記完成",,,ok,"{""companyId"": ""3037"", ""enterDate"": ""1080911"", ""marketKind"": ""sii"", ""serialNumber"": ""1""}","1.主管機關核准減資日期:108/09/09 2.辦理資本變更登記完成日期:108/09/09 3.對財務報告之影響（含實收資本額與流通在外股數之差異與對每股淨值之影響）: (1)本次註銷限制員工權利新股67,000股，每股面額新台幣(下同)10元， 共計減少資本670,000元。 (2)股份註銷減資前：本公司流通在外股數為1,504,799,333股， 實收資本額為15,047,993,330元。 (3)股份註銷減資後：本公司流通在外股數為1,504,732,333股， 實收資本額為15,047,323,330元，每股淨額為新台幣27.98元。 4.預計換股作業計畫:不適用 5.預計減資新股上市後之上市普通股股數:不適用 6.預計減資新股上市後之上市普通股股數占已發行普通股比率 （減資後上市普通股股數/減資後已發行普通股股數）:不適用 7.前二項預計減資後上巿普通股股數未達6000萬股且未達25%者，請說明股權流通性偏低 之因應措施:不適用 8.其他應敘明事項: (1)經濟部商業司發文日期為108年09月09日，結案日期為108年09月10日。 (2)以上每股淨值係最近一期(108Q2)會計師核閱財務報告計算之。 ",capital_change_candidate,,,,,,,,,,,,False,candidate_needs_core_review,0,False,False,False,False,False,False,False,True,False,issuer_share_count_change_no_holder_share_conversion,False,,0,,False,False,False,no_holder_share_factor_required_information_only,,,
3037,欣興,3037|ROC109|P1|C1.4|S0,False,mops_api_t05st01_and_t05st01_detail,https://mops.twse.com.tw/mops/#/web/t05st01,110,12,110/12/07,15:27:42,official_t05st01_announcement_timestamp_if_accepted,2021-12-07 15:27:42,本公司董事會決議註銷庫藏股辦理減資事宜,,,ok,"{""companyId"": ""3037"", ""enterDate"": ""1101207"", ""marketKind"": ""sii"", ""serialNumber"": ""1""}","1.董事會決議日期:110/10/26 2.減資緣由:本公司第八次買回之庫藏股29,472,000股予以註銷。 3.減資金額:294,720,000元 4.消除股份:29,472,000股 5.減資比率:1.96% 6.減資後股本:14,752,603,330元 7.預定股東會日期:不適用 8.預計減資新股上市後之上市普通股股數:不適用 9.預計減資新股上市後之上市普通股股數占已發行普通股比率 （減資後上市普通股股數/減資後已發行普通股股數）:不適用 10.前二項預計減資後上巿普通股股數未達6000萬股且未達25%者， 請說明股權流通性偏低之因應措施:不適用 11.減資基準日:110/11/29 12.其他應敘明事項: 減資比率係依110年10月26日之流通在外股數1,504,732,333股計算 ",capital_change_candidate,,,,2021-11-29,,,,,,,,False,candidate_needs_core_review,0,False,False,False,False,False,False,False,True,False,issuer_share_count_change_no_holder_share_conversion,False,,0,,False,False,False,no_holder_share_factor_required_information_only,,,
3037,欣興,3037|ROC109|P1|C1.4|S0,False,mops_api_t05st01_and_t05st01_detail,https://mops.twse.com.tw/mops/#/web/t05st01,110,12,110/12/07,15:28:42,official_t05st01_announcement_timestamp_if_accepted,2021-12-07 15:28:42,本公司辦理庫藏股註銷減資變更登記完成,,,ok,"{""companyId"": ""3037"", ""enterDate"": ""1101207"", ""marketKind"": ""sii"", ""serialNumber"": ""2""}","1.主管機關核准減資日期:110/12/03 2.辦理資本變更登記完成日期:110/12/03 3.對財務報告之影響（含實收資本額與流通在外股數之差異與對每股淨值之影響）: (1)本次註銷庫藏股29,472,000股，每股面額新台幣(下同)10元， 共計減少資本294,720,000元。 (2)股份註銷減資前：本公司流通在外股數為1,504,732,333股， 實收資本額為15,047,323,330元。 (3)股份註銷減資後：本公司流通在外股數為1,475,260,333股， 實收資本額為14,752,603,330元。 4.預計換股作業計畫:不適用 5.預計減資新股上市後之上市普通股股數:不適用 6.預計減資新股上市後之上市普通股股數占已發行普通股比率 （減資後上市普通股股數/減資後已發行普通股股數）:不適用 7.前二項預計減資後上巿普通股股數未達6000萬股且未達25%者，請說明股權流通性偏低 之因應措施:不適用 8.其他應敘明事項:經濟部商業司發文日期為110年12月03日， 結案日期為110年12月03日。 ",capital_change_candidate,,,,,,,,,,,,False,candidate_needs_core_review,0,False,False,False,False,False,False,False,True,False,issuer_share_count_change_no_holder_share_conversion,False,,0,,False,False,False,no_holder_share_factor_required_information_only,,,
3105,穩懋,3105|ROC109|P1|C10|S0,False,mops_api_t05st01_and_t05st01_detail,https://mops.twse.com.tw/mops/#/web/t05st01,110,3,110/03/18,18:44:10,official_t05st01_announcement_timestamp_if_accepted,2021-03-18 18:44:10,"公告本公司董事會決議收回已發行之限制員工權利新股
註銷減資基準日",,,ok,"{""companyId"": ""3105"", ""enterDate"": ""1100317"", ""marketKind"": ""otc"", ""serialNumber"": ""2""}","1.董事會決議日期:110/03/18 2.減資緣由:原獲配限制員工權利新股之員工未達既得條件，將收回之限制員工權利新股 辦理註銷減資。 3.減資金額:150,000元 4.消除股份:15,000股 5.減資比率:0.0035% 6.減資後股本:新台幣4,240,413,840元 7.預定股東會日期:NA 8.預計減資新股上櫃後之上櫃普通股股數:424,041,384股 9.預計減資新股上櫃後之上櫃普通股股數占已發行普通股比率 （減資後上櫃普通股股數/減資後已發行普通股):不適用 10.前二項預計減資後上櫃普通股股數未達500萬股且未達25%者，請說明 股權流通性偏低之因應措施:不適用 11.減資基準日:民國110年3月31日 12.其他應敘明事項:無 ",capital_change_candidate,cash_amount_text_hit,,,,,,,,,,,False,candidate_needs_core_review,0,False,False,False,False,False,False,False,True,False,issuer_share_count_change_no_holder_share_conversion,False,,0,,False,False,False,no_holder_share_factor_required_information_only,,,
3105,穩懋,3105|ROC109|P1|C10|S0,False,mops_api_t05st01_and_t05st01_detail,https://mops.twse.com.tw/mops/#/web/t05st01,110,4,110/04/19,16:56:12,official_t05st01_announcement_timestamp_if_accepted,2021-04-19 16:56:12,公告本公司收回限制員工權利新股辦理減資變更登記完成,,,ok,"{""companyId"": ""3105"", ""enterDate"": ""1100416"", ""marketKind"": ""otc"", ""serialNumber"": ""2""}","1.主管機關核准減資日期:110/04/15 2.辦理資本變更登記完成日期:110/04/15 3.對財務報告之影響（含實收資本額與流通在外股數之差異與對每股淨值之影響）: (1)減資前－實收資本額：新台幣4,240,563,840元，流通在外股數：424,056,384股， 每股淨值新台幣80.36元。 (2)減資後－實收資本額：新台幣4,240,413,840元，流通在外股數：424,041,384股， 每股淨值新台幣80.36元。 4.預計換股作業計畫:不適用 5.預計減資新股上櫃後之上櫃普通股股數:不適用 6.預計減資新股上櫃後之上櫃普通股股數占已發行普通股比率 （減資後上櫃普通股股數/減資後已發行普通股股數）:不適用 7.前二項預計減資後上櫃普通股股數未達500萬股且未達25%者， 請說明股權流通性偏低之因應措施:不適用 8.其他應敘明事項:無 (1)本公司於110/04/19收到經濟部商業司變更登記核准函。 (2)上述每股淨值係依最近期(109年度)經會計師查核之財務報告計算之。 ",capital_change_candidate,cash_amount_text_hit,,,,,,,,,,,False,candidate_needs_core_review,0,False,False,False,False,False,False,False,True,False,other_capital_change_candidate_requires_review,False,,0,,False,False,False,manual_review_required,,,
3260,威剛,3260|ROC107|P1|C0.2|S0,False,mops_api_t05st01_and_t05st01_detail,https://mops.twse.com.tw/mops/#/web/t05st01,108,10,108/10/28,17:44:58,official_t05st01_announcement_timestamp_if_accepted,2019-10-28 17:44:58,"代重要子公司ADATA TECHNOLOGY (HK) CO., LTD.公告辦理
現金減資事宜",,,ok,"{""companyId"": ""3260"", ""enterDate"": ""1081028"", ""marketKind"": ""otc"", ""serialNumber"": ""1""}","1.董事會決議日期:108/10/28 2.減資緣由:依投審會規範辦理ADATA TECHNOLOGY (HK) CO., LTD.現金減資 退回股款。 3.減資金額:HKD4,908,000 4.消除股份:不適用 5.減資比率:1.08% 6.減資後實收資本額:HKD449,376,284 7.預定股東會日期:NA 8.預計減資新股上櫃後之上櫃普通股股數:不適用 9.預計減資新股上櫃後之上櫃普通股股數及比率（減資後上櫃普通股數A、A/減資後已發 行普通股）:不適用 10.前二項預計減資後上櫃普通股股數未達500萬股且未達25%者，請說明 股權流通性偏低之因應措施:不適用 11.其他應敘明事項:無 ",capital_change_candidate,,,,,,,,,,,,False,candidate_needs_core_review,0,False,False,False,False,False,False,False,True,False,subsidiary_event_not_selected_listed_security,False,,0,,False,False,False,not_applicable_to_selected_listed_security,,,
3260,威剛,3260|ROC107|P1|C0.2|S0,False,mops_api_t05st01_and_t05st01_detail,https://mops.twse.com.tw/mops/#/web/t05st01,108,12,108/12/09,17:31:05,official_t05st01_announcement_timestamp_if_accepted,2019-12-09 17:31:05,"代重要子公司ADATA TECHNOLOGY (HK) CO., LTD.公告辦理
減資完成資本變更登記",,,ok,"{""companyId"": ""3260"", ""enterDate"": ""1081209"", ""marketKind"": ""otc"", ""serialNumber"": ""1""}","1.主管機關核准減資日期:不適用 2.辦理資本變更登記完成日期:108/12/09 3.對財務報告之影響（含實收資本額與流通在外股數之差異與對每股淨值之影響）: (1)減資前實收資本額為HKD454,284,284元，減資後實收資本額為HKD449,376,284元 (2)流通在外股數之差異與對每股淨值之影響：不適用 4.預計換股作業計畫:不適用 5.預計減資新股上櫃後之上櫃普通股股數:不適用 6.預計減資新股上櫃後之上櫃普通股股數占已發行普通股比率 （減資後上櫃普通股股數/減資後已發行普通股股數）:不適用 7.前二項預計減資後上櫃普通股股數未達500萬股且未達25%者， 請說明股權流通性偏低之因應措施:不適用 8.其他應敘明事項:無 ",capital_change_candidate,,,,,,,,,,,,False,candidate_needs_core_review,0,False,False,False,False,False,False,False,True,False,subsidiary_event_not_selected_listed_security,False,,0,,False,False,False,not_applicable_to_selected_listed_security,,,
3661,世芯-KY,3661|ROC109|P1|C6.6|S0,False,mops_api_t05st01_and_t05st01_detail,https://mops.twse.com.tw/mops/#/web/t05st01,110,10,110/10/14,16:19:52,official_t05st01_announcement_timestamp_if_accepted,2021-10-14 16:19:52,公告本公司董事會決議第六次買回庫藏股註銷減資基準日,,,ok,"{""companyId"": ""3661"", ""enterDate"": ""1101014"", ""marketKind"": ""sii"", ""serialNumber"": ""1""}","1.董事會決議日期:110/10/14 2.減資緣由:依據台灣證券交易法第28-2條相關規定，辦理本公司第六次買回庫藏股註銷 股份。 3.減資金額:新台幣4,220,000元。 4.消除股份:422,000股。 5.減資比率:0.60% 6.減資後股本:新台幣703,989,430元。 7.預定股東會日期:不適用。 8.預計減資新股上市後之上市普通股股數:不適用。 9.預計減資新股上市後之上市普通股股數占已發行普通股比率 （減資後上市普通股股數/減資後已發行普通股股數）:不適用。 10.前二項預計減資後上巿普通股股數未達6000萬股且未達25%者， 請說明股權流通性偏低之因應措施:不適用。 11.減資基準日:110年10月14日。 12.其他應敘明事項:無。 ",capital_change_candidate,,,,,,,,,,,,False,candidate_needs_core_review,0,False,False,False,False,False,False,False,True,False,issuer_share_count_change_no_holder_share_conversion,False,,0,,False,False,False,no_holder_share_factor_required_information_only,,,
3661,世芯-KY,3661|ROC109|P1|C6.8|S0,False,mops_api_t05st01_and_t05st01_detail,https://mops.twse.com.tw/mops/#/web/t05st01,110,10,110/10/14,16:19:52,official_t05st01_announcement_timestamp_if_accepted,2021-10-14 16:19:52,公告本公司董事會決議第六次買回庫藏股註銷減資基準日,,,ok,"{""companyId"": ""3661"", ""enterDate"": ""1101014"", ""marketKind"": ""sii"", ""serialNumber"": ""1""}","1.董事會決議日期:110/10/14 2.減資緣由:依據台灣證券交易法第28-2條相關規定，辦理本公司第六次買回庫藏股註銷 股份。 3.減資金額:新台幣4,220,000元。 4.消除股份:422,000股。 5.減資比率:0.60% 6.減資後股本:新台幣703,989,430元。 7.預定股東會日期:不適用。 8.預計減資新股上市後之上市普通股股數:不適用。 9.預計減資新股上市後之上市普通股股數占已發行普通股比率 （減資後上市普通股股數/減資後已發行普通股股數）:不適用。 10.前二項預計減資後上巿普通股股數未達6000萬股且未達25%者， 請說明股權流通性偏低之因應措施:不適用。 11.減資基準日:110年10月14日。 12.其他應敘明事項:無。 ",capital_change_candidate,,,,,,,,,,,,False,candidate_needs_core_review,0,False,False,False,False,False,False,False,True,False,issuer_share_count_change_no_holder_share_conversion,False,,0,,False,False,False,no_holder_share_factor_required_information_only,,,
4971,IET-KY,4971|ROC108|P1|C1|S0,False,mops_api_t05st01_and_t05st01_detail,https://mops.twse.com.tw/mops/#/web/t05st01,109,8,109/08/14,18:11:53,official_t05st01_announcement_timestamp_if_accepted,2020-08-14 18:11:53,公告董事會決議辦理收回已發行之限制員工權利新股註銷減資案,,,ok,"{""companyId"": ""4971"", ""enterDate"": ""1090814"", ""marketKind"": ""otc"", ""serialNumber"": ""2""}","1.董事會決議日期:109/08/14 2.減資緣由:係因原獲配限制員工權利新股之員工離職及退休， 故辦理收回並註銷減資登記。 3.減資金額:144,000 4.消除股份:14,400 5.減資比率:0.039% 6.減資後股本:365,181,430 7.預定股東會日期:NA 8.預計減資新股上櫃後之上櫃普通股股數:不適用 9.預計減資新股上櫃後之上櫃普通股股數占已發行普通股比率 （減資後上櫃普通股股數/減資後已發行普通股):不適用 10.前二項預計減資後上櫃普通股股數未達500萬股且未達25%者，請說明 股權流通性偏低之因應措施:不適用 11.減資基準日:109/08/17 12.其他應敘明事項:本公司截至民國109年8月14日已發行股份總數 為36,532,543股，本次註銷收回已發行限制員工權利新股14,400股， 已發行股份總數現為36,518,143股；減資基準日為民國109年8月17日。 ",capital_change_candidate,cash_amount_text_hit,,,2020-08-17,,,,,,,,False,candidate_needs_core_review,0,False,False,False,False,False,False,False,True,False,issuer_share_count_change_no_holder_share_conversion,False,,0,,False,False,False,no_holder_share_factor_required_information_only,,,
4971,IET-KY,4971|ROC109|P1|C1|S0,False,mops_api_t05st01_and_t05st01_detail,https://mops.twse.com.tw/mops/#/web/t05st01,110,8,110/08/25,18:29:30,official_t05st01_announcement_timestamp_if_accepted,2021-08-25 18:29:30,公告董事會決議辦理收回已發行之限制員工權利新股註銷減資案,,,ok,"{""companyId"": ""4971"", ""enterDate"": ""1100825"", ""marketKind"": ""otc"", ""serialNumber"": ""5""}","1.董事會決議日期:110/08/25 2.減資緣由:係因原獲配限制員工權利新股之員工離職， 故辦理收回並註銷減資登記。 3.減資金額:36,000 4.消除股份:3,600 5.減資比率:0.009% 6.減資後股本:365,145,430 7.預定股東會日期:NA 8.預計減資新股上櫃後之上櫃普通股股數:不適用 9.預計減資新股上櫃後之上櫃普通股股數占已發行普通股比率 （減資後上櫃普通股股數/減資後已發行普通股):不適用 10.前二項預計減資後上櫃普通股股數未達500萬股且未達25%者，請說明 股權流通性偏低之因應措施:不適用 11.減資基準日:110/08/26 12.其他應敘明事項:本公司截至民國110年8月25日已發行股份總數 為36,518,143股，本次註銷收回已發行限制員工權利新股3,600股， 已發行股份總數為36,514,543股；減資基準日為民國110年8月26日。 ",capital_change_candidate,cash_amount_text_hit,,,2021-08-26,,,,,,,,False,candidate_needs_core_review,0,False,False,False,False,False,False,False,True,False,issuer_share_count_change_no_holder_share_conversion,False,,0,,False,False,False,no_holder_share_factor_required_information_only,,,
6121,新普,6121|ROC107|P1|C11.5|S0,False,mops_api_t05st01_and_t05st01_detail,https://mops.twse.com.tw/mops/#/web/t05st01,108,9,108/09/09,14:05:59,official_t05st01_announcement_timestamp_if_accepted,2019-09-09 14:05:59,"代重要子公司SIMPLO TECHNOLOGY (BVI) CO., LTD.
公告董事會決議現金減資相關事宜",,,ok,"{""companyId"": ""6121"", ""enterDate"": ""1080903"", ""marketKind"": ""otc"", ""serialNumber"": ""2""}","1.董事會決議日期:108/09/09 2.減資緣由:為使集團資金能更有效運作 3.減資金額:美金8,311,500元 4.消除股份:8,311,500股 5.減資比率:為5.803% 6.減資後實收資本額:美金134,910,567元 7.預定股東會日期:NA 8.預計減資新股上櫃後之上櫃普通股股數:不適用 9.預計減資新股上櫃後之上櫃普通股股數及比率（減資後上櫃普通股數A、A/減資後已發 行普通股）:不適用 10.前二項預計減資後上櫃普通股股數未達500萬股且未達25%者，請說明 股權流通性偏低之因應措施:不適用 11.其他應敘明事項:無 ",capital_change_candidate,,,,,,,,,,,,False,candidate_needs_core_review,0,False,False,False,False,False,False,False,True,False,subsidiary_event_not_selected_listed_security,False,,0,,False,False,False,not_applicable_to_selected_listed_security,,,
6121,新普,6121|ROC107|P1|C11.5|S0,False,mops_api_t05st01_and_t05st01_detail,https://mops.twse.com.tw/mops/#/web/t05st01,108,9,108/09/09,14:08:01,official_t05st01_announcement_timestamp_if_accepted,2019-09-09 14:08:01,"代重要子公司SIMPLO  HOLDINGS INTERNATIONAL
INCORPORATED公告董事會決議現金減資相關事宜",,,ok,"{""companyId"": ""6121"", ""enterDate"": ""1080903"", ""marketKind"": ""otc"", ""serialNumber"": ""4""}","1.董事會決議日期:108/09/09 2.減資緣由:為使集團資金能更有效運作 3.減資金額:美金2,670,000元 4.消除股份:2,670,000股 5.減資比率:2.062% 6.減資後實收資本額:美金126,810,000元 7.預定股東會日期:NA 8.預計減資新股上櫃後之上櫃普通股股數:不適用 9.預計減資新股上櫃後之上櫃普通股股數及比率（減資後上櫃普通股數A、A/減資後已發 行普通股）:不適用 10.前二項預計減資後上櫃普通股股數未達500萬股且未達25%者，請說明 股權流通性偏低之因應措施:不適用 11.其他應敘明事項:無 ",capital_change_candidate,,,,,,,,,,,,False,candidate_needs_core_review,0,False,False,False,False,False,False,False,True,False,subsidiary_event_not_selected_listed_security,False,,0,,False,False,False,not_applicable_to_selected_listed_security,,,
6121,新普,6121|ROC109|P1|C19.1|S0,False,mops_api_t05st01_and_t05st01_detail,https://mops.twse.com.tw/mops/#/web/t05st01,110,7,110/07/21,13:32:43,official_t05st01_announcement_timestamp_if_accepted,2021-07-21 13:32:43,本公司董事會決議與持股100%之子公司中普科技(股)公司合併案,,,ok,"{""companyId"": ""6121"", ""enterDate"": ""1100721"", ""marketKind"": ""otc"", ""serialNumber"": ""1""}",1.併購種類(如合併、分割、收購或股份受讓): 合併 2.事實發生日:110/7/21 3.參與併購公司名稱(如合併另一方公司、分割新設公司、收購或受讓股份標的公司之 名稱: 新普科技(股)公司及中普科技(股)公司 4.交易相對人(如合併另一方公司、分割讓與他公司、收購或受讓股份之交易對象): 新普科技(股)公司為存續公司；中普科技(股)公司為消滅公司 5.交易相對人為關係人:是 6.交易相對人與公司之關係(本公司轉投資持股達XX%之被投資公司)，並說明選定 收購、受讓他公司股份之對象為關係企業或關係人之原因及是否不影響股東權益: 中普科技(股)公司為本公司持股100%之子公司。為簡化集團投資架構， 依企業併購法第19條與中普科技(股)公司進行合併。合併後，消滅公司 已發行股份均因合併而抵銷，不發生合併換股，故不影響股東權益。 7.併購目的: 簡化集團投資架構及資源整合 8.併購後預計產生之效益: 簡化集團投資架構及資源整合 9.併購對每股淨值及每股盈餘之影響: 本公司與本公司持股100%之子公司中普科技(股)公司進行合併， 不影響每股淨值及每股盈餘。 10.併購後續處理方式，包括支付併購對價之時間及方法等: 不適用 11.併購之對價種類及資金來源: 不適用 12.換股比例及其計算依據: 不適用 13.本次交易會計師、律師或證券承銷商出具非合理性意見:不適用 14.會計師或律師事務所名稱或證券承銷商公司名稱: 不適用 15.會計師或律師姓名: 不適用 16.會計師或律師開業證書字號: 不適用 17.獨立專家就本次併購換股比例、配發股東之現金或其他財產之合理性意見書內容 (一、包含公開收購價格訂定所採用之方法、原則或計算方式及與國際慣用之市價法 、成本法及現金流量折現法之比較。二、被收購公司與已上市櫃同業之財務狀況 、獲利情形及本益比之比較情形。三、公開收購價格若參考鑑價機構之鑑價報告者 ，應說明該鑑價報告內容及結論。四、收購人融資償還計畫若係以被收購公司或合 併後存續公司之資產或股份為擔保者，應說明對被收購公司或合併後存續公司財務 業務健全性之影響評估): 不適用 18,capital_change_candidate,,,,,,,,,,,換股比例及其計算依據:,False,candidate_needs_core_review,0,False,False,False,False,False,False,False,True,False,listed_holder_split_candidate_requires_review,True,,0,,False,False,False,holder_scale_candidate_no_selected_path_date_overlap,,,
6143,振曜,6143|ROC109|P1|C2|S0,False,mops_api_t05st01_and_t05st01_detail,https://mops.twse.com.tw/mops/#/web/t05st01,110,7,110/07/30,13:48:00,official_t05st01_announcement_timestamp_if_accepted,2021-07-30 13:48:00,"代重要子公司東荃科技股份有限公司公告
訂定股份轉換基準日",,,ok,"{""companyId"": ""6143"", ""enterDate"": ""1100730"", ""marketKind"": ""otc"", ""serialNumber"": ""1""}",1.事實發生日:110/07/30 2.公司名稱:東荃科技股份有限公司 3.與公司關係(請輸入本公司或子公司):子公司 4.相互持股比例:不適用 5.發生緣由:子公司東荃科技股份有限公司於民國110年5月13日股東常會決議通過 與沛亨半導體股份有限公司之股份轉換案，本案業於民國110年7月28日取得財團 法人中華民國證券櫃檯買賣中心之核准通過，擬訂定民國110年8月31日為股份轉 換基準日，股份轉換完成後，東荃科技股份有限公司將調整為沛亨半導體股份有 限公司100%持股之子公司。 6.因應措施:無。 7.其他應敘明事項:無。 ,capital_change_candidate,cash_amount_text_hit,,,,,,,,,,,False,candidate_needs_core_review,0,False,False,False,False,False,False,False,True,False,subsidiary_event_not_selected_listed_security,False,,0,,False,False,False,not_applicable_to_selected_listed_security,,,
8163,達方,8163|ROC108|P1|C2.3|S0,False,mops_api_t05st01_and_t05st01_detail,https://mops.twse.com.tw/mops/#/web/t05st01,109,3,109/03/06,16:17:53,official_t05st01_announcement_timestamp_if_accepted,2020-03-06 16:17:53,代重要子公司納閩馬來西亞達方有限公司公告減資變更登記完成,,,ok,"{""companyId"": ""8163"", ""enterDate"": ""1090306"", ""marketKind"": ""sii"", ""serialNumber"": ""1""}","1.主管機關核准減資日期:109/02/11 2.辦理資本變更登記完成日期:109/02/11 3.對財務報告之影響（含實收資本額與流通在外股數之差異與對每股淨值之影響）: (1)實收資本額由88,239,058美元減少至74,589,058美元 (2)流通在外股數之差異與對每股淨值之影響：不適用 4.預計換股作業計畫:不適用 5.預計減資新股上市後之上市普通股股數:不適用 6.預計減資新股上市後之上市普通股股數占已發行普通股比率 （減資後上市普通股股數/減資後已發行普通股股數）:不適用 7.前二項預計減資後上巿普通股股數未達6000萬股且未達25%者，請說明股權流通性偏低 之因應措施:不適用 8.其他應敘明事項:重要子公司於109/03/06接獲主管機關核准減資變更登記核准函 ",capital_change_candidate,,,,,,,,,,,,False,candidate_needs_core_review,0,False,False,False,False,False,False,False,True,False,subsidiary_event_not_selected_listed_security,False,,0,,False,False,False,not_applicable_to_selected_listed_security,,,
8433,弘帆,8433|ROC108|P1|C2|S0,False,mops_api_t05st01_and_t05st01_detail,https://mops.twse.com.tw/mops/#/web/t05st01,109,6,109/06/09,14:26:27,official_t05st01_announcement_timestamp_if_accepted,2020-06-09 14:26:27,補公告本公司註銷庫藏股辦理減資變更登記完成,,,ok,"{""companyId"": ""8433"", ""enterDate"": ""1090609"", ""marketKind"": ""otc"", ""serialNumber"": ""1""}","1.主管機關核准減資日期:109/04/22 2.辦理資本變更登記完成日期:109/04/22 3.對財務報告之影響（含實收資本額與流通在外股數之差異與對每股淨值之影響）: 實收資本額(元) 流通在外股數(股) 每股淨值(元) 減資前 525,776,000 52,577,600 26.35 減資後 520,816,000 52,081,600 26.60 4.預計換股作業計畫:不適用 5.預計減資新股上櫃後之上櫃普通股股數:不適用 6.預計減資新股上櫃後之上櫃普通股股數占已發行普通股比率 （減資後上櫃普通股股數/減資後已發行普通股股數）:不適用 7.前二項預計減資後上櫃普通股股數未達500萬股且未達25%者， 請說明股權流通性偏低之因應措施:不適用 8.其他應敘明事項:本公司於109年4月23日接獲經濟部商業司之變更登記核准函。 ",capital_change_candidate,cash_amount_text_hit,,,,,,,,,,,False,candidate_needs_core_review,0,False,False,False,False,False,False,False,True,False,issuer_share_count_change_no_holder_share_conversion,False,,0,,False,False,False,no_holder_share_factor_required_information_only,,,
8478,東哥遊艇,8478|ROC107|P1|C2|S0,False,mops_api_t05st01_and_t05st01_detail,https://mops.twse.com.tw/mops/#/web/t05st01,108,6,108/06/05,15:04:15,official_t05st01_announcement_timestamp_if_accepted,2019-06-05 15:04:15,"公告本公司決議收回未達既得條件之限制
員工權利新股註銷減資基準日。",,,ok,"{""companyId"": ""8478"", ""enterDate"": ""1080604"", ""marketKind"": ""sii"", ""serialNumber"": ""2""}","1.董事會決議日期:108/06/05 2.減資緣由:因原獲配限制員工權利新股之員工未達既得條件，擬將收回之限制員工 權利新股辦理註銷減資。 3.減資金額:新台幣110,000元 4.消除股份:11,000股 5.減資比率:0.0121% 6.減資後股本:新台幣909,082,760元 7.預定股東會日期:不適用 8.預計減資新股上市後之上市普通股股數:不適用 9.預計減資新股上市後之上市普通股股數占已發行普通股比率 （減資後上市普通股股數/減資後已發行普通股股數）:不適用 10.前二項預計減資後上巿普通股股數未達6000萬股且未達25%者， 請說明股權流通性偏低之因應措施:不適用 11.其他應敘明事項:本公司董事會決議： 減資基準日為108年06月05日 ",capital_change_candidate,cash_amount_text_hit,,,,,,,,,,,False,candidate_needs_core_review,0,False,False,False,False,False,False,False,True,False,issuer_share_count_change_no_holder_share_conversion,False,,0,,False,False,False,no_holder_share_factor_required_information_only,,,
8478,東哥遊艇,8478|ROC107|P1|C2|S0,False,mops_api_t05st01_and_t05st01_detail,https://mops.twse.com.tw/mops/#/web/t05st01,108,11,108/11/11,16:27:15,official_t05st01_announcement_timestamp_if_accepted,2019-11-11 16:27:15,"公告本公司決議收回未達既得條件之限制
員工權利新股註銷減資事宜",,,ok,"{""companyId"": ""8478"", ""enterDate"": ""1081111"", ""marketKind"": ""sii"", ""serialNumber"": ""1""}","1.董事會決議日期:108/11/11 2.減資緣由:因原獲配限制員工權利新股之員工未達既得條件，擬將收回之限制員工 權利新股辦理註銷減資。 3.減資金額:新台幣150,000元 4.消除股份:15,000股 5.減資比率:0.0165% 6.減資後股本:新台幣908,932,760元 7.預定股東會日期:不適用 8.預計減資新股上市後之上市普通股股數:不適用 9.預計減資新股上市後之上市普通股股數占已發行普通股比率 （減資後上市普通股股數/減資後已發行普通股股數）:不適用 10.前二項預計減資後上巿普通股股數未達6000萬股且未達25%者， 請說明股權流通性偏低之因應措施:不適用 11.其他應敘明事項:本公司董事會決議： 減資基準日為108年11月11日 ",capital_change_candidate,cash_amount_text_hit,,,,,,,,,,,False,candidate_needs_core_review,0,False,False,False,False,False,False,False,True,False,issuer_share_count_change_no_holder_share_conversion,False,,0,,False,False,False,no_holder_share_factor_required_information_only,,,
8478,東哥遊艇,8478|ROC109|P1|C1|S0,False,mops_api_t05st01_and_t05st01_detail,https://mops.twse.com.tw/mops/#/web/t05st01,110,8,110/08/09,16:22:38,official_t05st01_announcement_timestamp_if_accepted,2021-08-09 16:22:38,"代孫公司Merritt Island Boat Works, Inc.公告減資事宜",,,ok,"{""companyId"": ""8478"", ""enterDate"": ""1100804"", ""marketKind"": ""sii"", ""serialNumber"": ""1""}","1.董事會決議日期:110/08/09 2.減資緣由:提高美國孫公司週轉金之有效使用率 3.減資金額:美金1,000,000元 4.消除股份:不適用 5.減資比率:2.19% 6.減資後股本:美金44,750,376元 7.預定股東會日期:不適用 8.預計減資新股上市後之上市普通股股數:不適用 9.預計減資新股上市後之上市普通股股數占已發行普通股比率 （減資後上市普通股股數/減資後已發行普通股股數）:不適用 10.前二項預計減資後上巿普通股股數未達6000萬股且未達25%者， 請說明股權流通性偏低之因應措施:不適用 11.減資基準日:不適用 12.其他應敘明事項:無 ",capital_change_candidate,cash_amount_text_hit,,,,,,,,,,,False,candidate_needs_core_review,0,False,False,False,False,False,False,False,True,False,other_capital_change_candidate_requires_review,False,,0,,False,False,False,manual_review_required,,,
8478,東哥遊艇,8478|ROC109|P1|C1|S0,False,mops_api_t05st01_and_t05st01_detail,https://mops.twse.com.tw/mops/#/web/t05st01,110,11,110/11/08,15:03:19,official_t05st01_announcement_timestamp_if_accepted,2021-11-08 15:03:19,公告本公司董事會決議第四次買回庫藏股註銷減資基準日,,,ok,"{""companyId"": ""8478"", ""enterDate"": ""1101102"", ""marketKind"": ""sii"", ""serialNumber"": ""2""}","1.董事會決議日期:110/11/08 2.減資緣由:依據證券交易法第廿八條之二規定，註銷本公司買回庫藏股。 3.減資金額:新台幣20,000,000元 4.消除股份:2,000,000股 5.減資比率:2.2006% 6.減資後股本:新台幣888,862,760元 7.預定股東會日期:不適用 8.預計減資新股上市後之上市普通股股數:不適用 9.預計減資新股上市後之上市普通股股數占已發行普通股比率 （減資後上市普通股股數/減資後已發行普通股股數）:不適用 10.前二項預計減資後上巿普通股股數未達6000萬股且未達25%者， 請說明股權流通性偏低之因應措施:不適用 11.減資基準日:民國110年11月08日 12.其他應敘明事項:無 ",capital_change_candidate,cash_amount_text_hit,,,,,,,,,,,False,candidate_needs_core_review,0,False,False,False,False,False,False,False,True,False,issuer_share_count_change_no_holder_share_conversion,False,,0,,False,False,False,no_holder_share_factor_required_information_only,,,
8478,東哥遊艇,8478|ROC109|P1|C1|S0,False,mops_api_t05st01_and_t05st01_detail,https://mops.twse.com.tw/mops/#/web/t05st01,110,11,110/11/30,18:26:57,official_t05st01_announcement_timestamp_if_accepted,2021-11-30 18:26:57,公告本公司辦理庫藏股註銷減資變更登記完成,,,ok,"{""companyId"": ""8478"", ""enterDate"": ""1101130"", ""marketKind"": ""sii"", ""serialNumber"": ""1""}","1.主管機關核准減資日期:110/11/29 2.辦理資本變更登記完成日期:110/11/29 3.對財務報告之影響（含實收資本額與流通在外股數之差異與對每股淨值之影響）: (1)庫藏股股份註銷減資前:本公司實收資本額為新台幣908,862,760元， 流通在外股數為90,886,276股，每股淨值為新台幣30.60元。 (2)庫藏股股份註銷減資後:本公司實收資本額為新台幣888,862,760元， 流通在外股數為88,886,276股，每股淨值為新台幣31.29元。 註:庫藏股註銷股數2,000,000股；每股淨值以110年第三季經會計師核閱之 財務報表為計算依據。 4.預計換股作業計畫:不適用 5.預計減資新股上市後之上市普通股股數:不適用 6.預計減資新股上市後之上市普通股股數占已發行普通股比率 （減資後上市普通股股數/減資後已發行普通股股數）:不適用 7.前二項預計減資後上巿普通股股數未達6000萬股且未達25%者，請說明股權流通性偏低 之因應措施:不適用 8.其他應敘明事項:本公司於110年11月30日接獲經濟部之變更登記核准函 ",capital_change_candidate,cash_amount_text_hit,,,,,,,,,,,False,candidate_needs_core_review,0,False,False,False,False,False,False,False,True,False,issuer_share_count_change_no_holder_share_conversion,False,,0,,False,False,False,no_holder_share_factor_required_information_only,,,
2388,威盛,,,mops_api_t05st01_and_t05st01_detail,https://mops.twse.com.tw/mops/#/web/t05st01,,,112/11/07,15:05:01,,2023-11-07 15:05:01,"公告本公司董事會決議員工認股權憑證轉換普通股之
增資基準日",,,ok,"{""companyId"": ""2388"", ""enterDate"": ""1121103"", ""marketKind"": ""sii"", ""serialNumber"": ""2""}","1.董事會決議日期:112/11/07 2.增資資金來源:員工認股權憑證執行轉換普通股 3.是否採總括申報發行新股(是，請併敘明預定發行期間/否):否 4.全案發行總金額及股數(如屬盈餘或公積轉增資，發行股數則不含配發給員工部分): 不適用 5.採總括申報發行新股案件，本次發行金額及股數:不適用 6.採總括申報發行新股案件，本次發行後，剩餘之金額及股數餘額:不適用 7.每股面額:新台幣10元 8.發行價格:每股認購價格新台幣24.5元、34.0元及17.7元 9.員工認購股數或配發金額:739,500股 10.公開銷售股數:不適用 11.原股東認購或無償配發比例:不適用 12.畸零股及逾期未認購股份之處理方式:不適用 13.本次發行新股之權利義務:與原發行普通股相同 14.本次增資資金用途:吸引及留任公司所需人才 15.其他應敘明事項:增資發行新股之基準日為112年11月07日 ",capital_change,,,,,,,,,,,,,,0,False,False,False,False,False,False,False,True,False,,,,,,,,,,112/11,official_mops_material_information,
3037,欣興,,,mops_api_t05st01_and_t05st01_detail,https://mops.twse.com.tw/mops/#/web/t05st01,,,115/01/30,17:16:34,,2026-01-30 17:16:34,"公告本公司董事會決議辦理限制員工權利新股收回
註銷減資事宜",,,ok,"{""companyId"": ""3037"", ""enterDate"": ""1150130"", ""marketKind"": ""sii"", ""serialNumber"": ""2""}","1.董事會決議日期:115/01/30 2.減資緣由: 因原獲配限制員工權利新股之員工未達既得條件， 將收回之限制員工權利新股辦理註銷減資。 3.減資金額:新台幣690,000元 4.消除股份:69,000股 5.減資比率:0.004% 6.減資後股本:新台幣15,755,311,970元 7.預定股東會日期:不適用 8.預計減資新股上市後之上市普通股股數:不適用 9.預計減資新股上市後之上市普通股股數占已發行普通股比率 （減資後上市普通股股數/減資後已發行普通股股數）:不適用 10.前二項預計減資後上巿普通股股數未達6000萬股且未達25%者， 請說明股權流通性偏低之因應措施:不適用 11.減資基準日:115/02/01 12.其他應敘明事項:無 ",capital_change,,,,2026-02-01,,,,,,,,,,0,False,False,False,False,False,False,False,True,False,,,,,,,,,,115/01,official_mops_material_information,
3105,穩懋,,,mops_api_t05st01_and_t05st01_detail,https://mops.twse.com.tw/mops/#/web/t05st01,,,114/12/17,18:10:38,,2025-12-17 18:10:38,"代重要子公司Chainwin Biotech and Agrotech
(Cayman Islands) Co. Ltd.公告董事會決議
減資暨資本公積彌補虧損",,,ok,"{""companyId"": ""3105"", ""enterDate"": ""1141216"", ""marketKind"": ""otc"", ""serialNumber"": ""2""}","1.董事會決議日期:114/12/17 2.減資緣由:彌補虧損 3.減資金額:USD147,000,000 4.消除股份:147,000,000股，每股面額美金1元 5.減資比率:64.52% 6.減資後股本:USD80,825,000 7.預定股東會日期:NA 8.預計減資新股上櫃後之上櫃普通股股數:不適用 9.預計減資新股上櫃後之上櫃普通股股數占已發行普通股比率 （減資後上櫃普通股股數/減資後已發行普通股):不適用 10.前二項預計減資後上櫃普通股股數未達500萬股且未達25%者，請說明 股權流通性偏低之因應措施:不適用 11.減資基準日:擬提股東會通過後，授權董事長訂定基準日 12.其他應敘明事項: 1.以資本公積彌補虧損 USD213,305,800元 2.以註銷股本彌補虧損 USD147,000,000元 3.共計彌補虧損 USD360,305,800元 4.預定股東會日期:待另召開董事會決議 ",capital_change,,,,,,,,,,,,,,0,False,False,False,False,False,False,False,True,False,,,,,,,,,,114/12,official_mops_material_information,
3324,雙鴻,,,mops_api_t05st01_and_t05st01_detail,https://mops.twse.com.tw/mops/#/web/t05st01,,,105/03/16,18:01:20,,2016-03-16 18:01:20,公告本公司員工認股權憑證105年第1季轉換普通股增資基準日,,,ok,"{""companyId"": ""3324"", ""enterDate"": ""1050316"", ""marketKind"": ""otc"", ""serialNumber"": ""5""}","1.董事會決議日期:105/03/16 2.增資資金來源:員工認股權憑證執行轉換 3.發行股數(如屬盈餘轉增資，則不含配發給員工部份):170,000股 4.每股面額:新台幣10元 5.發行總金額:1,700,000元 6.發行價格:每股認購價格為新台幣22.1元 7.員工認購股數或配發金額:170,000股 8.公開銷售股數:不適用 9.原股東認購或無償配發比例(請註明暫定每仟股認購或配發股數):不適用 10.畸零股及逾期未認購股份之處理方式:不適用 11.本次發行新股之權利義務:與原發行普通股相同 12.本次增資資金用途:本次增資目的為吸引及留任公司所需之優秀專業 人才，並激勵員工，提升員工向心力。 13.其他應敘明事項: 一、本次員工認股權憑證轉換新股之增資基準日訂為民國105年3月15日。 二、變更後公司實收股本為新台幣713,062,450元，計71,306,245股。 ",capital_change,,,,,,,,,,,,,,0,False,False,False,False,False,False,False,True,False,,,,,,,,,,105/03,official_mops_material_information,
2316,楠梓電,2316|ROC107|P1|C1|S0,False,mops_api_t05st01_and_t05st01_detail,https://mops.twse.com.tw/mops/#/web/t05st01,108,06,108/06/18,17:36:54,official_t05st01_announcement_timestamp_if_accepted,2019-06-18 17:36:54,本公司辦理現金減資致債權人公告,,,ok,"{""companyId"": ""2316"", ""enterDate"": ""1080618"", ""marketKind"": ""sii"", ""serialNumber"": ""2""}","1.事實發生日:108/06/18 2.公司名稱:楠梓電子股份有限公司 3.與公司關係(請輸入本公司或子公司):本公司 4.相互持股比例:不適用 5.發生緣由:本公司業經108年6月18日股東常會決議通過辦理現金減資。 6.因應措施: (1)本公司業經108年6月18日股東常會決議通過，為調整資本結構及提升股東權益，辦 理現金減資退還股東股款。 (2)現金減資金額為新台幣225,605,600元整，銷除股份22,560,560股，減資比例約為 10%，惟減資後實收資本額、實際減資比率，以減資換發股票基準日之已發行總股數 計算之。 (3)本次現金減資案經主管機關申報生效後，授權董事會另訂減資基準日與減資換發股 票基準日等相關事宜。 (4)上述依公司法第281條準用同法第73條、第74條規定辦理。 (5)本公司債權人對此次現金減資案如有異議者，請自公告日(民國108年6月18日)起至 108年7月19日止以書面方式提出，逾期未表示者即視為無異議，特此公告。 7.其他應敘明事項:無。 ",capital_change,cash_amount_text_hit,,,,,,,,,,減資比例約為,False,candidate_needs_core_review,0,False,False,False,False,False,False,False,True,False,,,,,,,,,,,,prior_bounded_candidate_window_official_mops_cache
2316,楠梓電,2316|ROC107|P1|C1|S0,False,mops_api_t05st01_and_t05st01_detail,https://mops.twse.com.tw/mops/#/web/t05st01,108,08,108/08/09,17:08:07,official_t05st01_announcement_timestamp_if_accepted,2019-08-09 17:08:07,"公告本公司董事會訂定現金減資基準日、減資換股基準日
及減資換發股票作業計畫等相關事宜",,,ok,"{""companyId"": ""2316"", ""enterDate"": ""1080806"", ""marketKind"": ""sii"", ""serialNumber"": ""1""}","1.董事會決議日期:108/08/09 2.減資基準日:108/08/14 3.減資換發股票作業計畫: 一、本公司為辦理民國一○八年現金減資換發股票，茲依據本公司章程、「臺灣證券 交易所股份有限公司營業細則」暨「臺灣證券交易所股份有限公司換發有價證券 作業程序」之規定，訂定本作業計劃。 二、本公司經一○八年股東常會決議通過減少實收資本額新台幣225,605,600元，銷除 已發行普通股股份22,560,560股，業經金融監督管理委員會108年7月25日金管證 發字第1080323228號函申報生效在案。 三、本次減資相關明細如下： (1)本次應換發之股票及金額：已發行普通股225,605,600股，每股面額新台幣壹 拾元，共計新台幣2,256,056,000元。 (2)減資股份總數及金額：本次減少資本新台幣225,605,600元，銷除已發行普通 股股份22,560,560股。 (3)減資後換發股份總數及金額：減資後換發股份總數計203,045,040股，每股面 額新台幣壹拾元整，減資後換發金額新台幣2,030,450,400元。 (4)本次現金減資銷除股份換發新股票，依「減資換發新股票基準日」股東名簿記 載各股東持有股份分別計算，普通股股東每股可退還新臺幣1元，每仟股換發 900股（即每仟股減少100股）；減資後換發不足壹股之畸零股，股東得自減資 換股停止過戶日前5日內向本公司股務代理機構辦理合併湊成整股之登記，未 拼湊或拼湊後仍不足一股者，依面額計算折付現金，計算至元為止(元以下捨 去)，並授權董事長洽特定人認面額認購。 四、減資換股相關日期如下： (1)舊股票最後過戶日：108年09月29日。 (2)舊股票停止過戶期間：108年09月30日起至108年10月4日止。 (3)減資換發股票基準日：108年10月4日。 (4)舊股票停止在市場買賣日期：自108年09月26日起至108年10月4日止。 (5)新股票上市暨舊股票停止流通日期：108年10月7日。 (6)現金減資退還股款發放日期：108年10月7日。 五、本次換發之新股採無實體發行，其權利義務與原發行股份相同",capital_change,cash_amount_text_hit,,2019-10-07,2019-08-14,,2019-09-30,2019-10-04,2019-10-04,2019-10-07,,每仟股換發,False,candidate_needs_core_review,0,False,False,False,False,False,False,False,True,False,,,,,,,,,,,,prior_bounded_candidate_window_official_mops_cache
2316,楠梓電,2316|ROC107|P1|C1|S0,False,mops_api_t05st01_and_t05st01_detail,https://mops.twse.com.tw/mops/#/web/t05st01,108,08,108/08/22,15:48:38,official_t05st01_announcement_timestamp_if_accepted,2019-08-22 15:48:38,公告本公司辦理現金減資完成資本額變更登記,,,ok,"{""companyId"": ""2316"", ""enterDate"": ""1080822"", ""marketKind"": ""sii"", ""serialNumber"": ""2""}","1.主管機關核准減資日期:108/07/25 2.辦理資本變更登記完成日期:108/08/22 3.對財務報告之影響（含實收資本額與流通在外股數之差異與對每股淨值之影響）: 實收資本額(元) 流通在外股數(股) 每股淨值(元) 減資前 2,256,056,000 225,605,600 32.83 減資後 2,030,450,400 203,045,040 36.48 註：每股淨值係以108年第2季經會計師核閱之財務報表為設算依據。 4.預計換股作業計畫: 一、本公司為辦理民國一○八年現金減資換發股票，茲依據本公司章程、「臺灣證券 交易所股份有限公司營業細則」暨「臺灣證券交易所股份有限公司換發有價證券 作業程序」之規定，訂定本作業計劃。 二、本公司經一○八年股東常會決議通過減少實收資本額新台幣225,605,600元，銷除 已發行普通股股份22,560,560股，業經金融監督管理委員會108年7月25日金管證 發字第1080323228號函申報生效在案。 三、本次減資相關明細如下： (1)本次應換發之股票及金額：已發行普通股225,605,600股，每股面額新台幣壹 拾元，共計新台幣2,256,056,000元。 (2)減資股份總數及金額：本次減少資本新台幣225,605,600元，銷除已發行普通 股股份22,560,560股。 (3)減資後換發股份總數及金額：減資後換發股份總數計203,045,040股，每股面 額新台幣壹拾元整，減資後換發金額新台幣2,030,450,400元。 (4)本次現金減資銷除股份換發新股票，依「減資換發新股票基準日」股東名簿記 載各股東持有股份分別計算，普通股股東每股可退還新臺幣1元，每仟股換發 900股（即每仟股減少100股）；減資後換發不足壹股之畸零股，股東得自減資 換股停止過戶日前5日內向本公司股務代理機構辦理合併湊成整股之登記，未 拼湊或拼湊後仍不足一股者，依面額計算折付現金，計算至元為止(元以下捨 去)，並授權董事長洽特定人認面額認購。 四、減資換股相關日期如下： (1)舊股票最後過戶日：108年09月29日。 (2)舊股票停止過",capital_change,cash_amount_text_hit,,,,,,,,,,每仟股換發,False,candidate_needs_core_review,0,False,False,False,False,False,False,False,True,False,,,,,,,,,,,,prior_bounded_candidate_window_official_mops_cache
2316,楠梓電,2316|ROC108|P1|C0.5|S0,False,mops_api_t05st01_and_t05st01_detail,https://mops.twse.com.tw/mops/#/web/t05st01,109,06,109/06/16,16:55:49,official_t05st01_announcement_timestamp_if_accepted,2020-06-16 16:55:49,本公司辦理現金減資致債權人公告,,,ok,"{""companyId"": ""2316"", ""enterDate"": ""1090616"", ""marketKind"": ""sii"", ""serialNumber"": ""6""}","1.事實發生日:109/06/16 2.公司名稱:楠梓電子股份有限公司 3.與公司關係(請輸入本公司或子公司):本公司 4.相互持股比例:不適用 5.發生緣由:本公司業經109年6月16日股東常會決議通過辦理現金減資。 6.因應措施: (1)本公司業經109年6月16日股東常會決議通過，為調整資本結構及提升股東權益，辦 理現金減資退還股東股款。 (2)現金減資金額為新台幣203,045,040元整，銷除股份20,304,504股，減資比例約為 10%，惟減資後實收資本額、實際減資比率，以減資換發股票基準日之已發行總股數 計算之。 (3)本次現金減資案經主管機關申報生效後，授權董事會另訂減資基準日與減資換發股 票基準日等相關事宜。 (4)上述依公司法第281條準用同法第73條、第74條規定辦理。 (5)本公司債權人對此次現金減資案如有異議者，請自公告日(民國109年6月16日)起至 109年7月17日止以書面方式提出，逾期未表示者即視為無異議，特此公告。 7.其他應敘明事項:無。 ",capital_change,,,,,,,,,,,減資比例約為,False,candidate_needs_core_review,0,False,False,False,False,False,False,False,True,False,,,,,,,,,,,,prior_bounded_candidate_window_official_mops_cache
2316,楠梓電,2316|ROC108|P1|C0.5|S0,False,mops_api_t05st01_and_t05st01_detail,https://mops.twse.com.tw/mops/#/web/t05st01,109,08,109/08/10,17:06:12,official_t05st01_announcement_timestamp_if_accepted,2020-08-10 17:06:12,"公告本公司董事會訂定現金減資基準日、減資換股基準日
及減資換發股票作業計畫等相關事宜",,,ok,"{""companyId"": ""2316"", ""enterDate"": ""1090807"", ""marketKind"": ""sii"", ""serialNumber"": ""1""}","1.董事會決議日期:109/08/10 2.減資基準日:109/08/14 3.減資換發股票作業計畫: 一、本公司為辦理民國一○九年現金減資換發股票，茲依據本公司章程、「臺灣證券 交易所股份有限公司營業細則」暨「臺灣證券交易所股份有限公司換發有價證券 作業程序」之規定，訂定本作業計劃。 二、本公司經一○九年股東常會決議通過減少實收資本額新台幣203,045,040元，銷除 已發行普通股股份20,304,504股，業經金融監督管理委員會109年7月30日金管證 發字第1090350375號函申報生效在案。 三、本次減資相關明細如下： (1)本次應換發之股票及金額：已發行普通股203,045,040股，每股面額新台幣壹 拾元，共計新台幣2,030,450,400元。 (2)減資股份總數及金額：本次減少資本新台幣203,045,040元，銷除已發行普通 股股份20,304,504股。 (3)減資後換發股份總數及金額：減資後換發股份總數計182,740,536股，每股面 額新台幣壹拾元整，減資後換發金額新台幣1,827,405,360元。 (4)本次現金減資銷除股份換發新股票，依「減資換發新股票基準日」股東名簿記 載各股東持有股份分別計算，普通股股東每股可退還新臺幣1元，每仟股換發 900股（即每仟股減少100股）；減資後換發不足壹股之畸零股，股東得自減資 換股停止過戶日前5日內向本公司股務代理機構辦理合併湊成整股之登記，未 拼湊或拼湊後仍不足一股者，依面額計算折付現金，計算至元為止(元以下捨 去)，並授權董事長洽特定人認面額認購。 四、減資換股相關日期如下： (1)舊股票最後過戶日：109年09月25日。 (2)舊股票停止過戶期間：109年09月26日起至109年09月30日止。 (3)減資換發股票基準日：109年09月30日。 (4)舊股票停止在市場買賣日期：自109年09月24日起至109年09月30日止。 (5)新股票上市暨舊股票停止流通日期：109年10月5日。 (6)現金減資退還股款發放日期：109年10月5日。 五、本次換發之新股採無實體發行，其權利義務與原發行股",capital_change,,,2020-10-05,2020-08-14,,2020-09-26,2020-09-30,2020-09-30,2020-10-05,,每仟股換發,False,candidate_needs_core_review,0,False,False,False,False,False,False,False,True,False,,,,,,,,,,,,prior_bounded_candidate_window_official_mops_cache
2316,楠梓電,2316|ROC108|P1|C0.5|S0,False,mops_api_t05st01_and_t05st01_detail,https://mops.twse.com.tw/mops/#/web/t05st01,109,08,109/08/25,17:09:41,official_t05st01_announcement_timestamp_if_accepted,2020-08-25 17:09:41,公告本公司辦理現金減資完成資本額變更登記,,,ok,"{""companyId"": ""2316"", ""enterDate"": ""1090825"", ""marketKind"": ""sii"", ""serialNumber"": ""2""}","1.主管機關核准減資日期:109/07/30 2.辦理資本變更登記完成日期:109/08/25 3.對財務報告之影響（含實收資本額與流通在外股數之差異與對每股淨值之影響）: 實收資本額(元) 流通在外股數(股) 每股淨值(元) 減資前 2,030,450,400 203,045,040 35.48 減資後 1,827,405,360 182,740,536 39.42 註：每股淨值係以109年第2季經會計師核閱之財務報表為設算依據。 4.預計換股作業計畫: 一、本公司為辦理民國一○九年現金減資換發股票，茲依據本公司章程、「臺灣證券 交易所股份有限公司營業細則」暨「臺灣證券交易所股份有限公司換發有價證券 作業程序」之規定，訂定本作業計劃。 二、本公司經一○九年股東常會決議通過減少實收資本額新台幣203,045,040元，銷除 已發行普通股股份20,304,504股，業經金融監督管理委員會109年7月30日金管證 發字第1090350375號函申報生效在案。 三、本次減資相關明細如下： (1)本次應換發之股票及金額：已發行普通股203,045,040股，每股面額新台幣壹 拾元，共計新台幣2,030,450,400元。 (2)減資股份總數及金額：本次減少資本新台幣203,045,040元，銷除已發行普通 股股份20,304,504股。 (3)減資後換發股份總數及金額：減資後換發股份總數計182,740,536股，每股面 額新台幣壹拾元整，減資後換發金額新台幣1,827,405,360元。 (4)本次現金減資銷除股份換發新股票，依「減資換發新股票基準日」股東名簿記 載各股東持有股份分別計算，普通股股東每股可退還新臺幣1元，每仟股換發 900股（即每仟股減少100股）；減資後換發不足壹股之畸零股，股東得自減資 換股停止過戶日前5日內向本公司股務代理機構辦理合併湊成整股之登記，未 拼湊或拼湊後仍不足一股者，依面額計算折付現金，計算至元為止(元以下捨 去)，並授權董事長洽特定人認面額認購。 四、減資換股相關日期如下： (1)舊股票最後過戶日：109年09月25日。 (2)舊股票停止過",capital_change,,,,,,,,,,,每仟股換發,False,candidate_needs_core_review,0,False,False,False,False,False,False,False,True,False,,,,,,,,,,,,prior_bounded_candidate_window_official_mops_cache
2317,鴻海,2317|ROC108|P1|C4.2|S0,False,mops_api_t05st01_and_t05st01_detail,https://mops.twse.com.tw/mops/#/web/t05st01,109,07,109/07/21,17:52:19,official_t05st01_announcement_timestamp_if_accepted,2020-07-21 17:52:19,代子公司佛山普立華科技有限公司公告其董事會決議分割事宜,,,ok,"{""companyId"": ""2317"", ""enterDate"": ""1090721"", ""marketKind"": ""sii"", ""serialNumber"": ""1""}",1.併購種類(如合併、分割、收購或股份受讓): 分割 2.事實發生日:109/7/21 3.參與併購公司名稱(如合併另一方公司、分割新設公司、收購或受讓股份標的公司之 名稱: 被分割公司：佛山普立華科技有限公司(下稱「佛山普立華」)； 分割後新設公司：佛山市普立達科技有限公司(下稱「佛山普立達」) 4.交易相對人(如合併另一方公司、分割讓與他公司、收購或受讓股份之交易對象): 佛山市普立達科技有限公司 5.交易相對人為關係人:是 6.交易相對人與公司之關係(本公司轉投資持股達XX%之被投資公司)，並說明選定 收購、受讓他公司股份之對象為關係企業或關係人之原因及是否不影響股東權益: 分割後新設公司佛山普立達與被分割公司佛山普立華之股東結構相同，不影響原股東權益 7.併購目的: 公司經營需要，優化資源配置 8.併購後預計產生之效益: 提升公司經濟效益 9.併購對每股淨值及每股盈餘之影響: 不適用 10.併購後續處理方式，包括支付併購對價之時間及方法等: 不適用 11.併購之對價種類及資金來源: 不適用 12.換股比例及其計算依據: 不適用 13.本次交易會計師、律師或證券承銷商出具非合理性意見:否 14.會計師或律師事務所名稱或證券承銷商公司名稱: 安得仕聯合會計師事務所 15.會計師或律師姓名: 成昀達會計師 16.會計師或律師開業證書字號: 金管會証字第5720號 17.獨立專家就本次併購換股比例、配發股東之現金或其他財產之合理性意見書內容 (一、包含公開收購價格訂定所採用之方法、原則或計算方式及與國際慣用之市價法 、成本法及現金流量折現法之比較。二、被收購公司與已上市櫃同業之財務狀況 、獲利情形及本益比之比較情形。三、公開收購價格若參考鑑價機構之鑑價報告者 ，應說明該鑑價報告內容及結論。四、收購人融資償還計畫若係以被收購公司或合 併後存續公司之資產或股份為擔保者，應說明對被收購公司或合併後存續公司財務 業務健全性之影響評估): 不適用 18.預定完成日程: 分割基準日暫訂為民國109年12月31日 19.既存或新設公司承受消滅(或分割)公司權利義務相關事項(註二): ,capital_change,,,,,,,,,,,換股比例及其計算依據:,False,candidate_needs_core_review,0,False,False,False,False,False,False,False,True,False,,,,,,,,,,,,prior_bounded_candidate_window_official_mops_cache
2317,鴻海,2317|ROC108|P1|C4.2|S0,False,mops_api_t05st01_and_t05st01_detail,https://mops.twse.com.tw/mops/#/web/t05st01,109,11,109/11/12,18:02:07,official_t05st01_announcement_timestamp_if_accepted,2020-11-12 18:02:07,"大陸投資事業蘭考裕富精密科技有限公司與
蘭考裕德環保材料科技有限公司合併",,,ok,"{""companyId"": ""2317"", ""enterDate"": ""1091112"", ""marketKind"": ""sii"", ""serialNumber"": ""2""}","1.併購種類(如合併、分割、收購或股份受讓): 合併 2.事實發生日:109/11/12 3.參與併購公司名稱(如合併另一方公司、分割新設公司、收購或受讓股份標的公司之 名稱: 大陸投資事業蘭考裕富精密科技有限公司與蘭考裕德環保材料科技有限公司合併 4.交易相對人(如合併另一方公司、分割讓與他公司、收購或受讓股份之交易對象): 蘭考裕富精密科技有限公司為存續公司； 蘭考裕德環保材料科技有限公司為消滅公司 5.交易相對人為關係人:是 6.交易相對人與公司之關係(本公司轉投資持股達XX%之被投資公司)，並說明選定 收購、受讓他公司股份之對象為關係企業或關係人之原因及是否不影響股東權益: 參與合併之公司為本公司持股100%之子公司，不影響股東權益 7.併購目的: 集團整合資源 8.併購後預計產生之效益: 人民幣1,290萬元 9.併購對每股淨值及每股盈餘之影響: 不適用 10.併購後續處理方式，包括支付併購對價之時間及方法等: 不適用 11.併購之對價種類及資金來源: 不適用 12.換股比例及其計算依據: 不適用 13.本次交易會計師、律師或證券承銷商出具非合理性意見:不適用 14.會計師或律師事務所名稱或證券承銷商公司名稱: 不適用 15.會計師或律師姓名: 不適用 16.會計師或律師開業證書字號: 不適用 17.獨立專家就本次併購換股比例、配發股東之現金或其他財產之合理性意見書內容 (一、包含公開收購價格訂定所採用之方法、原則或計算方式及與國際慣用之市價法 、成本法及現金流量折現法之比較。二、被收購公司與已上市櫃同業之財務狀況 、獲利情形及本益比之比較情形。三、公開收購價格若參考鑑價機構之鑑價報告者 ，應說明該鑑價報告內容及結論。四、收購人融資償還計畫若係以被收購公司或合 併後存續公司之資產或股份為擔保者，應說明對被收購公司或合併後存續公司財務 業務健全性之影響評估): 不適用 18.預定完成日程: 2021年6月30日 19.既存或新設公司承受消滅(或分割)公司權利義務相關事項(註二): 蘭考裕富精密科技有限公司承受蘭考裕德環保材料科技有限公司全體債權債務 20.參與合",capital_change,,,,,,,,,,,換股比例及其計算依據:,False,candidate_needs_core_review,0,False,False,False,False,False,False,False,True,False,,,,,,,,,,,,prior_bounded_candidate_window_official_mops_cache
2374,佳能,2374|ROC107|P1|C0.5|S0,False,mops_api_t05st01_and_t05st01_detail,https://mops.twse.com.tw/mops/#/web/t05st01,108,12,108/12/20,19:07:12,official_t05st01_announcement_timestamp_if_accepted,2019-12-20 19:07:12,公告本公司轉投資大陸東莞地區二家子公司辦理合併,,,ok,"{""companyId"": ""2374"", ""enterDate"": ""1081220"", ""marketKind"": ""sii"", ""serialNumber"": ""2""}",1.併購種類(如合併、分割、收購或股份受讓): 合併 2.事實發生日:108/12/20 3.參與併購公司名稱(如合併另一方公司、分割新設公司、收購或受讓股份標的公司之 名稱: (1)東莞能率科技有限公司(合併存續公司)。 (2)東莞銓訊電子有限公司(合併消滅公司)。 4.交易相對人(如合併另一方公司、分割讓與他公司、收購或受讓股份之交易對象): (1)東莞能率科技有限公司(合併存續公司)。 (2)東莞銓訊電子有限公司(合併消滅公司)。 5.交易相對人為關係人:是 6.交易相對人與公司之關係(本公司轉投資持股達XX%之被投資公司)，並說明選定 收購、受讓他公司股份之對象為關係企業或關係人之原因及是否不影響股東權益: 合併之二家公司皆為本公司間接持有100%之轉投資公司， 並以東莞能率科技有限公司為存續公司。 7.併購目的: 提昇營運效益。 8.併購後預計產生之效益: 降低管理成本。 9.併購對每股淨值及每股盈餘之影響: 無。 10.換股比例及其計算依據: 不適用。 11.本次交易會計師、律師或證券承銷商出具非合理性意見:不適用 12.會計師或律師事務所名稱或證券承銷商公司名稱: NA 13.會計師或律師姓名: NA 14.會計師或律師開業證書字號: NA 15.預定完成日程: 依相關規定辦理合併事宜。 16.既存或新設公司承受消滅(或分割)公司權利義務相關事項(註二): 無。 17.參與合併公司之基本資料(註三): (1)東莞能率科技有限公司；所營業務：電子靜相照相機之產銷。 (2)東莞銓訊電子有限公司；所營業務：電子靜相照相機之產銷。 18.分割之相關事項(含預定讓與既存公司或新設公司之營業、資產之評價價值；被 分割公司或其股東所取得股份之總數、種類及數量；被分割公司資本減少時，其資 本減少有關事項)(註：若非分割公告時，則不適用): 不適用。 19.併購股份未來移轉之條件及限制: 無。 20.其他重要約定事項: 無。 21.本次交易，董事有無異議:否 22.併購交易中涉及利害關係董事資訊(自然人董事姓名或法人董事名稱 暨其代表人姓名、其自身或其代表之法人有利害關係之,capital_change,,,,,,,,,,,換股比例及其計算依據:,False,candidate_needs_core_review,0,False,False,False,False,False,False,False,True,False,,,,,,,,,,,,prior_bounded_candidate_window_official_mops_cache
2615,萬海,2615|ROC107|P1|C0.60563|S0,False,mops_api_t05st01_and_t05st01_detail,https://mops.twse.com.tw/mops/#/web/t05st01,108,08,108/08/07,18:53:22,official_t05st01_announcement_timestamp_if_accepted,2019-08-07 18:53:22,"代子公司Wan Hai Lines (USA) Ltd.公告
董事會決議與Wan Hai Lines (America) Ltd.合併案",,,ok,"{""companyId"": ""2615"", ""enterDate"": ""1080807"", ""marketKind"": ""sii"", ""serialNumber"": ""10""}",1.併購種類(如合併、分割、收購或股份受讓): 合併 2.事實發生日:108/8/7 3.參與併購公司名稱(如合併另一方公司、分割新設公司、收購或受讓股份標的公司之 名稱: Wan Hai Lines (USA) Ltd. (存續公司) Wan Hai Lines (America) Ltd. (消滅公司) 4.交易相對人(如合併另一方公司、分割讓與他公司、收購或受讓股份之交易對象): Wan Hai Lines (USA) Ltd. (存續公司) Wan Hai Lines (America) Ltd. (消滅公司) 5.交易相對人為關係人:是 6.交易相對人與公司之關係(本公司轉投資持股達XX%之被投資公司)，並說明選定 收購、受讓他公司股份之對象為關係企業或關係人之原因及是否不影響股東權益: Wan Hai Lines (America) Ltd.為本公司直接持股100%之子公司， 而Wan Hai Lines(USA) Ltd.為本公司間接持股100%之孫公司， 本合併案屬集團內之組織重組，不影響股東權益。 7.併購目的: 有效整合公司資源及簡化公司組織架構。 8.併購後預計產生之效益: 集團資源整合後可提升營運績效並降低公司之成本。 9.併購對每股淨值及每股盈餘之影響: 合併後整體資源運用獲得整合，對每股淨值及每股盈餘均有正面助益。 10.換股比例及其計算依據: (1)合併換股比例：以Wan Hai Lines(America)Ltd. 1.014股普通股 換發Wan Hai Lines(USA)Ltd. 普通股1股。 擬於上述推估換股比例與實際換股比例差異於15%以內進行交易。 (2)計算依據：依據截至107年12月31日止經會計師核閱之財務報告 及108年9月30日依國際會計準則編製自結之財務報表預測， 與獨立專家出具之合併換股比例合理性意見書。 11.本次交易會計師、律師或證券承銷商出具非合理性意見:否 12.會計師或律師事務所名稱或證券承銷商公司名稱: 日正聯合會計師事務所 13.會計師或律師姓名: 陳儷文 會計師 14.會計師或律師開業證書字號: 北,capital_change,,,,,,,,,,,換股比例及其計算依據:,False,candidate_needs_core_review,0,False,False,False,False,False,False,False,True,False,,,,,,,,,,,,prior_bounded_candidate_window_official_mops_cache
2615,萬海,2615|ROC107|P1|C0.60563|S0,False,mops_api_t05st01_and_t05st01_detail,https://mops.twse.com.tw/mops/#/web/t05st01,108,10,108/10/09,16:21:25,official_t05st01_announcement_timestamp_if_accepted,2019-10-09 16:21:25,"代子公司Wan Hai Lines (USA) Ltd.補充公告於108年8月7號
與Wan Hai Lines (America) Ltd.合併事宜",,,ok,"{""companyId"": ""2615"", ""enterDate"": ""1081009"", ""marketKind"": ""sii"", ""serialNumber"": ""4""}",1.事實發生日:108/10/09 2.原公告申報日期:108/08/07 3.簡述原公告申報內容: 108/08/07代子公司Wan Hai Lines (USA) Ltd.公告公司擬藉由集團內組織調整， 合併Wan Hai Lines (America) Ltd.。 4.變動緣由及主要內容: (1) 實際合併換股比例如下： 以Wan Hai Lines (America) Ltd. 0.995股普通股 換發Wan Hai Lines (USA) Ltd. 普通股1股。 (2) 計算依據：依據雙方公司截至108年09月30日止經會計師核閱之財務報告及依國際 會計準則編製自結之財務報表預測，與獨立專家出具之合併換股比例合理性意見書。 5.變動後對公司財務業務之影響:無重大影響。 6.其他應敘明事項:實際交易日為108/10/09。 ,capital_change,,,,,,,,,,,換股比例如下：,False,candidate_needs_core_review,0,False,False,False,False,False,False,False,True,False,,,,,,,,,,,,prior_bounded_candidate_window_official_mops_cache
2636,台驊投控,2636|ROC109|P1|C3.2|S0,True,mops_api_t05st01_and_t05st01_detail,https://mops.twse.com.tw/mops/#/web/t05st01,110,11,110/11/04,16:51:18,official_t05st01_announcement_timestamp_if_accepted,2021-11-04 16:51:18,公告本公司董事會決議註銷庫藏股減資基準日,,,ok,"{""companyId"": ""2636"", ""enterDate"": ""1101101"", ""marketKind"": ""sii"", ""serialNumber"": ""2""}","1.董事會決議日期:110/11/04 2.減資緣由:依據證券交易法第二十八條之二規定，本公司擬將於106年買回之庫藏股 於屆滿五年未轉讓員工之股份予以註銷。 3.減資金額:13,610,000元 4.消除股份:1,361,000股 5.減資比率:0.94% 6.減資後股本:143,391,230股 7.預定股東會日期:不適用 8.預計減資新股上市後之上市普通股股數:不適用 9.預計減資新股上市後之上市普通股股數占已發行普通股比率 （減資後上市普通股股數/減資後已發行普通股股數）:不適用 10.前二項預計減資後上巿普通股股數未達6000萬股且未達25%者， 請說明股權流通性偏低之因應措施:不適用 11.減資基準日:111/02/10 12.其他應敘明事項:無 ",capital_change,,,,2022-02-10,,,,,,,,False,candidate_needs_core_review,0,False,False,False,False,False,False,False,True,False,,,,,,,,,,,,prior_bounded_candidate_window_official_mops_cache
3037,欣興,3037|ROC107|P1|C0.8|S0,False,mops_api_t05st01_and_t05st01_detail,https://mops.twse.com.tw/mops/#/web/t05st01,108,06,108/06/05,16:28:32,official_t05st01_announcement_timestamp_if_accepted,2019-06-05 16:28:32,"本公司辦理105年第2次限制員工權利新股
註銷減資變更登記完成",,,ok,"{""companyId"": ""3037"", ""enterDate"": ""1080605"", ""marketKind"": ""sii"", ""serialNumber"": ""2""}","1.主管機關核准減資日期:108/05/31 2.辦理資本變更登記完成日期:108/05/31 3.對財務報告之影響（含實收資本額與流通在外股數之差異與對每股淨值之影響）: (1)本次註銷限制員工權利新股31,000股，每股面額新台幣(下同)10元， 共計減少資本310,000元。 (2)股份註銷減資前：本公司流通在外股數為1,504,830,333股， 實收資本額為15,048,303,330元。 (3)股份註銷減資後：本公司流通在外股數為1,504,799,333股， 實收資本額為15,047,993,330元，每股淨額為新台幣28.50元。 4.預計換股作業計畫:不適用 5.預計減資新股上市後之上市普通股股數:不適用 6.預計減資新股上市後之上市普通股股數占已發行普通股比率 （減資後上市普通股股數/減資後已發行普通股股數）:不適用 7.前二項預計減資後上巿普通股股數未達6000萬股且未達25%者，請說明股權流通性偏低 之因應措施:不適用 8.其他應敘明事項: (1)經濟部商業司發文日期為108年05月31日，結案日期為108年06月04日。 (2)以上每股淨值係最近一期(108Q1)會計師核閱財務報告計算之。 ",capital_change,,,,,,,,,,,,False,candidate_needs_core_review,0,False,False,False,False,False,False,False,True,False,,,,,,,,,,,,prior_bounded_candidate_window_official_mops_cache
3037,欣興,3037|ROC107|P1|C0.8|S0,False,mops_api_t05st01_and_t05st01_detail,https://mops.twse.com.tw/mops/#/web/t05st01,108,08,108/08/12,19:45:45,official_t05st01_announcement_timestamp_if_accepted,2019-08-12 19:45:45,"本公司董事會決議註銷105年第2次發行之
限制員工權利新股並辦理減資事宜",,,ok,"{""companyId"": ""3037"", ""enterDate"": ""1080812"", ""marketKind"": ""sii"", ""serialNumber"": ""14""}","1.董事會決議日期:108/08/12 2.減資緣由:本公司因有獲配105年第2次發行限制員工權利新股之員工未達既得條件， 經董事會決議以原發行價格向員工收買其股份並辦理註銷。 3.減資金額:新台幣670,000元 4.消除股份:67,000股 5.減資比率:0.0045% 6.減資後股本:新台幣15,047,323,330元 7.預定股東會日期:不適用 8.預計減資新股上市後之上市普通股股數:不適用 9.預計減資新股上市後之上市普通股股數占已發行普通股比率 （減資後上市普通股股數/減資後已發行普通股股數）:不適用 10.前二項預計減資後上巿普通股股數未達6000萬股且未達25%者， 請說明股權流通性偏低之因應措施:不適用 11.其他應敘明事項: (1)減資比率係依108/08/12之流通在外股數1,504,793,333股計算。 (2)訂定減資基準日為108年08月12日，相關事宜授權董事長辦理。 ",capital_change,,,,,,,,,,,,False,candidate_needs_core_review,0,False,False,False,False,False,False,False,True,False,,,,,,,,,,,,prior_bounded_candidate_window_official_mops_cache
3037,欣興,3037|ROC107|P1|C0.8|S0,False,mops_api_t05st01_and_t05st01_detail,https://mops.twse.com.tw/mops/#/web/t05st01,108,09,108/09/11,18:30:25,official_t05st01_announcement_timestamp_if_accepted,2019-09-11 18:30:25,"本公司辦理105年第2次限制員工權利新股
註銷減資變更登記完成",,,ok,"{""companyId"": ""3037"", ""enterDate"": ""1080911"", ""marketKind"": ""sii"", ""serialNumber"": ""1""}","1.主管機關核准減資日期:108/09/09 2.辦理資本變更登記完成日期:108/09/09 3.對財務報告之影響（含實收資本額與流通在外股數之差異與對每股淨值之影響）: (1)本次註銷限制員工權利新股67,000股，每股面額新台幣(下同)10元， 共計減少資本670,000元。 (2)股份註銷減資前：本公司流通在外股數為1,504,799,333股， 實收資本額為15,047,993,330元。 (3)股份註銷減資後：本公司流通在外股數為1,504,732,333股， 實收資本額為15,047,323,330元，每股淨額為新台幣27.98元。 4.預計換股作業計畫:不適用 5.預計減資新股上市後之上市普通股股數:不適用 6.預計減資新股上市後之上市普通股股數占已發行普通股比率 （減資後上市普通股股數/減資後已發行普通股股數）:不適用 7.前二項預計減資後上巿普通股股數未達6000萬股且未達25%者，請說明股權流通性偏低 之因應措施:不適用 8.其他應敘明事項: (1)經濟部商業司發文日期為108年09月09日，結案日期為108年09月10日。 (2)以上每股淨值係最近一期(108Q2)會計師核閱財務報告計算之。 ",capital_change,,,,,,,,,,,,False,candidate_needs_core_review,0,False,False,False,False,False,False,False,True,False,,,,,,,,,,,,prior_bounded_candidate_window_official_mops_cache
3037,欣興,3037|ROC109|P1|C1.4|S0,False,mops_api_t05st01_and_t05st01_detail,https://mops.twse.com.tw/mops/#/web/t05st01,110,12,110/12/07,15:27:42,official_t05st01_announcement_timestamp_if_accepted,2021-12-07 15:27:42,本公司董事會決議註銷庫藏股辦理減資事宜,,,ok,"{""companyId"": ""3037"", ""enterDate"": ""1101207"", ""marketKind"": ""sii"", ""serialNumber"": ""1""}","1.董事會決議日期:110/10/26 2.減資緣由:本公司第八次買回之庫藏股29,472,000股予以註銷。 3.減資金額:294,720,000元 4.消除股份:29,472,000股 5.減資比率:1.96% 6.減資後股本:14,752,603,330元 7.預定股東會日期:不適用 8.預計減資新股上市後之上市普通股股數:不適用 9.預計減資新股上市後之上市普通股股數占已發行普通股比率 （減資後上市普通股股數/減資後已發行普通股股數）:不適用 10.前二項預計減資後上巿普通股股數未達6000萬股且未達25%者， 請說明股權流通性偏低之因應措施:不適用 11.減資基準日:110/11/29 12.其他應敘明事項: 減資比率係依110年10月26日之流通在外股數1,504,732,333股計算 ",capital_change,,,,2021-11-29,,,,,,,,False,candidate_needs_core_review,0,False,False,False,False,False,False,False,True,False,,,,,,,,,,,,prior_bounded_candidate_window_official_mops_cache
3037,欣興,3037|ROC109|P1|C1.4|S0,False,mops_api_t05st01_and_t05st01_detail,https://mops.twse.com.tw/mops/#/web/t05st01,110,12,110/12/07,15:28:42,official_t05st01_announcement_timestamp_if_accepted,2021-12-07 15:28:42,本公司辦理庫藏股註銷減資變更登記完成,,,ok,"{""companyId"": ""3037"", ""enterDate"": ""1101207"", ""marketKind"": ""sii"", ""serialNumber"": ""2""}","1.主管機關核准減資日期:110/12/03 2.辦理資本變更登記完成日期:110/12/03 3.對財務報告之影響（含實收資本額與流通在外股數之差異與對每股淨值之影響）: (1)本次註銷庫藏股29,472,000股，每股面額新台幣(下同)10元， 共計減少資本294,720,000元。 (2)股份註銷減資前：本公司流通在外股數為1,504,732,333股， 實收資本額為15,047,323,330元。 (3)股份註銷減資後：本公司流通在外股數為1,475,260,333股， 實收資本額為14,752,603,330元。 4.預計換股作業計畫:不適用 5.預計減資新股上市後之上市普通股股數:不適用 6.預計減資新股上市後之上市普通股股數占已發行普通股比率 （減資後上市普通股股數/減資後已發行普通股股數）:不適用 7.前二項預計減資後上巿普通股股數未達6000萬股且未達25%者，請說明股權流通性偏低 之因應措施:不適用 8.其他應敘明事項:經濟部商業司發文日期為110年12月03日， 結案日期為110年12月03日。 ",capital_change,,,,,,,,,,,,False,candidate_needs_core_review,0,False,False,False,False,False,False,False,True,False,,,,,,,,,,,,prior_bounded_candidate_window_official_mops_cache
3105,穩懋,3105|ROC109|P1|C10|S0,False,mops_api_t05st01_and_t05st01_detail,https://mops.twse.com.tw/mops/#/web/t05st01,110,03,110/03/18,18:44:10,official_t05st01_announcement_timestamp_if_accepted,2021-03-18 18:44:10,"公告本公司董事會決議收回已發行之限制員工權利新股
註銷減資基準日",,,ok,"{""companyId"": ""3105"", ""enterDate"": ""1100317"", ""marketKind"": ""otc"", ""serialNumber"": ""2""}","1.董事會決議日期:110/03/18 2.減資緣由:原獲配限制員工權利新股之員工未達既得條件，將收回之限制員工權利新股 辦理註銷減資。 3.減資金額:150,000元 4.消除股份:15,000股 5.減資比率:0.0035% 6.減資後股本:新台幣4,240,413,840元 7.預定股東會日期:NA 8.預計減資新股上櫃後之上櫃普通股股數:424,041,384股 9.預計減資新股上櫃後之上櫃普通股股數占已發行普通股比率 （減資後上櫃普通股股數/減資後已發行普通股):不適用 10.前二項預計減資後上櫃普通股股數未達500萬股且未達25%者，請說明 股權流通性偏低之因應措施:不適用 11.減資基準日:民國110年3月31日 12.其他應敘明事項:無 ",capital_change,cash_amount_text_hit,,,,,,,,,,,False,candidate_needs_core_review,0,False,False,False,False,False,False,False,True,False,,,,,,,,,,,,prior_bounded_candidate_window_official_mops_cache
3105,穩懋,3105|ROC109|P1|C10|S0,False,mops_api_t05st01_and_t05st01_detail,https://mops.twse.com.tw/mops/#/web/t05st01,110,04,110/04/19,16:56:12,official_t05st01_announcement_timestamp_if_accepted,2021-04-19 16:56:12,公告本公司收回限制員工權利新股辦理減資變更登記完成,,,ok,"{""companyId"": ""3105"", ""enterDate"": ""1100416"", ""marketKind"": ""otc"", ""serialNumber"": ""2""}","1.主管機關核准減資日期:110/04/15 2.辦理資本變更登記完成日期:110/04/15 3.對財務報告之影響（含實收資本額與流通在外股數之差異與對每股淨值之影響）: (1)減資前－實收資本額：新台幣4,240,563,840元，流通在外股數：424,056,384股， 每股淨值新台幣80.36元。 (2)減資後－實收資本額：新台幣4,240,413,840元，流通在外股數：424,041,384股， 每股淨值新台幣80.36元。 4.預計換股作業計畫:不適用 5.預計減資新股上櫃後之上櫃普通股股數:不適用 6.預計減資新股上櫃後之上櫃普通股股數占已發行普通股比率 （減資後上櫃普通股股數/減資後已發行普通股股數）:不適用 7.前二項預計減資後上櫃普通股股數未達500萬股且未達25%者， 請說明股權流通性偏低之因應措施:不適用 8.其他應敘明事項:無 (1)本公司於110/04/19收到經濟部商業司變更登記核准函。 (2)上述每股淨值係依最近期(109年度)經會計師查核之財務報告計算之。 ",capital_change,cash_amount_text_hit,,,,,,,,,,,False,candidate_needs_core_review,0,False,False,False,False,False,False,False,True,False,,,,,,,,,,,,prior_bounded_candidate_window_official_mops_cache
3260,威剛,3260|ROC107|P1|C0.2|S0,False,mops_api_t05st01_and_t05st01_detail,https://mops.twse.com.tw/mops/#/web/t05st01,108,10,108/10/28,17:44:58,official_t05st01_announcement_timestamp_if_accepted,2019-10-28 17:44:58,"代重要子公司ADATA TECHNOLOGY (HK) CO., LTD.公告辦理
現金減資事宜",,,ok,"{""companyId"": ""3260"", ""enterDate"": ""1081028"", ""marketKind"": ""otc"", ""serialNumber"": ""1""}","1.董事會決議日期:108/10/28 2.減資緣由:依投審會規範辦理ADATA TECHNOLOGY (HK) CO., LTD.現金減資 退回股款。 3.減資金額:HKD4,908,000 4.消除股份:不適用 5.減資比率:1.08% 6.減資後實收資本額:HKD449,376,284 7.預定股東會日期:NA 8.預計減資新股上櫃後之上櫃普通股股數:不適用 9.預計減資新股上櫃後之上櫃普通股股數及比率（減資後上櫃普通股數A、A/減資後已發 行普通股）:不適用 10.前二項預計減資後上櫃普通股股數未達500萬股且未達25%者，請說明 股權流通性偏低之因應措施:不適用 11.其他應敘明事項:無 ",capital_change,,,,,,,,,,,,False,candidate_needs_core_review,0,False,False,False,False,False,False,False,True,False,,,,,,,,,,,,prior_bounded_candidate_window_official_mops_cache
3260,威剛,3260|ROC107|P1|C0.2|S0,False,mops_api_t05st01_and_t05st01_detail,https://mops.twse.com.tw/mops/#/web/t05st01,108,12,108/12/09,17:31:05,official_t05st01_announcement_timestamp_if_accepted,2019-12-09 17:31:05,"代重要子公司ADATA TECHNOLOGY (HK) CO., LTD.公告辦理
減資完成資本變更登記",,,ok,"{""companyId"": ""3260"", ""enterDate"": ""1081209"", ""marketKind"": ""otc"", ""serialNumber"": ""1""}","1.主管機關核准減資日期:不適用 2.辦理資本變更登記完成日期:108/12/09 3.對財務報告之影響（含實收資本額與流通在外股數之差異與對每股淨值之影響）: (1)減資前實收資本額為HKD454,284,284元，減資後實收資本額為HKD449,376,284元 (2)流通在外股數之差異與對每股淨值之影響：不適用 4.預計換股作業計畫:不適用 5.預計減資新股上櫃後之上櫃普通股股數:不適用 6.預計減資新股上櫃後之上櫃普通股股數占已發行普通股比率 （減資後上櫃普通股股數/減資後已發行普通股股數）:不適用 7.前二項預計減資後上櫃普通股股數未達500萬股且未達25%者， 請說明股權流通性偏低之因應措施:不適用 8.其他應敘明事項:無 ",capital_change,,,,,,,,,,,,False,candidate_needs_core_review,0,False,False,False,False,False,False,False,True,False,,,,,,,,,,,,prior_bounded_candidate_window_official_mops_cache
3661,世芯-KY,3661|ROC109|P1|C6.6|S0,False,mops_api_t05st01_and_t05st01_detail,https://mops.twse.com.tw/mops/#/web/t05st01,110,10,110/10/14,16:19:52,official_t05st01_announcement_timestamp_if_accepted,2021-10-14 16:19:52,公告本公司董事會決議第六次買回庫藏股註銷減資基準日,,,ok,"{""companyId"": ""3661"", ""enterDate"": ""1101014"", ""marketKind"": ""sii"", ""serialNumber"": ""1""}","1.董事會決議日期:110/10/14 2.減資緣由:依據台灣證券交易法第28-2條相關規定，辦理本公司第六次買回庫藏股註銷 股份。 3.減資金額:新台幣4,220,000元。 4.消除股份:422,000股。 5.減資比率:0.60% 6.減資後股本:新台幣703,989,430元。 7.預定股東會日期:不適用。 8.預計減資新股上市後之上市普通股股數:不適用。 9.預計減資新股上市後之上市普通股股數占已發行普通股比率 （減資後上市普通股股數/減資後已發行普通股股數）:不適用。 10.前二項預計減資後上巿普通股股數未達6000萬股且未達25%者， 請說明股權流通性偏低之因應措施:不適用。 11.減資基準日:110年10月14日。 12.其他應敘明事項:無。 ",capital_change,,,,,,,,,,,,False,candidate_needs_core_review,0,False,False,False,False,False,False,False,True,False,,,,,,,,,,,,prior_bounded_candidate_window_official_mops_cache
3661,世芯-KY,3661|ROC109|P1|C6.8|S0,False,mops_api_t05st01_and_t05st01_detail,https://mops.twse.com.tw/mops/#/web/t05st01,110,10,110/10/14,16:19:52,official_t05st01_announcement_timestamp_if_accepted,2021-10-14 16:19:52,公告本公司董事會決議第六次買回庫藏股註銷減資基準日,,,ok,"{""companyId"": ""3661"", ""enterDate"": ""1101014"", ""marketKind"": ""sii"", ""serialNumber"": ""1""}","1.董事會決議日期:110/10/14 2.減資緣由:依據台灣證券交易法第28-2條相關規定，辦理本公司第六次買回庫藏股註銷 股份。 3.減資金額:新台幣4,220,000元。 4.消除股份:422,000股。 5.減資比率:0.60% 6.減資後股本:新台幣703,989,430元。 7.預定股東會日期:不適用。 8.預計減資新股上市後之上市普通股股數:不適用。 9.預計減資新股上市後之上市普通股股數占已發行普通股比率 （減資後上市普通股股數/減資後已發行普通股股數）:不適用。 10.前二項預計減資後上巿普通股股數未達6000萬股且未達25%者， 請說明股權流通性偏低之因應措施:不適用。 11.減資基準日:110年10月14日。 12.其他應敘明事項:無。 ",capital_change,,,,,,,,,,,,False,candidate_needs_core_review,0,False,False,False,False,False,False,False,True,False,,,,,,,,,,,,prior_bounded_candidate_window_official_mops_cache
4971,IET-KY,4971|ROC108|P1|C1|S0,False,mops_api_t05st01_and_t05st01_detail,https://mops.twse.com.tw/mops/#/web/t05st01,109,08,109/08/14,18:11:53,official_t05st01_announcement_timestamp_if_accepted,2020-08-14 18:11:53,公告董事會決議辦理收回已發行之限制員工權利新股註銷減資案,,,ok,"{""companyId"": ""4971"", ""enterDate"": ""1090814"", ""marketKind"": ""otc"", ""serialNumber"": ""2""}","1.董事會決議日期:109/08/14 2.減資緣由:係因原獲配限制員工權利新股之員工離職及退休， 故辦理收回並註銷減資登記。 3.減資金額:144,000 4.消除股份:14,400 5.減資比率:0.039% 6.減資後股本:365,181,430 7.預定股東會日期:NA 8.預計減資新股上櫃後之上櫃普通股股數:不適用 9.預計減資新股上櫃後之上櫃普通股股數占已發行普通股比率 （減資後上櫃普通股股數/減資後已發行普通股):不適用 10.前二項預計減資後上櫃普通股股數未達500萬股且未達25%者，請說明 股權流通性偏低之因應措施:不適用 11.減資基準日:109/08/17 12.其他應敘明事項:本公司截至民國109年8月14日已發行股份總數 為36,532,543股，本次註銷收回已發行限制員工權利新股14,400股， 已發行股份總數現為36,518,143股；減資基準日為民國109年8月17日。 ",capital_change,cash_amount_text_hit,,,2020-08-17,,,,,,,,False,candidate_needs_core_review,0,False,False,False,False,False,False,False,True,False,,,,,,,,,,,,prior_bounded_candidate_window_official_mops_cache
4971,IET-KY,4971|ROC109|P1|C1|S0,False,mops_api_t05st01_and_t05st01_detail,https://mops.twse.com.tw/mops/#/web/t05st01,110,08,110/08/25,18:29:30,official_t05st01_announcement_timestamp_if_accepted,2021-08-25 18:29:30,公告董事會決議辦理收回已發行之限制員工權利新股註銷減資案,,,ok,"{""companyId"": ""4971"", ""enterDate"": ""1100825"", ""marketKind"": ""otc"", ""serialNumber"": ""5""}","1.董事會決議日期:110/08/25 2.減資緣由:係因原獲配限制員工權利新股之員工離職， 故辦理收回並註銷減資登記。 3.減資金額:36,000 4.消除股份:3,600 5.減資比率:0.009% 6.減資後股本:365,145,430 7.預定股東會日期:NA 8.預計減資新股上櫃後之上櫃普通股股數:不適用 9.預計減資新股上櫃後之上櫃普通股股數占已發行普通股比率 （減資後上櫃普通股股數/減資後已發行普通股):不適用 10.前二項預計減資後上櫃普通股股數未達500萬股且未達25%者，請說明 股權流通性偏低之因應措施:不適用 11.減資基準日:110/08/26 12.其他應敘明事項:本公司截至民國110年8月25日已發行股份總數 為36,518,143股，本次註銷收回已發行限制員工權利新股3,600股， 已發行股份總數為36,514,543股；減資基準日為民國110年8月26日。 ",capital_change,cash_amount_text_hit,,,2021-08-26,,,,,,,,False,candidate_needs_core_review,0,False,False,False,False,False,False,False,True,False,,,,,,,,,,,,prior_bounded_candidate_window_official_mops_cache
6121,新普,6121|ROC107|P1|C11.5|S0,False,mops_api_t05st01_and_t05st01_detail,https://mops.twse.com.tw/mops/#/web/t05st01,108,09,108/09/09,14:05:59,official_t05st01_announcement_timestamp_if_accepted,2019-09-09 14:05:59,"代重要子公司SIMPLO TECHNOLOGY (BVI) CO., LTD.
公告董事會決議現金減資相關事宜",,,ok,"{""companyId"": ""6121"", ""enterDate"": ""1080903"", ""marketKind"": ""otc"", ""serialNumber"": ""2""}","1.董事會決議日期:108/09/09 2.減資緣由:為使集團資金能更有效運作 3.減資金額:美金8,311,500元 4.消除股份:8,311,500股 5.減資比率:為5.803% 6.減資後實收資本額:美金134,910,567元 7.預定股東會日期:NA 8.預計減資新股上櫃後之上櫃普通股股數:不適用 9.預計減資新股上櫃後之上櫃普通股股數及比率（減資後上櫃普通股數A、A/減資後已發 行普通股）:不適用 10.前二項預計減資後上櫃普通股股數未達500萬股且未達25%者，請說明 股權流通性偏低之因應措施:不適用 11.其他應敘明事項:無 ",capital_change,,,,,,,,,,,,False,candidate_needs_core_review,0,False,False,False,False,False,False,False,True,False,,,,,,,,,,,,prior_bounded_candidate_window_official_mops_cache
6121,新普,6121|ROC107|P1|C11.5|S0,False,mops_api_t05st01_and_t05st01_detail,https://mops.twse.com.tw/mops/#/web/t05st01,108,09,108/09/09,14:08:01,official_t05st01_announcement_timestamp_if_accepted,2019-09-09 14:08:01,"代重要子公司SIMPLO  HOLDINGS INTERNATIONAL
INCORPORATED公告董事會決議現金減資相關事宜",,,ok,"{""companyId"": ""6121"", ""enterDate"": ""1080903"", ""marketKind"": ""otc"", ""serialNumber"": ""4""}","1.董事會決議日期:108/09/09 2.減資緣由:為使集團資金能更有效運作 3.減資金額:美金2,670,000元 4.消除股份:2,670,000股 5.減資比率:2.062% 6.減資後實收資本額:美金126,810,000元 7.預定股東會日期:NA 8.預計減資新股上櫃後之上櫃普通股股數:不適用 9.預計減資新股上櫃後之上櫃普通股股數及比率（減資後上櫃普通股數A、A/減資後已發 行普通股）:不適用 10.前二項預計減資後上櫃普通股股數未達500萬股且未達25%者，請說明 股權流通性偏低之因應措施:不適用 11.其他應敘明事項:無 ",capital_change,,,,,,,,,,,,False,candidate_needs_core_review,0,False,False,False,False,False,False,False,True,False,,,,,,,,,,,,prior_bounded_candidate_window_official_mops_cache
6121,新普,6121|ROC109|P1|C19.1|S0,False,mops_api_t05st01_and_t05st01_detail,https://mops.twse.com.tw/mops/#/web/t05st01,110,07,110/07/21,13:32:43,official_t05st01_announcement_timestamp_if_accepted,2021-07-21 13:32:43,本公司董事會決議與持股100%之子公司中普科技(股)公司合併案,,,ok,"{""companyId"": ""6121"", ""enterDate"": ""1100721"", ""marketKind"": ""otc"", ""serialNumber"": ""1""}",1.併購種類(如合併、分割、收購或股份受讓): 合併 2.事實發生日:110/7/21 3.參與併購公司名稱(如合併另一方公司、分割新設公司、收購或受讓股份標的公司之 名稱: 新普科技(股)公司及中普科技(股)公司 4.交易相對人(如合併另一方公司、分割讓與他公司、收購或受讓股份之交易對象): 新普科技(股)公司為存續公司；中普科技(股)公司為消滅公司 5.交易相對人為關係人:是 6.交易相對人與公司之關係(本公司轉投資持股達XX%之被投資公司)，並說明選定 收購、受讓他公司股份之對象為關係企業或關係人之原因及是否不影響股東權益: 中普科技(股)公司為本公司持股100%之子公司。為簡化集團投資架構， 依企業併購法第19條與中普科技(股)公司進行合併。合併後，消滅公司 已發行股份均因合併而抵銷，不發生合併換股，故不影響股東權益。 7.併購目的: 簡化集團投資架構及資源整合 8.併購後預計產生之效益: 簡化集團投資架構及資源整合 9.併購對每股淨值及每股盈餘之影響: 本公司與本公司持股100%之子公司中普科技(股)公司進行合併， 不影響每股淨值及每股盈餘。 10.併購後續處理方式，包括支付併購對價之時間及方法等: 不適用 11.併購之對價種類及資金來源: 不適用 12.換股比例及其計算依據: 不適用 13.本次交易會計師、律師或證券承銷商出具非合理性意見:不適用 14.會計師或律師事務所名稱或證券承銷商公司名稱: 不適用 15.會計師或律師姓名: 不適用 16.會計師或律師開業證書字號: 不適用 17.獨立專家就本次併購換股比例、配發股東之現金或其他財產之合理性意見書內容 (一、包含公開收購價格訂定所採用之方法、原則或計算方式及與國際慣用之市價法 、成本法及現金流量折現法之比較。二、被收購公司與已上市櫃同業之財務狀況 、獲利情形及本益比之比較情形。三、公開收購價格若參考鑑價機構之鑑價報告者 ，應說明該鑑價報告內容及結論。四、收購人融資償還計畫若係以被收購公司或合 併後存續公司之資產或股份為擔保者，應說明對被收購公司或合併後存續公司財務 業務健全性之影響評估): 不適用 18,capital_change,,,,,,,,,,,換股比例及其計算依據:,False,candidate_needs_core_review,0,False,False,False,False,False,False,False,True,False,,,,,,,,,,,,prior_bounded_candidate_window_official_mops_cache
6143,振曜,6143|ROC109|P1|C2|S0,False,mops_api_t05st01_and_t05st01_detail,https://mops.twse.com.tw/mops/#/web/t05st01,110,07,110/07/30,13:48:00,official_t05st01_announcement_timestamp_if_accepted,2021-07-30 13:48:00,"代重要子公司東荃科技股份有限公司公告
訂定股份轉換基準日",,,ok,"{""companyId"": ""6143"", ""enterDate"": ""1100730"", ""marketKind"": ""otc"", ""serialNumber"": ""1""}",1.事實發生日:110/07/30 2.公司名稱:東荃科技股份有限公司 3.與公司關係(請輸入本公司或子公司):子公司 4.相互持股比例:不適用 5.發生緣由:子公司東荃科技股份有限公司於民國110年5月13日股東常會決議通過 與沛亨半導體股份有限公司之股份轉換案，本案業於民國110年7月28日取得財團 法人中華民國證券櫃檯買賣中心之核准通過，擬訂定民國110年8月31日為股份轉 換基準日，股份轉換完成後，東荃科技股份有限公司將調整為沛亨半導體股份有 限公司100%持股之子公司。 6.因應措施:無。 7.其他應敘明事項:無。 ,capital_change,cash_amount_text_hit,,,,,,,,,,,False,candidate_needs_core_review,0,False,False,False,False,False,False,False,True,False,,,,,,,,,,,,prior_bounded_candidate_window_official_mops_cache
8163,達方,8163|ROC108|P1|C2.3|S0,False,mops_api_t05st01_and_t05st01_detail,https://mops.twse.com.tw/mops/#/web/t05st01,109,03,109/03/06,16:17:53,official_t05st01_announcement_timestamp_if_accepted,2020-03-06 16:17:53,代重要子公司納閩馬來西亞達方有限公司公告減資變更登記完成,,,ok,"{""companyId"": ""8163"", ""enterDate"": ""1090306"", ""marketKind"": ""sii"", ""serialNumber"": ""1""}","1.主管機關核准減資日期:109/02/11 2.辦理資本變更登記完成日期:109/02/11 3.對財務報告之影響（含實收資本額與流通在外股數之差異與對每股淨值之影響）: (1)實收資本額由88,239,058美元減少至74,589,058美元 (2)流通在外股數之差異與對每股淨值之影響：不適用 4.預計換股作業計畫:不適用 5.預計減資新股上市後之上市普通股股數:不適用 6.預計減資新股上市後之上市普通股股數占已發行普通股比率 （減資後上市普通股股數/減資後已發行普通股股數）:不適用 7.前二項預計減資後上巿普通股股數未達6000萬股且未達25%者，請說明股權流通性偏低 之因應措施:不適用 8.其他應敘明事項:重要子公司於109/03/06接獲主管機關核准減資變更登記核准函 ",capital_change,,,,,,,,,,,,False,candidate_needs_core_review,0,False,False,False,False,False,False,False,True,False,,,,,,,,,,,,prior_bounded_candidate_window_official_mops_cache
8433,弘帆,8433|ROC108|P1|C2|S0,False,mops_api_t05st01_and_t05st01_detail,https://mops.twse.com.tw/mops/#/web/t05st01,109,06,109/06/09,14:26:27,official_t05st01_announcement_timestamp_if_accepted,2020-06-09 14:26:27,補公告本公司註銷庫藏股辦理減資變更登記完成,,,ok,"{""companyId"": ""8433"", ""enterDate"": ""1090609"", ""marketKind"": ""otc"", ""serialNumber"": ""1""}","1.主管機關核准減資日期:109/04/22 2.辦理資本變更登記完成日期:109/04/22 3.對財務報告之影響（含實收資本額與流通在外股數之差異與對每股淨值之影響）: 實收資本額(元) 流通在外股數(股) 每股淨值(元) 減資前 525,776,000 52,577,600 26.35 減資後 520,816,000 52,081,600 26.60 4.預計換股作業計畫:不適用 5.預計減資新股上櫃後之上櫃普通股股數:不適用 6.預計減資新股上櫃後之上櫃普通股股數占已發行普通股比率 （減資後上櫃普通股股數/減資後已發行普通股股數）:不適用 7.前二項預計減資後上櫃普通股股數未達500萬股且未達25%者， 請說明股權流通性偏低之因應措施:不適用 8.其他應敘明事項:本公司於109年4月23日接獲經濟部商業司之變更登記核准函。 ",capital_change,cash_amount_text_hit,,,,,,,,,,,False,candidate_needs_core_review,0,False,False,False,False,False,False,False,True,False,,,,,,,,,,,,prior_bounded_candidate_window_official_mops_cache
8478,東哥遊艇,8478|ROC107|P1|C2|S0,False,mops_api_t05st01_and_t05st01_detail,https://mops.twse.com.tw/mops/#/web/t05st01,108,06,108/06/05,15:04:15,official_t05st01_announcement_timestamp_if_accepted,2019-06-05 15:04:15,"公告本公司決議收回未達既得條件之限制
員工權利新股註銷減資基準日。",,,ok,"{""companyId"": ""8478"", ""enterDate"": ""1080604"", ""marketKind"": ""sii"", ""serialNumber"": ""2""}","1.董事會決議日期:108/06/05 2.減資緣由:因原獲配限制員工權利新股之員工未達既得條件，擬將收回之限制員工 權利新股辦理註銷減資。 3.減資金額:新台幣110,000元 4.消除股份:11,000股 5.減資比率:0.0121% 6.減資後股本:新台幣909,082,760元 7.預定股東會日期:不適用 8.預計減資新股上市後之上市普通股股數:不適用 9.預計減資新股上市後之上市普通股股數占已發行普通股比率 （減資後上市普通股股數/減資後已發行普通股股數）:不適用 10.前二項預計減資後上巿普通股股數未達6000萬股且未達25%者， 請說明股權流通性偏低之因應措施:不適用 11.其他應敘明事項:本公司董事會決議： 減資基準日為108年06月05日 ",capital_change,cash_amount_text_hit,,,,,,,,,,,False,candidate_needs_core_review,0,False,False,False,False,False,False,False,True,False,,,,,,,,,,,,prior_bounded_candidate_window_official_mops_cache
8478,東哥遊艇,8478|ROC107|P1|C2|S0,False,mops_api_t05st01_and_t05st01_detail,https://mops.twse.com.tw/mops/#/web/t05st01,108,11,108/11/11,16:27:15,official_t05st01_announcement_timestamp_if_accepted,2019-11-11 16:27:15,"公告本公司決議收回未達既得條件之限制
員工權利新股註銷減資事宜",,,ok,"{""companyId"": ""8478"", ""enterDate"": ""1081111"", ""marketKind"": ""sii"", ""serialNumber"": ""1""}","1.董事會決議日期:108/11/11 2.減資緣由:因原獲配限制員工權利新股之員工未達既得條件，擬將收回之限制員工 權利新股辦理註銷減資。 3.減資金額:新台幣150,000元 4.消除股份:15,000股 5.減資比率:0.0165% 6.減資後股本:新台幣908,932,760元 7.預定股東會日期:不適用 8.預計減資新股上市後之上市普通股股數:不適用 9.預計減資新股上市後之上市普通股股數占已發行普通股比率 （減資後上市普通股股數/減資後已發行普通股股數）:不適用 10.前二項預計減資後上巿普通股股數未達6000萬股且未達25%者， 請說明股權流通性偏低之因應措施:不適用 11.其他應敘明事項:本公司董事會決議： 減資基準日為108年11月11日 ",capital_change,cash_amount_text_hit,,,,,,,,,,,False,candidate_needs_core_review,0,False,False,False,False,False,False,False,True,False,,,,,,,,,,,,prior_bounded_candidate_window_official_mops_cache
8478,東哥遊艇,8478|ROC109|P1|C1|S0,False,mops_api_t05st01_and_t05st01_detail,https://mops.twse.com.tw/mops/#/web/t05st01,110,08,110/08/09,16:22:38,official_t05st01_announcement_timestamp_if_accepted,2021-08-09 16:22:38,"代孫公司Merritt Island Boat Works, Inc.公告減資事宜",,,ok,"{""companyId"": ""8478"", ""enterDate"": ""1100804"", ""marketKind"": ""sii"", ""serialNumber"": ""1""}","1.董事會決議日期:110/08/09 2.減資緣由:提高美國孫公司週轉金之有效使用率 3.減資金額:美金1,000,000元 4.消除股份:不適用 5.減資比率:2.19% 6.減資後股本:美金44,750,376元 7.預定股東會日期:不適用 8.預計減資新股上市後之上市普通股股數:不適用 9.預計減資新股上市後之上市普通股股數占已發行普通股比率 （減資後上市普通股股數/減資後已發行普通股股數）:不適用 10.前二項預計減資後上巿普通股股數未達6000萬股且未達25%者， 請說明股權流通性偏低之因應措施:不適用 11.減資基準日:不適用 12.其他應敘明事項:無 ",capital_change,cash_amount_text_hit,,,,,,,,,,,False,candidate_needs_core_review,0,False,False,False,False,False,False,False,True,False,,,,,,,,,,,,prior_bounded_candidate_window_official_mops_cache
8478,東哥遊艇,8478|ROC109|P1|C1|S0,False,mops_api_t05st01_and_t05st01_detail,https://mops.twse.com.tw/mops/#/web/t05st01,110,11,110/11/08,15:03:19,official_t05st01_announcement_timestamp_if_accepted,2021-11-08 15:03:19,公告本公司董事會決議第四次買回庫藏股註銷減資基準日,,,ok,"{""companyId"": ""8478"", ""enterDate"": ""1101102"", ""marketKind"": ""sii"", ""serialNumber"": ""2""}","1.董事會決議日期:110/11/08 2.減資緣由:依據證券交易法第廿八條之二規定，註銷本公司買回庫藏股。 3.減資金額:新台幣20,000,000元 4.消除股份:2,000,000股 5.減資比率:2.2006% 6.減資後股本:新台幣888,862,760元 7.預定股東會日期:不適用 8.預計減資新股上市後之上市普通股股數:不適用 9.預計減資新股上市後之上市普通股股數占已發行普通股比率 （減資後上市普通股股數/減資後已發行普通股股數）:不適用 10.前二項預計減資後上巿普通股股數未達6000萬股且未達25%者， 請說明股權流通性偏低之因應措施:不適用 11.減資基準日:民國110年11月08日 12.其他應敘明事項:無 ",capital_change,cash_amount_text_hit,,,,,,,,,,,False,candidate_needs_core_review,0,False,False,False,False,False,False,False,True,False,,,,,,,,,,,,prior_bounded_candidate_window_official_mops_cache
8478,東哥遊艇,8478|ROC109|P1|C1|S0,False,mops_api_t05st01_and_t05st01_detail,https://mops.twse.com.tw/mops/#/web/t05st01,110,11,110/11/30,18:26:57,official_t05st01_announcement_timestamp_if_accepted,2021-11-30 18:26:57,公告本公司辦理庫藏股註銷減資變更登記完成,,,ok,"{""companyId"": ""8478"", ""enterDate"": ""1101130"", ""marketKind"": ""sii"", ""serialNumber"": ""1""}","1.主管機關核准減資日期:110/11/29 2.辦理資本變更登記完成日期:110/11/29 3.對財務報告之影響（含實收資本額與流通在外股數之差異與對每股淨值之影響）: (1)庫藏股股份註銷減資前:本公司實收資本額為新台幣908,862,760元， 流通在外股數為90,886,276股，每股淨值為新台幣30.60元。 (2)庫藏股股份註銷減資後:本公司實收資本額為新台幣888,862,760元， 流通在外股數為88,886,276股，每股淨值為新台幣31.29元。 註:庫藏股註銷股數2,000,000股；每股淨值以110年第三季經會計師核閱之 財務報表為計算依據。 4.預計換股作業計畫:不適用 5.預計減資新股上市後之上市普通股股數:不適用 6.預計減資新股上市後之上市普通股股數占已發行普通股比率 （減資後上市普通股股數/減資後已發行普通股股數）:不適用 7.前二項預計減資後上巿普通股股數未達6000萬股且未達25%者，請說明股權流通性偏低 之因應措施:不適用 8.其他應敘明事項:本公司於110年11月30日接獲經濟部之變更登記核准函 ",capital_change,cash_amount_text_hit,,,,,,,,,,,False,candidate_needs_core_review,0,False,False,False,False,False,False,False,True,False,,,,,,,,,,,,prior_bounded_candidate_window_official_mops_cache
