ticker,month,market,route_status,needed_pair_count,filled_pair_count,source_url,raw_sha256,raw_cache_path,retrieval_time_utc,route_error
1216,2022-11,TWSE,reused_local_official_raw,3,3,https://www.twse.com.tw/exchangeReport/STOCK_DAY?date=20221101&stockNo=1216&response=json,1e9bb8857f8ef87a74d39b27ab620d2524b5f961db96b3c573471dba1cc155c3,C:\Users\zergv\Documents\Codex\2026-05-23\ai-stock-rotation-radar-https-docs\outputs\radar_vnext_p1_legacy_regime_selected_stock_unadjusted_ohlc_source_package_20260708\raw_sources\1216_2022-11_TWSE.json,2026-07-08T06:40:02+00:00,
2317,2015-02,TWSE,reused_local_official_raw,8,8,https://www.twse.com.tw/exchangeReport/STOCK_DAY?date=20150201&stockNo=2317&response=json,8e002ff7600a46bcb1f7231f1725c2a2a88c2c3f53fabd9d537cd7b6ed7a12e4,C:\Users\zergv\Documents\Codex\2026-05-23\ai-stock-rotation-radar-https-docs\outputs\radar_vnext_p1_legacy_regime_selected_stock_unadjusted_ohlc_source_package_20260708\raw_sources\2317_2015-02_TWSE.json,2026-07-08T06:40:42+00:00,
2330,2015-01,TWSE,reused_local_official_raw,13,13,https://www.twse.com.tw/exchangeReport/STOCK_DAY?date=20150101&stockNo=2330&response=json,944e45692d28ba2ab8b78543d7bef6f750a844fd2fbe533a062604d6c0b29b43,C:\Users\zergv\Documents\Codex\2026-05-23\ai-stock-rotation-radar-https-docs\outputs\radar_vnext_p1_legacy_regime_selected_stock_unadjusted_ohlc_source_package_20260708\raw_sources\2330_2015-01_TWSE.json,2026-07-08T06:40:44+00:00,
2330,2015-10,TWSE,reused_local_official_raw,21,21,https://www.twse.com.tw/exchangeReport/STOCK_DAY?date=20151001&stockNo=2330&response=json,03e0ca1539f314f42292e6803fd9c02e8658fde583abe115f6aaa22bf4a2f754,C:\Users\zergv\Documents\Codex\2026-05-23\ai-stock-rotation-radar-https-docs\outputs\radar_vnext_p1_legacy_regime_selected_stock_unadjusted_ohlc_source_package_20260708\raw_sources\2330_2015-10_TWSE.json,2026-07-08T06:40:44+00:00,
2330,2015-11,TWSE,reused_local_official_raw,21,21,https://www.twse.com.tw/exchangeReport/STOCK_DAY?date=20151101&stockNo=2330&response=json,25de8cb274caee2fc0b182e9518c1e71291f719840a6e53e63583dfcddb66aa0,C:\Users\zergv\Documents\Codex\2026-05-23\ai-stock-rotation-radar-https-docs\outputs\radar_vnext_p1_legacy_regime_selected_stock_unadjusted_ohlc_source_package_20260708\raw_sources\2330_2015-11_TWSE.json,2026-07-08T06:40:44+00:00,
2330,2019-11,TWSE,reused_local_official_raw,21,21,https://www.twse.com.tw/exchangeReport/STOCK_DAY?date=20191101&stockNo=2330&response=json,93e655aa6a07e82f5b249e62bc427f02be295e50e1a77c318664584527d319ed,C:\Users\zergv\Documents\Codex\2026-05-23\ai-stock-rotation-radar-https-docs\outputs\radar_vnext_p1_legacy_regime_selected_stock_unadjusted_ohlc_source_package_20260708\raw_sources\2330_2019-11_TWSE.json,2026-07-08T06:40:45+00:00,
2330,2019-12,TWSE,reused_local_official_raw,6,6,https://www.twse.com.tw/exchangeReport/STOCK_DAY?date=20191201&stockNo=2330&response=json,e7a79d42e203e9df227111ea482adde08dfe63ae26ee7df555e6ded8ae923cf1,C:\Users\zergv\Documents\Codex\2026-05-23\ai-stock-rotation-radar-https-docs\outputs\radar_vnext_p1_legacy_regime_selected_stock_unadjusted_ohlc_source_package_20260708\raw_sources\2330_2019-12_TWSE.json,2026-07-08T06:40:45+00:00,
2330,2020-08,TWSE,reused_local_official_raw,21,21,https://www.twse.com.tw/exchangeReport/STOCK_DAY?date=20200801&stockNo=2330&response=json,3c493958773f92798e9b0bcdc28e64dd6e18d5cfd84f83f4b60a902c92ec060a,C:\Users\zergv\Documents\Codex\2026-05-23\ai-stock-rotation-radar-https-docs\outputs\radar_vnext_p1_legacy_regime_selected_stock_unadjusted_ohlc_source_package_20260708\raw_sources\2330_2020-08_TWSE.json,2026-07-08T06:40:46+00:00,
2330,2020-09,TWSE,reused_local_official_raw,22,22,https://www.twse.com.tw/exchangeReport/STOCK_DAY?date=20200901&stockNo=2330&response=json,27303bf415dcf6bab006590853c5c8b06e66b6258260ed0a2ac28c3aebb01f1e,C:\Users\zergv\Documents\Codex\2026-05-23\ai-stock-rotation-radar-https-docs\outputs\radar_vnext_p1_legacy_regime_selected_stock_unadjusted_ohlc_source_package_20260708\raw_sources\2330_2020-09_TWSE.json,2026-07-08T06:40:46+00:00,
2330,2021-01,TWSE,reused_local_official_raw,20,20,https://www.twse.com.tw/exchangeReport/STOCK_DAY?date=20210101&stockNo=2330&response=json,e90d24cf717b7756860b3133eaf96f4f8b4ff8afac58dafe711cd652d2a4387e,C:\Users\zergv\Documents\Codex\2026-05-23\ai-stock-rotation-radar-https-docs\outputs\radar_vnext_p1_legacy_regime_selected_stock_unadjusted_ohlc_source_package_20260708\raw_sources\2330_2021-01_TWSE.json,2026-07-08T06:40:46+00:00,
2330,2021-02,TWSE,reused_local_official_raw,13,13,https://www.twse.com.tw/exchangeReport/STOCK_DAY?date=20210201&stockNo=2330&response=json,629d4541f41d283b84f08f27be4188b08020fe0550ac35e16a74474aba425c1d,C:\Users\zergv\Documents\Codex\2026-05-23\ai-stock-rotation-radar-https-docs\outputs\radar_vnext_p1_legacy_regime_selected_stock_unadjusted_ohlc_source_package_20260708\raw_sources\2330_2021-02_TWSE.json,2026-07-08T06:40:46+00:00,
2330,2021-03,TWSE,reused_local_official_raw,22,22,https://www.twse.com.tw/exchangeReport/STOCK_DAY?date=20210301&stockNo=2330&response=json,f898980ad3e5b31c5de8f96892d1e2e506f9a7755f15860dd60a16fa20e451ab,C:\Users\zergv\Documents\Codex\2026-05-23\ai-stock-rotation-radar-https-docs\outputs\radar_vnext_p1_legacy_regime_selected_stock_unadjusted_ohlc_source_package_20260708\raw_sources\2330_2021-03_TWSE.json,2026-07-08T06:40:46+00:00,
2330,2021-10,TWSE,reused_local_official_raw,20,20,https://www.twse.com.tw/exchangeReport/STOCK_DAY?date=20211001&stockNo=2330&response=json,57bdb6cb58b3a1670c9addf8bc44b389d642500a507ed9e529e280c18cc3e0f3,C:\Users\zergv\Documents\Codex\2026-05-23\ai-stock-rotation-radar-https-docs\outputs\radar_vnext_p1_legacy_regime_selected_stock_unadjusted_ohlc_source_package_20260708\raw_sources\2330_2021-10_TWSE.json,2026-07-08T06:40:47+00:00,
2330,2022-07,TWSE,reused_local_official_raw,21,21,https://www.twse.com.tw/exchangeReport/STOCK_DAY?date=20220701&stockNo=2330&response=json,18c351d838346d5c14fdf4406a3d43bfc04dd8cbe5473ae36d251f8808229b6d,C:\Users\zergv\Documents\Codex\2026-05-23\ai-stock-rotation-radar-https-docs\outputs\radar_vnext_p1_legacy_regime_selected_stock_unadjusted_ohlc_source_package_20260708\raw_sources\2330_2022-07_TWSE.json,2026-07-08T06:40:47+00:00,
2330,2022-08,TWSE,reused_local_official_raw,23,23,https://www.twse.com.tw/exchangeReport/STOCK_DAY?date=20220801&stockNo=2330&response=json,c7766eeef03a7ad923aade0778b8616092d9d075459102623b6b2cdb55f8e824,C:\Users\zergv\Documents\Codex\2026-05-23\ai-stock-rotation-radar-https-docs\outputs\radar_vnext_p1_legacy_regime_selected_stock_unadjusted_ohlc_source_package_20260708\raw_sources\2330_2022-08_TWSE.json,2026-07-08T06:40:47+00:00,
2330,2022-12,TWSE,reused_local_official_raw,22,22,https://www.twse.com.tw/exchangeReport/STOCK_DAY?date=20221201&stockNo=2330&response=json,9b39e5015cd4b7ba541a3b7f3c30a98ec78d2e3cf28363328ce2350e392b2ec8,C:\Users\zergv\Documents\Codex\2026-05-23\ai-stock-rotation-radar-https-docs\outputs\radar_vnext_p1_legacy_regime_selected_stock_unadjusted_ohlc_source_package_20260708\raw_sources\2330_2022-12_TWSE.json,2026-07-08T06:40:47+00:00,
2454,2015-07,TWSE,reused_local_official_raw,6,6,https://www.twse.com.tw/exchangeReport/STOCK_DAY?date=20150701&stockNo=2454&response=json,6f2399e6cb69b7f249f095f7ead5b7c03c8d98a3d1109c0dbaff4c61458e8b76,C:\Users\zergv\Documents\Codex\2026-05-23\ai-stock-rotation-radar-https-docs\outputs\radar_vnext_p1_legacy_regime_selected_stock_unadjusted_ohlc_source_package_20260708\raw_sources\2454_2015-07_TWSE.json,2026-07-08T06:41:06+00:00,
2454,2019-11,TWSE,reused_local_official_raw,21,21,https://www.twse.com.tw/exchangeReport/STOCK_DAY?date=20191101&stockNo=2454&response=json,47d71c02c5bd4bceaecc128669657140d9b0227f308404b14d1d6d4653c519e8,C:\Users\zergv\Documents\Codex\2026-05-23\ai-stock-rotation-radar-https-docs\outputs\radar_vnext_p1_legacy_regime_selected_stock_unadjusted_ohlc_source_package_20260708\raw_sources\2454_2019-11_TWSE.json,2026-07-08T06:41:07+00:00,
2454,2019-12,TWSE,reused_local_official_raw,16,16,https://www.twse.com.tw/exchangeReport/STOCK_DAY?date=20191201&stockNo=2454&response=json,d68b42b15212112d21ad67f09571ab87472114949a84cf32209a0c887c98496b,C:\Users\zergv\Documents\Codex\2026-05-23\ai-stock-rotation-radar-https-docs\outputs\radar_vnext_p1_legacy_regime_selected_stock_unadjusted_ohlc_source_package_20260708\raw_sources\2454_2019-12_TWSE.json,2026-07-08T06:41:07+00:00,
2891,2016-08,TWSE,reused_local_official_raw,23,23,https://www.twse.com.tw/exchangeReport/STOCK_DAY?date=20160801&stockNo=2891&response=json,ae9eb73fbd99bdd209af4d7d4d6d5bcbb35ddd79e2da26940dcd43c71c2e2b89,C:\Users\zergv\Documents\Codex\2026-05-23\ai-stock-rotation-radar-https-docs\outputs\radar_vnext_p1_legacy_regime_selected_stock_unadjusted_ohlc_source_package_20260708\raw_sources\2891_2016-08_TWSE.json,2026-07-08T06:41:26+00:00,
2891,2016-09,TWSE,reused_local_official_raw,11,11,https://www.twse.com.tw/exchangeReport/STOCK_DAY?date=20160901&stockNo=2891&response=json,3a0e3dd136638494a65e62b169f2b9e0dca64053a260277d95dc2ffc0df6998f,C:\Users\zergv\Documents\Codex\2026-05-23\ai-stock-rotation-radar-https-docs\outputs\radar_vnext_p1_legacy_regime_selected_stock_unadjusted_ohlc_source_package_20260708\raw_sources\2891_2016-09_TWSE.json,2026-07-08T06:41:26+00:00,
3346,2017-02,TWSE,reused_local_official_raw,6,6,https://www.twse.com.tw/exchangeReport/STOCK_DAY?date=20170201&stockNo=3346&response=json,80a557c6909aad4f0553901f606b89db77024bb0255843c567fd443a0b89c0f9,C:\Users\zergv\Documents\Codex\2026-05-23\ai-stock-rotation-radar-https-docs\outputs\radar_vnext_p1_legacy_regime_selected_stock_unadjusted_ohlc_source_package_20260708\raw_sources\3346_2017-02_TWSE.json,2026-07-08T06:41:55+00:00,
5483,2019-05,TPEx,reused_local_official_raw,18,18,https://www.tpex.org.tw/www/zh-tw/afterTrading/tradingStock?code=5483&date=2019%2F05%2F01&response=json,4d72b79844d8d03f94c466c757bc29cd0c4937f9d1eb9c971696e354fbdf2101,C:\Users\zergv\Documents\Codex\2026-05-23\ai-stock-rotation-radar-https-docs\outputs\radar_vnext_p1_legacy_regime_selected_stock_unadjusted_ohlc_source_package_20260708\raw_sources\5483_2019-05_TPEx.json,2026-07-08T06:43:01+00:00,
8163,2018-07,TWSE,reused_local_official_raw,11,11,https://www.twse.com.tw/exchangeReport/STOCK_DAY?date=20180701&stockNo=8163&response=json,7a910d51b9e3cfa01955449e673c13c74be288b364c62e12ea8c310fad8ddf9c,C:\Users\zergv\Documents\Codex\2026-05-23\ai-stock-rotation-radar-https-docs\outputs\radar_vnext_p1_legacy_regime_selected_stock_unadjusted_ohlc_source_package_20260708\raw_sources\8163_2018-07_TWSE.json,2026-07-08T06:43:54+00:00,
1101,2018-07,TWSE,accepted_new_official_raw,6,6,https://www.twse.com.tw/exchangeReport/STOCK_DAY?date=20180701&stockNo=1101&response=json,99ba7f6e59ef036bdbb1654d80e51e226f8eedf604b483ed32f06e321910c0e4,C:\Users\zergv\Documents\Codex\2026-05-23\ai-stock-rotation-radar-https-docs\outputs\radar_vnext_p1_dynamic80_incumbent_hold_selected_stock_daily_ohlc_gap_fill_20260710\raw_sources\1101_2018-07_TWSE.json,2026-07-10T11:44:36+00:00,
1216,2019-01,TWSE,accepted_new_official_raw,18,18,https://www.twse.com.tw/exchangeReport/STOCK_DAY?date=20190101&stockNo=1216&response=json,3fd34cb73e153f272ea15d863a1a6ddf9fb8e174a1aa6a31e50c19ac70015db9,C:\Users\zergv\Documents\Codex\2026-05-23\ai-stock-rotation-radar-https-docs\outputs\radar_vnext_p1_dynamic80_incumbent_hold_selected_stock_daily_ohlc_gap_fill_20260710\raw_sources\1216_2019-01_TWSE.json,2026-07-10T11:44:37+00:00,
1216,2019-02,TWSE,accepted_new_official_raw,6,6,https://www.twse.com.tw/exchangeReport/STOCK_DAY?date=20190201&stockNo=1216&response=json,a3e30f69b8c39d391e96e76693ba4f5fede55eb62b060e9c292e1c1ccbb28111,C:\Users\zergv\Documents\Codex\2026-05-23\ai-stock-rotation-radar-https-docs\outputs\radar_vnext_p1_dynamic80_incumbent_hold_selected_stock_daily_ohlc_gap_fill_20260710\raw_sources\1216_2019-02_TWSE.json,2026-07-10T11:44:37+00:00,
1216,2021-02,TWSE,accepted_new_official_raw,5,5,https://www.twse.com.tw/exchangeReport/STOCK_DAY?date=20210201&stockNo=1216&response=json,6e453ee5796ff75b2e217744024d66237b47a62ccf3ef7a0a175db3ba092fcb8,C:\Users\zergv\Documents\Codex\2026-05-23\ai-stock-rotation-radar-https-docs\outputs\radar_vnext_p1_dynamic80_incumbent_hold_selected_stock_daily_ohlc_gap_fill_20260710\raw_sources\1216_2021-02_TWSE.json,2026-07-10T11:44:37+00:00,
1216,2021-03,TWSE,accepted_new_official_raw,10,10,https://www.twse.com.tw/exchangeReport/STOCK_DAY?date=20210301&stockNo=1216&response=json,d32af84921dd7f3baf83b7450b1be8a0587a95c30aac182c9bf9482397690b99,C:\Users\zergv\Documents\Codex\2026-05-23\ai-stock-rotation-radar-https-docs\outputs\radar_vnext_p1_dynamic80_incumbent_hold_selected_stock_daily_ohlc_gap_fill_20260710\raw_sources\1216_2021-03_TWSE.json,2026-07-10T11:44:38+00:00,
1216,2022-12,TWSE,accepted_new_official_raw,3,3,https://www.twse.com.tw/exchangeReport/STOCK_DAY?date=20221201&stockNo=1216&response=json,fd9401949c8f1fdbe768d5f124dc3a783b9ab0624ba4a6c065975dc95a5f3f86,C:\Users\zergv\Documents\Codex\2026-05-23\ai-stock-rotation-radar-https-docs\outputs\radar_vnext_p1_dynamic80_incumbent_hold_selected_stock_daily_ohlc_gap_fill_20260710\raw_sources\1216_2022-12_TWSE.json,2026-07-10T11:44:38+00:00,
1301,2019-03,TWSE,accepted_new_official_raw,15,15,https://www.twse.com.tw/exchangeReport/STOCK_DAY?date=20190301&stockNo=1301&response=json,06950a075b04dbfa809d646062fcefad582a3a63452a73954b66fb6ac90645a3,C:\Users\zergv\Documents\Codex\2026-05-23\ai-stock-rotation-radar-https-docs\outputs\radar_vnext_p1_dynamic80_incumbent_hold_selected_stock_daily_ohlc_gap_fill_20260710\raw_sources\1301_2019-03_TWSE.json,2026-07-10T11:44:38+00:00,
1301,2019-04,TWSE,accepted_new_official_raw,9,9,https://www.twse.com.tw/exchangeReport/STOCK_DAY?date=20190401&stockNo=1301&response=json,da84bcf3d9e06e55d5977532c6476d1beec7a64da2b925d319fc3d415af6a16f,C:\Users\zergv\Documents\Codex\2026-05-23\ai-stock-rotation-radar-https-docs\outputs\radar_vnext_p1_dynamic80_incumbent_hold_selected_stock_daily_ohlc_gap_fill_20260710\raw_sources\1301_2019-04_TWSE.json,2026-07-10T11:44:38+00:00,
1326,2018-04,TWSE,accepted_new_official_raw,6,6,https://www.twse.com.tw/exchangeReport/STOCK_DAY?date=20180401&stockNo=1326&response=json,58d00310749e84348bbff6a5a39613e148b2ec8702ac19a0973289c0774e0953,C:\Users\zergv\Documents\Codex\2026-05-23\ai-stock-rotation-radar-https-docs\outputs\radar_vnext_p1_dynamic80_incumbent_hold_selected_stock_daily_ohlc_gap_fill_20260710\raw_sources\1326_2018-04_TWSE.json,2026-07-10T11:44:39+00:00,
1326,2018-05,TWSE,accepted_new_official_raw,22,22,https://www.twse.com.tw/exchangeReport/STOCK_DAY?date=20180501&stockNo=1326&response=json,92fecff69a3b0f24b92afedb75faf5932821870525eb7a7f07c9c91f84b40f00,C:\Users\zergv\Documents\Codex\2026-05-23\ai-stock-rotation-radar-https-docs\outputs\radar_vnext_p1_dynamic80_incumbent_hold_selected_stock_daily_ohlc_gap_fill_20260710\raw_sources\1326_2018-05_TWSE.json,2026-07-10T11:44:39+00:00,
1326,2018-06,TWSE,accepted_new_official_raw,20,20,https://www.twse.com.tw/exchangeReport/STOCK_DAY?date=20180601&stockNo=1326&response=json,a49265b3e3a362cc88942a52b96aee3e4c1d3afed95aa36d9c2682471f7c3b92,C:\Users\zergv\Documents\Codex\2026-05-23\ai-stock-rotation-radar-https-docs\outputs\radar_vnext_p1_dynamic80_incumbent_hold_selected_stock_daily_ohlc_gap_fill_20260710\raw_sources\1326_2018-06_TWSE.json,2026-07-10T11:44:39+00:00,
1326,2018-07,TWSE,accepted_new_official_raw,21,21,https://www.twse.com.tw/exchangeReport/STOCK_DAY?date=20180701&stockNo=1326&response=json,e9fe8ebe893a232fd85b2056148c642ec45edae96d5c7919c4699220c8400a99,C:\Users\zergv\Documents\Codex\2026-05-23\ai-stock-rotation-radar-https-docs\outputs\radar_vnext_p1_dynamic80_incumbent_hold_selected_stock_daily_ohlc_gap_fill_20260710\raw_sources\1326_2018-07_TWSE.json,2026-07-10T11:44:40+00:00,
2303,2015-07,TWSE,accepted_new_official_raw,11,10,https://www.twse.com.tw/exchangeReport/STOCK_DAY?date=20150701&stockNo=2303&response=json,5e19f600df971fb7de53689b49a934c216153d7254821a3adfbd799362ee0461,C:\Users\zergv\Documents\Codex\2026-05-23\ai-stock-rotation-radar-https-docs\outputs\radar_vnext_p1_dynamic80_incumbent_hold_selected_stock_daily_ohlc_gap_fill_20260710\raw_sources\2303_2015-07_TWSE.json,2026-07-10T11:44:40+00:00,
2303,2017-12,TWSE,accepted_new_official_raw,6,6,https://www.twse.com.tw/exchangeReport/STOCK_DAY?date=20171201&stockNo=2303&response=json,8414c9907931576a22063422e964ae7b8b5eedfc8c3cb62c03e08edb7590b92a,C:\Users\zergv\Documents\Codex\2026-05-23\ai-stock-rotation-radar-https-docs\outputs\radar_vnext_p1_dynamic80_incumbent_hold_selected_stock_daily_ohlc_gap_fill_20260710\raw_sources\2303_2017-12_TWSE.json,2026-07-10T11:44:40+00:00,
2303,2021-06,TWSE,accepted_new_official_raw,3,3,https://www.twse.com.tw/exchangeReport/STOCK_DAY?date=20210601&stockNo=2303&response=json,e420761eb02316c4956386c8982b703ea08096760a05020bb91bd26d87d5020b,C:\Users\zergv\Documents\Codex\2026-05-23\ai-stock-rotation-radar-https-docs\outputs\radar_vnext_p1_dynamic80_incumbent_hold_selected_stock_daily_ohlc_gap_fill_20260710\raw_sources\2303_2021-06_TWSE.json,2026-07-10T11:44:40+00:00,
2303,2021-07,TWSE,accepted_new_official_raw,8,8,https://www.twse.com.tw/exchangeReport/STOCK_DAY?date=20210701&stockNo=2303&response=json,53827e2d41d145a3296680d756ff3b17168de380fe5c59b9d86dedbefdcd6fc4,C:\Users\zergv\Documents\Codex\2026-05-23\ai-stock-rotation-radar-https-docs\outputs\radar_vnext_p1_dynamic80_incumbent_hold_selected_stock_daily_ohlc_gap_fill_20260710\raw_sources\2303_2021-07_TWSE.json,2026-07-10T11:44:41+00:00,
2303,2022-01,TWSE,accepted_new_official_raw,3,3,https://www.twse.com.tw/exchangeReport/STOCK_DAY?date=20220101&stockNo=2303&response=json,f88b673d8e69c2b00cb7b8bff03dad71326a9c84ddb5118f0845c4b4448919f2,C:\Users\zergv\Documents\Codex\2026-05-23\ai-stock-rotation-radar-https-docs\outputs\radar_vnext_p1_dynamic80_incumbent_hold_selected_stock_daily_ohlc_gap_fill_20260710\raw_sources\2303_2022-01_TWSE.json,2026-07-10T11:44:41+00:00,
2303,2022-02,TWSE,accepted_new_official_raw,1,1,https://www.twse.com.tw/exchangeReport/STOCK_DAY?date=20220201&stockNo=2303&response=json,648b479c5e337fc9f170cfb2d56ecfb6bc95c097fa13adb9750d6ac6d2f2dc99,C:\Users\zergv\Documents\Codex\2026-05-23\ai-stock-rotation-radar-https-docs\outputs\radar_vnext_p1_dynamic80_incumbent_hold_selected_stock_daily_ohlc_gap_fill_20260710\raw_sources\2303_2022-02_TWSE.json,2026-07-10T11:44:41+00:00,
2308,2015-03,TWSE,accepted_new_official_raw,2,2,https://www.twse.com.tw/exchangeReport/STOCK_DAY?date=20150301&stockNo=2308&response=json,d64fd1ab542100944dedf0d228fbd15ebaabbca9b862b0052dd5d1c2f0fddcd4,C:\Users\zergv\Documents\Codex\2026-05-23\ai-stock-rotation-radar-https-docs\outputs\radar_vnext_p1_dynamic80_incumbent_hold_selected_stock_daily_ohlc_gap_fill_20260710\raw_sources\2308_2015-03_TWSE.json,2026-07-10T11:44:41+00:00,
2308,2015-04,TWSE,accepted_new_official_raw,3,3,https://www.twse.com.tw/exchangeReport/STOCK_DAY?date=20150401&stockNo=2308&response=json,709ebb1e8a51e075ead140694b6657ecdcd5d04b27c1af67deae77216447e553,C:\Users\zergv\Documents\Codex\2026-05-23\ai-stock-rotation-radar-https-docs\outputs\radar_vnext_p1_dynamic80_incumbent_hold_selected_stock_daily_ohlc_gap_fill_20260710\raw_sources\2308_2015-04_TWSE.json,2026-07-10T11:44:42+00:00,
2308,2019-05,TWSE,accepted_new_official_raw,5,5,https://www.twse.com.tw/exchangeReport/STOCK_DAY?date=20190501&stockNo=2308&response=json,c76ef9d8645cfbfb136770b31ccd875e9f17d9fe11dd49dd131810b7235f78b9,C:\Users\zergv\Documents\Codex\2026-05-23\ai-stock-rotation-radar-https-docs\outputs\radar_vnext_p1_dynamic80_incumbent_hold_selected_stock_daily_ohlc_gap_fill_20260710\raw_sources\2308_2019-05_TWSE.json,2026-07-10T11:44:42+00:00,
2308,2019-06,TWSE,accepted_new_official_raw,16,16,https://www.twse.com.tw/exchangeReport/STOCK_DAY?date=20190601&stockNo=2308&response=json,528db856e3ec84b258e1f8cd5a8e191fd0b09621b81dfb88de914559a9110ffb,C:\Users\zergv\Documents\Codex\2026-05-23\ai-stock-rotation-radar-https-docs\outputs\radar_vnext_p1_dynamic80_incumbent_hold_selected_stock_daily_ohlc_gap_fill_20260710\raw_sources\2308_2019-06_TWSE.json,2026-07-10T11:44:42+00:00,
2308,2019-07,TWSE,accepted_new_official_raw,11,11,https://www.twse.com.tw/exchangeReport/STOCK_DAY?date=20190701&stockNo=2308&response=json,c52e2b9f10f3122003fc23cbfca88ada6555dea9677853e13bc3b4fc8933f91f,C:\Users\zergv\Documents\Codex\2026-05-23\ai-stock-rotation-radar-https-docs\outputs\radar_vnext_p1_dynamic80_incumbent_hold_selected_stock_daily_ohlc_gap_fill_20260710\raw_sources\2308_2019-07_TWSE.json,2026-07-10T11:44:42+00:00,
2308,2022-02,TWSE,accepted_new_official_raw,10,10,https://www.twse.com.tw/exchangeReport/STOCK_DAY?date=20220201&stockNo=2308&response=json,49e37d35490828f26a0f3279a332367e153719e517dd2b384e64c919bdc6c231,C:\Users\zergv\Documents\Codex\2026-05-23\ai-stock-rotation-radar-https-docs\outputs\radar_vnext_p1_dynamic80_incumbent_hold_selected_stock_daily_ohlc_gap_fill_20260710\raw_sources\2308_2022-02_TWSE.json,2026-07-10T11:44:43+00:00,
2308,2022-03,TWSE,accepted_new_official_raw,1,1,https://www.twse.com.tw/exchangeReport/STOCK_DAY?date=20220301&stockNo=2308&response=json,832c0ce77c00e77be1eafb3ac2dc74dbe9597b2dccccc3506662bdaf78cb9651,C:\Users\zergv\Documents\Codex\2026-05-23\ai-stock-rotation-radar-https-docs\outputs\radar_vnext_p1_dynamic80_incumbent_hold_selected_stock_daily_ohlc_gap_fill_20260710\raw_sources\2308_2022-03_TWSE.json,2026-07-10T11:44:43+00:00,
2317,2015-03,TWSE,accepted_new_official_raw,6,6,https://www.twse.com.tw/exchangeReport/STOCK_DAY?date=20150301&stockNo=2317&response=json,bdff2fd54c7aa03edce84e8b8edf35ffd7aab7808ee480658ca74199763ac6d3,C:\Users\zergv\Documents\Codex\2026-05-23\ai-stock-rotation-radar-https-docs\outputs\radar_vnext_p1_dynamic80_incumbent_hold_selected_stock_daily_ohlc_gap_fill_20260710\raw_sources\2317_2015-03_TWSE.json,2026-07-10T11:44:43+00:00,
2317,2016-03,TWSE,accepted_new_official_raw,14,13,https://www.twse.com.tw/exchangeReport/STOCK_DAY?date=20160301&stockNo=2317&response=json,fdcbc45485f44e57698265b73a3e6ccbf0aa3966d975d3f1456a86a4b608db9e,C:\Users\zergv\Documents\Codex\2026-05-23\ai-stock-rotation-radar-https-docs\outputs\radar_vnext_p1_dynamic80_incumbent_hold_selected_stock_daily_ohlc_gap_fill_20260710\raw_sources\2317_2016-03_TWSE.json,2026-07-10T11:44:44+00:00,
2317,2016-04,TWSE,accepted_new_official_raw,19,19,https://www.twse.com.tw/exchangeReport/STOCK_DAY?date=20160401&stockNo=2317&response=json,7da3f8ec9bef0cf55c4918a99d33558d8742655f48c8e825293c75c71292d316,C:\Users\zergv\Documents\Codex\2026-05-23\ai-stock-rotation-radar-https-docs\outputs\radar_vnext_p1_dynamic80_incumbent_hold_selected_stock_daily_ohlc_gap_fill_20260710\raw_sources\2317_2016-04_TWSE.json,2026-07-10T11:44:44+00:00,
2317,2016-05,TWSE,accepted_new_official_raw,10,10,https://www.twse.com.tw/exchangeReport/STOCK_DAY?date=20160501&stockNo=2317&response=json,18e2605b8d842c7c8c733a33d236389385dad60d294becdde85193266cd8ad51,C:\Users\zergv\Documents\Codex\2026-05-23\ai-stock-rotation-radar-https-docs\outputs\radar_vnext_p1_dynamic80_incumbent_hold_selected_stock_daily_ohlc_gap_fill_20260710\raw_sources\2317_2016-05_TWSE.json,2026-07-10T11:44:44+00:00,
2317,2017-01,TWSE,accepted_new_official_raw,2,2,https://www.twse.com.tw/exchangeReport/STOCK_DAY?date=20170101&stockNo=2317&response=json,646ee2683c0b3683b66fcf371d129aab2adcc33a277dae84d9d2f22def5ff94a,C:\Users\zergv\Documents\Codex\2026-05-23\ai-stock-rotation-radar-https-docs\outputs\radar_vnext_p1_dynamic80_incumbent_hold_selected_stock_daily_ohlc_gap_fill_20260710\raw_sources\2317_2017-01_TWSE.json,2026-07-10T11:44:45+00:00,
2317,2017-02,TWSE,accepted_new_official_raw,1,1,https://www.twse.com.tw/exchangeReport/STOCK_DAY?date=20170201&stockNo=2317&response=json,c146fa3bf4b6621b8e21b5878386f9b8c6313f2d0390fb7d6cad173d5e257710,C:\Users\zergv\Documents\Codex\2026-05-23\ai-stock-rotation-radar-https-docs\outputs\radar_vnext_p1_dynamic80_incumbent_hold_selected_stock_daily_ohlc_gap_fill_20260710\raw_sources\2317_2017-02_TWSE.json,2026-07-10T11:44:45+00:00,
2317,2017-03,TWSE,accepted_new_official_raw,20,20,https://www.twse.com.tw/exchangeReport/STOCK_DAY?date=20170301&stockNo=2317&response=json,7e9fce5539930d15c13f8a8d184da1f5e86dfde199699fd6219483d3894e44d1,C:\Users\zergv\Documents\Codex\2026-05-23\ai-stock-rotation-radar-https-docs\outputs\radar_vnext_p1_dynamic80_incumbent_hold_selected_stock_daily_ohlc_gap_fill_20260710\raw_sources\2317_2017-03_TWSE.json,2026-07-10T11:44:45+00:00,
2317,2017-04,TWSE,accepted_new_official_raw,9,9,https://www.twse.com.tw/exchangeReport/STOCK_DAY?date=20170401&stockNo=2317&response=json,9d8abc80c954774fb18988130638cf361430756da11d91d13976f73cd42be207,C:\Users\zergv\Documents\Codex\2026-05-23\ai-stock-rotation-radar-https-docs\outputs\radar_vnext_p1_dynamic80_incumbent_hold_selected_stock_daily_ohlc_gap_fill_20260710\raw_sources\2317_2017-04_TWSE.json,2026-07-10T11:44:46+00:00,
2317,2018-03,TWSE,accepted_new_official_raw,15,15,https://www.twse.com.tw/exchangeReport/STOCK_DAY?date=20180301&stockNo=2317&response=json,771bd3e77f194221ecb627dddb96a8f34c3e7bc2be4ac19fa720a41c71d41b0a,C:\Users\zergv\Documents\Codex\2026-05-23\ai-stock-rotation-radar-https-docs\outputs\radar_vnext_p1_dynamic80_incumbent_hold_selected_stock_daily_ohlc_gap_fill_20260710\raw_sources\2317_2018-03_TWSE.json,2026-07-10T11:44:46+00:00,
2317,2018-04,TWSE,accepted_new_official_raw,3,3,https://www.twse.com.tw/exchangeReport/STOCK_DAY?date=20180401&stockNo=2317&response=json,896854530580477dcaadbddc22cbfc08cc1eca11e37f884dd18013c403ad6878,C:\Users\zergv\Documents\Codex\2026-05-23\ai-stock-rotation-radar-https-docs\outputs\radar_vnext_p1_dynamic80_incumbent_hold_selected_stock_daily_ohlc_gap_fill_20260710\raw_sources\2317_2018-04_TWSE.json,2026-07-10T11:44:46+00:00,
2317,2018-05,TWSE,accepted_new_official_raw,14,14,https://www.twse.com.tw/exchangeReport/STOCK_DAY?date=20180501&stockNo=2317&response=json,f296c8d4da4b5e40449d11ca1c0be8ec97bd544dad028f2cf1258a1e20cbd4a2,C:\Users\zergv\Documents\Codex\2026-05-23\ai-stock-rotation-radar-https-docs\outputs\radar_vnext_p1_dynamic80_incumbent_hold_selected_stock_daily_ohlc_gap_fill_20260710\raw_sources\2317_2018-05_TWSE.json,2026-07-10T11:44:47+00:00,
2317,2018-06,TWSE,accepted_new_official_raw,12,12,https://www.twse.com.tw/exchangeReport/STOCK_DAY?date=20180601&stockNo=2317&response=json,b35943e61697d42e174a2cbe7ad26c99c0d6f132478849c4189479538f16f456,C:\Users\zergv\Documents\Codex\2026-05-23\ai-stock-rotation-radar-https-docs\outputs\radar_vnext_p1_dynamic80_incumbent_hold_selected_stock_daily_ohlc_gap_fill_20260710\raw_sources\2317_2018-06_TWSE.json,2026-07-10T11:44:47+00:00,
2317,2018-07,TWSE,accepted_new_official_raw,2,2,https://www.twse.com.tw/exchangeReport/STOCK_DAY?date=20180701&stockNo=2317&response=json,e17b5532ca2bf8190d4ceb12e2a869f87bfdf0d69de47ea9e23a8c5ddd01e3b7,C:\Users\zergv\Documents\Codex\2026-05-23\ai-stock-rotation-radar-https-docs\outputs\radar_vnext_p1_dynamic80_incumbent_hold_selected_stock_daily_ohlc_gap_fill_20260710\raw_sources\2317_2018-07_TWSE.json,2026-07-10T11:44:47+00:00,
2317,2018-08,TWSE,accepted_new_official_raw,23,23,https://www.twse.com.tw/exchangeReport/STOCK_DAY?date=20180801&stockNo=2317&response=json,959e5676963a7e99af2f64f8baddfa68ef7170b503660fe7a4144db7dabbca83,C:\Users\zergv\Documents\Codex\2026-05-23\ai-stock-rotation-radar-https-docs\outputs\radar_vnext_p1_dynamic80_incumbent_hold_selected_stock_daily_ohlc_gap_fill_20260710\raw_sources\2317_2018-08_TWSE.json,2026-07-10T11:44:48+00:00,
2317,2018-09,TWSE,accepted_new_official_raw,19,19,https://www.twse.com.tw/exchangeReport/STOCK_DAY?date=20180901&stockNo=2317&response=json,62d3e6994473f0a525ecbba51b3823793ea1823571599b2243adc7c5516970af,C:\Users\zergv\Documents\Codex\2026-05-23\ai-stock-rotation-radar-https-docs\outputs\radar_vnext_p1_dynamic80_incumbent_hold_selected_stock_daily_ohlc_gap_fill_20260710\raw_sources\2317_2018-09_TWSE.json,2026-07-10T11:44:48+00:00,
2317,2018-10,TWSE,accepted_new_official_raw,15,12,https://www.twse.com.tw/exchangeReport/STOCK_DAY?date=20181001&stockNo=2317&response=json,89e27a917d80909174b748f8d6c09c3b30fda355cfca653c4890a3ef71ffb389,C:\Users\zergv\Documents\Codex\2026-05-23\ai-stock-rotation-radar-https-docs\outputs\radar_vnext_p1_dynamic80_incumbent_hold_selected_stock_daily_ohlc_gap_fill_20260710\raw_sources\2317_2018-10_TWSE.json,2026-07-10T11:44:48+00:00,
2317,2019-06,TWSE,accepted_new_official_raw,5,5,https://www.twse.com.tw/exchangeReport/STOCK_DAY?date=20190601&stockNo=2317&response=json,d4f2e07a16cc0e2497a75d4a3cafdce869fbc07da548b7428191636e16604f38,C:\Users\zergv\Documents\Codex\2026-05-23\ai-stock-rotation-radar-https-docs\outputs\radar_vnext_p1_dynamic80_incumbent_hold_selected_stock_daily_ohlc_gap_fill_20260710\raw_sources\2317_2019-06_TWSE.json,2026-07-10T11:44:49+00:00,
2317,2020-01,TWSE,accepted_new_official_raw,6,6,https://www.twse.com.tw/exchangeReport/STOCK_DAY?date=20200101&stockNo=2317&response=json,d432d0e45b0972c8301462431e854e257df992f122404a88c7139a9afc85b4b8,C:\Users\zergv\Documents\Codex\2026-05-23\ai-stock-rotation-radar-https-docs\outputs\radar_vnext_p1_dynamic80_incumbent_hold_selected_stock_daily_ohlc_gap_fill_20260710\raw_sources\2317_2020-01_TWSE.json,2026-07-10T11:44:49+00:00,
2317,2020-08,TWSE,accepted_new_official_raw,11,11,https://www.twse.com.tw/exchangeReport/STOCK_DAY?date=20200801&stockNo=2317&response=json,06dc2e962918d747398da06508383ff14d28c78e0012fb67a2137d3c60e23586,C:\Users\zergv\Documents\Codex\2026-05-23\ai-stock-rotation-radar-https-docs\outputs\radar_vnext_p1_dynamic80_incumbent_hold_selected_stock_daily_ohlc_gap_fill_20260710\raw_sources\2317_2020-08_TWSE.json,2026-07-10T11:44:49+00:00,
2317,2020-09,TWSE,accepted_new_official_raw,15,15,https://www.twse.com.tw/exchangeReport/STOCK_DAY?date=20200901&stockNo=2317&response=json,4367c02eb108d3504a2c585cfa1047397d8e4b0adbe38f8d23c10f737f8ec58c,C:\Users\zergv\Documents\Codex\2026-05-23\ai-stock-rotation-radar-https-docs\outputs\radar_vnext_p1_dynamic80_incumbent_hold_selected_stock_daily_ohlc_gap_fill_20260710\raw_sources\2317_2020-09_TWSE.json,2026-07-10T11:44:49+00:00,
2317,2021-07,TWSE,accepted_new_official_raw,6,6,https://www.twse.com.tw/exchangeReport/STOCK_DAY?date=20210701&stockNo=2317&response=json,a238edaf0abdbf94c3c70ed4bfc78a24be1c764c37e166336437083596c263af,C:\Users\zergv\Documents\Codex\2026-05-23\ai-stock-rotation-radar-https-docs\outputs\radar_vnext_p1_dynamic80_incumbent_hold_selected_stock_daily_ohlc_gap_fill_20260710\raw_sources\2317_2021-07_TWSE.json,2026-07-10T11:44:50+00:00,
2317,2022-09,TWSE,accepted_new_official_raw,10,10,https://www.twse.com.tw/exchangeReport/STOCK_DAY?date=20220901&stockNo=2317&response=json,c96c9a314647651e073898bf99b7679ec461407d7334d9a3fb184e929327f699,C:\Users\zergv\Documents\Codex\2026-05-23\ai-stock-rotation-radar-https-docs\outputs\radar_vnext_p1_dynamic80_incumbent_hold_selected_stock_daily_ohlc_gap_fill_20260710\raw_sources\2317_2022-09_TWSE.json,2026-07-10T11:44:50+00:00,
2317,2022-10,TWSE,accepted_new_official_raw,20,20,https://www.twse.com.tw/exchangeReport/STOCK_DAY?date=20221001&stockNo=2317&response=json,45d1be48fe490de0472c2398abd0896816a86ea261954999635641f80048f042,C:\Users\zergv\Documents\Codex\2026-05-23\ai-stock-rotation-radar-https-docs\outputs\radar_vnext_p1_dynamic80_incumbent_hold_selected_stock_daily_ohlc_gap_fill_20260710\raw_sources\2317_2022-10_TWSE.json,2026-07-10T11:44:50+00:00,
2317,2022-11,TWSE,accepted_new_official_raw,10,10,https://www.twse.com.tw/exchangeReport/STOCK_DAY?date=20221101&stockNo=2317&response=json,5915674d4f83f43f95567e22aa043603394ef89b69397a311f5759fdd364865c,C:\Users\zergv\Documents\Codex\2026-05-23\ai-stock-rotation-radar-https-docs\outputs\radar_vnext_p1_dynamic80_incumbent_hold_selected_stock_daily_ohlc_gap_fill_20260710\raw_sources\2317_2022-11_TWSE.json,2026-07-10T11:44:50+00:00,
2327,2020-05,TWSE,accepted_new_official_raw,5,5,https://www.twse.com.tw/exchangeReport/STOCK_DAY?date=20200501&stockNo=2327&response=json,997d3866d4ffe87bab6a47baf8f88bc6d1aa8576d52bbca1b9235489c9a4a9db,C:\Users\zergv\Documents\Codex\2026-05-23\ai-stock-rotation-radar-https-docs\outputs\radar_vnext_p1_dynamic80_incumbent_hold_selected_stock_daily_ohlc_gap_fill_20260710\raw_sources\2327_2020-05_TWSE.json,2026-07-10T11:44:51+00:00,
2327,2020-06,TWSE,accepted_new_official_raw,6,6,https://www.twse.com.tw/exchangeReport/STOCK_DAY?date=20200601&stockNo=2327&response=json,53118a75596fa9e33295504e917942873bacb99a0e79720de3542ae504360852,C:\Users\zergv\Documents\Codex\2026-05-23\ai-stock-rotation-radar-https-docs\outputs\radar_vnext_p1_dynamic80_incumbent_hold_selected_stock_daily_ohlc_gap_fill_20260710\raw_sources\2327_2020-06_TWSE.json,2026-07-10T11:44:51+00:00,
2327,2020-10,TWSE,accepted_new_official_raw,5,5,https://www.twse.com.tw/exchangeReport/STOCK_DAY?date=20201001&stockNo=2327&response=json,8eb5cc8374b9f2b08e71139da0a63ceedf6b111a698ef3ffbefb3ac711beb693,C:\Users\zergv\Documents\Codex\2026-05-23\ai-stock-rotation-radar-https-docs\outputs\radar_vnext_p1_dynamic80_incumbent_hold_selected_stock_daily_ohlc_gap_fill_20260710\raw_sources\2327_2020-10_TWSE.json,2026-07-10T11:44:51+00:00,
2327,2020-11,TWSE,accepted_new_official_raw,11,11,https://www.twse.com.tw/exchangeReport/STOCK_DAY?date=20201101&stockNo=2327&response=json,7d34e32d200669dc95f5671fd3e0b16c04c87bed2df130a4d9d4afd967ea2695,C:\Users\zergv\Documents\Codex\2026-05-23\ai-stock-rotation-radar-https-docs\outputs\radar_vnext_p1_dynamic80_incumbent_hold_selected_stock_daily_ohlc_gap_fill_20260710\raw_sources\2327_2020-11_TWSE.json,2026-07-10T11:44:51+00:00,
2330,2015-03,TWSE,accepted_new_official_raw,16,16,https://www.twse.com.tw/exchangeReport/STOCK_DAY?date=20150301&stockNo=2330&response=json,a79890fa1e2d10bcbe4dd36f464687ba57854d3ab10e469a5482262791b7be08,C:\Users\zergv\Documents\Codex\2026-05-23\ai-stock-rotation-radar-https-docs\outputs\radar_vnext_p1_dynamic80_incumbent_hold_selected_stock_daily_ohlc_gap_fill_20260710\raw_sources\2330_2015-03_TWSE.json,2026-07-10T11:44:52+00:00,
2330,2015-04,TWSE,accepted_new_official_raw,10,10,https://www.twse.com.tw/exchangeReport/STOCK_DAY?date=20150401&stockNo=2330&response=json,f2e4569e2706450dfd0b169018d7d35ddcdf4dc6ea2981060ad91b8588080a50,C:\Users\zergv\Documents\Codex\2026-05-23\ai-stock-rotation-radar-https-docs\outputs\radar_vnext_p1_dynamic80_incumbent_hold_selected_stock_daily_ohlc_gap_fill_20260710\raw_sources\2330_2015-04_TWSE.json,2026-07-10T11:44:52+00:00,
2330,2015-06,TWSE,accepted_new_official_raw,21,21,https://www.twse.com.tw/exchangeReport/STOCK_DAY?date=20150601&stockNo=2330&response=json,ba3efc59111cc186065562da21e5d7ee616ac404bdaabca044a57016c0773dd9,C:\Users\zergv\Documents\Codex\2026-05-23\ai-stock-rotation-radar-https-docs\outputs\radar_vnext_p1_dynamic80_incumbent_hold_selected_stock_daily_ohlc_gap_fill_20260710\raw_sources\2330_2015-06_TWSE.json,2026-07-10T11:44:52+00:00,
2330,2015-07,TWSE,accepted_new_official_raw,4,4,https://www.twse.com.tw/exchangeReport/STOCK_DAY?date=20150701&stockNo=2330&response=json,3ac6ad8756726bd7a2a0262452a5175eff839b9d5094657d71167b44334a0b2f,C:\Users\zergv\Documents\Codex\2026-05-23\ai-stock-rotation-radar-https-docs\outputs\radar_vnext_p1_dynamic80_incumbent_hold_selected_stock_daily_ohlc_gap_fill_20260710\raw_sources\2330_2015-07_TWSE.json,2026-07-10T11:44:52+00:00,
2330,2015-09,TWSE,accepted_new_official_raw,2,1,https://www.twse.com.tw/exchangeReport/STOCK_DAY?date=20150901&stockNo=2330&response=json,68e03f01ac66f37adeb51f68cc12bb32b07005c0572e3393bb529dc1ba1ec4ba,C:\Users\zergv\Documents\Codex\2026-05-23\ai-stock-rotation-radar-https-docs\outputs\radar_vnext_p1_dynamic80_incumbent_hold_selected_stock_daily_ohlc_gap_fill_20260710\raw_sources\2330_2015-09_TWSE.json,2026-07-10T11:44:52+00:00,
2330,2015-12,TWSE,accepted_new_official_raw,23,23,https://www.twse.com.tw/exchangeReport/STOCK_DAY?date=20151201&stockNo=2330&response=json,ff03b8b86b1902aea4592497df3ab9af2402c9b9771c35d6ce720ec948a0a42a,C:\Users\zergv\Documents\Codex\2026-05-23\ai-stock-rotation-radar-https-docs\outputs\radar_vnext_p1_dynamic80_incumbent_hold_selected_stock_daily_ohlc_gap_fill_20260710\raw_sources\2330_2015-12_TWSE.json,2026-07-10T11:44:53+00:00,
2330,2016-01,TWSE,accepted_new_official_raw,20,5,https://www.twse.com.tw/exchangeReport/STOCK_DAY?date=20160101&stockNo=2330&response=json,aab871e8ce138b39500b4f95961ac67bff757f4aaec7072697d320a56127a532,C:\Users\zergv\Documents\Codex\2026-05-23\ai-stock-rotation-radar-https-docs\outputs\radar_vnext_p1_dynamic80_incumbent_hold_selected_stock_daily_ohlc_gap_fill_20260710\raw_sources\2330_2016-01_TWSE.json,2026-07-10T11:44:53+00:00,
2330,2016-02,TWSE,accepted_new_official_raw,9,9,https://www.twse.com.tw/exchangeReport/STOCK_DAY?date=20160201&stockNo=2330&response=json,411a9436f207e991919dbef4647fa6041186f2708e05be9e01673298ef8867de,C:\Users\zergv\Documents\Codex\2026-05-23\ai-stock-rotation-radar-https-docs\outputs\radar_vnext_p1_dynamic80_incumbent_hold_selected_stock_daily_ohlc_gap_fill_20260710\raw_sources\2330_2016-02_TWSE.json,2026-07-10T11:44:53+00:00,
2330,2016-12,TWSE,accepted_new_official_raw,15,15,https://www.twse.com.tw/exchangeReport/STOCK_DAY?date=20161201&stockNo=2330&response=json,22158b77aa2a30ed0519996028bdb82549c1068627bc6e3a61bb88f835fd85f7,C:\Users\zergv\Documents\Codex\2026-05-23\ai-stock-rotation-radar-https-docs\outputs\radar_vnext_p1_dynamic80_incumbent_hold_selected_stock_daily_ohlc_gap_fill_20260710\raw_sources\2330_2016-12_TWSE.json,2026-07-10T11:44:53+00:00,
2330,2017-01,TWSE,accepted_new_official_raw,5,5,https://www.twse.com.tw/exchangeReport/STOCK_DAY?date=20170101&stockNo=2330&response=json,1a08f395005c785940dca7b7f3566693ff6eef50e2535b157dcdb6c4849e8777,C:\Users\zergv\Documents\Codex\2026-05-23\ai-stock-rotation-radar-https-docs\outputs\radar_vnext_p1_dynamic80_incumbent_hold_selected_stock_daily_ohlc_gap_fill_20260710\raw_sources\2330_2017-01_TWSE.json,2026-07-10T11:44:53+00:00,
2330,2017-03,TWSE,accepted_new_official_raw,4,4,https://www.twse.com.tw/exchangeReport/STOCK_DAY?date=20170301&stockNo=2330&response=json,c4cb1c2b0a14936c9f409b66076e2e578597c610f07df0f05eb80211ac003277,C:\Users\zergv\Documents\Codex\2026-05-23\ai-stock-rotation-radar-https-docs\outputs\radar_vnext_p1_dynamic80_incumbent_hold_selected_stock_daily_ohlc_gap_fill_20260710\raw_sources\2330_2017-03_TWSE.json,2026-07-10T11:44:54+00:00,
2330,2017-12,TWSE,accepted_new_official_raw,15,15,https://www.twse.com.tw/exchangeReport/STOCK_DAY?date=20171201&stockNo=2330&response=json,a00f1c6ed7bb1e92ef4b4d8792c2026fa9296c7f35dcfba06451cb05bd43a5e2,C:\Users\zergv\Documents\Codex\2026-05-23\ai-stock-rotation-radar-https-docs\outputs\radar_vnext_p1_dynamic80_incumbent_hold_selected_stock_daily_ohlc_gap_fill_20260710\raw_sources\2330_2017-12_TWSE.json,2026-07-10T11:44:54+00:00,
2330,2018-01,TWSE,accepted_new_official_raw,22,22,https://www.twse.com.tw/exchangeReport/STOCK_DAY?date=20180101&stockNo=2330&response=json,467da7ef325d6faf5e739b914e84bce58fb02f333a4f7d5c08c8f641e9cefccd,C:\Users\zergv\Documents\Codex\2026-05-23\ai-stock-rotation-radar-https-docs\outputs\radar_vnext_p1_dynamic80_incumbent_hold_selected_stock_daily_ohlc_gap_fill_20260710\raw_sources\2330_2018-01_TWSE.json,2026-07-10T11:44:54+00:00,
2330,2018-02,TWSE,accepted_new_official_raw,13,13,https://www.twse.com.tw/exchangeReport/STOCK_DAY?date=20180201&stockNo=2330&response=json,35fb199e9d440df637340f838f2b488449d5f4b6b5a2ca430eccd0ddca6e12d7,C:\Users\zergv\Documents\Codex\2026-05-23\ai-stock-rotation-radar-https-docs\outputs\radar_vnext_p1_dynamic80_incumbent_hold_selected_stock_daily_ohlc_gap_fill_20260710\raw_sources\2330_2018-02_TWSE.json,2026-07-10T11:44:54+00:00,
2330,2018-03,TWSE,accepted_new_official_raw,3,3,https://www.twse.com.tw/exchangeReport/STOCK_DAY?date=20180301&stockNo=2330&response=json,99a3bab582319ce95a4b90cad2005292e3eaf775e0966df52ceaadfb130d2592,C:\Users\zergv\Documents\Codex\2026-05-23\ai-stock-rotation-radar-https-docs\outputs\radar_vnext_p1_dynamic80_incumbent_hold_selected_stock_daily_ohlc_gap_fill_20260710\raw_sources\2330_2018-03_TWSE.json,2026-07-10T11:44:54+00:00,
2330,2018-04,TWSE,accepted_new_official_raw,11,11,https://www.twse.com.tw/exchangeReport/STOCK_DAY?date=20180401&stockNo=2330&response=json,e4f457070f1c0f66606bf9e4a7647f7c8b3facecf80bf94dc6d5c072ec81a7bf,C:\Users\zergv\Documents\Codex\2026-05-23\ai-stock-rotation-radar-https-docs\outputs\radar_vnext_p1_dynamic80_incumbent_hold_selected_stock_daily_ohlc_gap_fill_20260710\raw_sources\2330_2018-04_TWSE.json,2026-07-10T11:44:55+00:00,
2330,2018-06,TWSE,accepted_new_official_raw,9,9,https://www.twse.com.tw/exchangeReport/STOCK_DAY?date=20180601&stockNo=2330&response=json,3cdcda5a74cf39546f1b6a7debaa257dd4f7d07298eee5c31f8f46d397349743,C:\Users\zergv\Documents\Codex\2026-05-23\ai-stock-rotation-radar-https-docs\outputs\radar_vnext_p1_dynamic80_incumbent_hold_selected_stock_daily_ohlc_gap_fill_20260710\raw_sources\2330_2018-06_TWSE.json,2026-07-10T11:44:55+00:00,
2330,2018-07,TWSE,accepted_new_official_raw,1,1,https://www.twse.com.tw/exchangeReport/STOCK_DAY?date=20180701&stockNo=2330&response=json,44c48fc6f64c35ff6db244df9413cccc6432d127fe1ec1decbdf5be83f1af258,C:\Users\zergv\Documents\Codex\2026-05-23\ai-stock-rotation-radar-https-docs\outputs\radar_vnext_p1_dynamic80_incumbent_hold_selected_stock_daily_ohlc_gap_fill_20260710\raw_sources\2330_2018-07_TWSE.json,2026-07-10T11:44:55+00:00,
2330,2018-12,TWSE,accepted_new_official_raw,5,5,https://www.twse.com.tw/exchangeReport/STOCK_DAY?date=20181201&stockNo=2330&response=json,cb9772d31706e35db787242941c4fb1943d4c0578bc98733c76ba1201761ec96,C:\Users\zergv\Documents\Codex\2026-05-23\ai-stock-rotation-radar-https-docs\outputs\radar_vnext_p1_dynamic80_incumbent_hold_selected_stock_daily_ohlc_gap_fill_20260710\raw_sources\2330_2018-12_TWSE.json,2026-07-10T11:44:55+00:00,
2330,2019-01,TWSE,accepted_new_official_raw,4,4,https://www.twse.com.tw/exchangeReport/STOCK_DAY?date=20190101&stockNo=2330&response=json,72ed8cf28efb5537dd7be837f172fe44531cd670a5ccbe711cdb10e1be842a7a,C:\Users\zergv\Documents\Codex\2026-05-23\ai-stock-rotation-radar-https-docs\outputs\radar_vnext_p1_dynamic80_incumbent_hold_selected_stock_daily_ohlc_gap_fill_20260710\raw_sources\2330_2019-01_TWSE.json,2026-07-10T11:44:55+00:00,
2330,2019-02,TWSE,accepted_new_official_raw,8,8,https://www.twse.com.tw/exchangeReport/STOCK_DAY?date=20190201&stockNo=2330&response=json,15825a232581ae026df833c963e4e2fea932249d29c27a7553a56f7d17763cc9,C:\Users\zergv\Documents\Codex\2026-05-23\ai-stock-rotation-radar-https-docs\outputs\radar_vnext_p1_dynamic80_incumbent_hold_selected_stock_daily_ohlc_gap_fill_20260710\raw_sources\2330_2019-02_TWSE.json,2026-07-10T11:44:56+00:00,
2330,2019-03,TWSE,accepted_new_official_raw,6,6,https://www.twse.com.tw/exchangeReport/STOCK_DAY?date=20190301&stockNo=2330&response=json,f84ed6bfd8bb190b65269d2a2030d271dceb4044b4007e0675a47896bd4d3bec,C:\Users\zergv\Documents\Codex\2026-05-23\ai-stock-rotation-radar-https-docs\outputs\radar_vnext_p1_dynamic80_incumbent_hold_selected_stock_daily_ohlc_gap_fill_20260710\raw_sources\2330_2019-03_TWSE.json,2026-07-10T11:44:56+00:00,
2330,2019-07,TWSE,accepted_new_official_raw,13,13,https://www.twse.com.tw/exchangeReport/STOCK_DAY?date=20190701&stockNo=2330&response=json,2bd4b64052d66545c89d4f6bb07c5e8623cc81ec56bdd94a4b0f399b7b3dac69,C:\Users\zergv\Documents\Codex\2026-05-23\ai-stock-rotation-radar-https-docs\outputs\radar_vnext_p1_dynamic80_incumbent_hold_selected_stock_daily_ohlc_gap_fill_20260710\raw_sources\2330_2019-07_TWSE.json,2026-07-10T11:44:56+00:00,
2330,2019-08,TWSE,accepted_new_official_raw,21,21,https://www.twse.com.tw/exchangeReport/STOCK_DAY?date=20190801&stockNo=2330&response=json,ce9085ff7fc6ba780705e045d64a846f4f2a0cf5c877f0403a8c4c95aa2fcce2,C:\Users\zergv\Documents\Codex\2026-05-23\ai-stock-rotation-radar-https-docs\outputs\radar_vnext_p1_dynamic80_incumbent_hold_selected_stock_daily_ohlc_gap_fill_20260710\raw_sources\2330_2019-08_TWSE.json,2026-07-10T11:44:56+00:00,
2330,2019-09,TWSE,accepted_new_official_raw,18,18,https://www.twse.com.tw/exchangeReport/STOCK_DAY?date=20190901&stockNo=2330&response=json,497199b437465961f63175fa4de96a543d77a1b51db281bacae14da1297e6470,C:\Users\zergv\Documents\Codex\2026-05-23\ai-stock-rotation-radar-https-docs\outputs\radar_vnext_p1_dynamic80_incumbent_hold_selected_stock_daily_ohlc_gap_fill_20260710\raw_sources\2330_2019-09_TWSE.json,2026-07-10T11:44:56+00:00,
2330,2019-10,TWSE,accepted_new_official_raw,21,21,https://www.twse.com.tw/exchangeReport/STOCK_DAY?date=20191001&stockNo=2330&response=json,6ca89ead6e3972a85121b33a03f25f7d5ddcbaa559859d8155d174e3d28e5bd9,C:\Users\zergv\Documents\Codex\2026-05-23\ai-stock-rotation-radar-https-docs\outputs\radar_vnext_p1_dynamic80_incumbent_hold_selected_stock_daily_ohlc_gap_fill_20260710\raw_sources\2330_2019-10_TWSE.json,2026-07-10T11:44:57+00:00,
2330,2020-02,TWSE,accepted_new_official_raw,4,4,https://www.twse.com.tw/exchangeReport/STOCK_DAY?date=20200201&stockNo=2330&response=json,d8515ceaea14ccf97bf0c4ca16f1d2c9a7e9d4d02f375b5bb249185896b40a5c,C:\Users\zergv\Documents\Codex\2026-05-23\ai-stock-rotation-radar-https-docs\outputs\radar_vnext_p1_dynamic80_incumbent_hold_selected_stock_daily_ohlc_gap_fill_20260710\raw_sources\2330_2020-02_TWSE.json,2026-07-10T11:44:57+00:00,
2330,2020-03,TWSE,accepted_new_official_raw,22,22,https://www.twse.com.tw/exchangeReport/STOCK_DAY?date=20200301&stockNo=2330&response=json,3e99d9a4672e219dc9a2dd2fd4eb5874472fc53d39b816e43636256de7f3f9c3,C:\Users\zergv\Documents\Codex\2026-05-23\ai-stock-rotation-radar-https-docs\outputs\radar_vnext_p1_dynamic80_incumbent_hold_selected_stock_daily_ohlc_gap_fill_20260710\raw_sources\2330_2020-03_TWSE.json,2026-07-10T11:44:57+00:00,
2330,2020-04,TWSE,accepted_new_official_raw,20,20,https://www.twse.com.tw/exchangeReport/STOCK_DAY?date=20200401&stockNo=2330&response=json,e0a0aef597c841905940f34344a7ed66eb1dc19c0bd822386b44407dacab8df5,C:\Users\zergv\Documents\Codex\2026-05-23\ai-stock-rotation-radar-https-docs\outputs\radar_vnext_p1_dynamic80_incumbent_hold_selected_stock_daily_ohlc_gap_fill_20260710\raw_sources\2330_2020-04_TWSE.json,2026-07-10T11:44:57+00:00,
2330,2020-05,TWSE,accepted_new_official_raw,6,6,https://www.twse.com.tw/exchangeReport/STOCK_DAY?date=20200501&stockNo=2330&response=json,a16daea95c806f46c4fdce5b5dc69906194aface65a04d349935ea53b24e34db,C:\Users\zergv\Documents\Codex\2026-05-23\ai-stock-rotation-radar-https-docs\outputs\radar_vnext_p1_dynamic80_incumbent_hold_selected_stock_daily_ohlc_gap_fill_20260710\raw_sources\2330_2020-05_TWSE.json,2026-07-10T11:44:57+00:00,
2330,2020-06,TWSE,accepted_new_official_raw,15,15,https://www.twse.com.tw/exchangeReport/STOCK_DAY?date=20200601&stockNo=2330&response=json,ddcb24789845ddc3d90e893b291663230145fa9c9ec1bb6eb24ced1ddfa20222,C:\Users\zergv\Documents\Codex\2026-05-23\ai-stock-rotation-radar-https-docs\outputs\radar_vnext_p1_dynamic80_incumbent_hold_selected_stock_daily_ohlc_gap_fill_20260710\raw_sources\2330_2020-06_TWSE.json,2026-07-10T11:44:58+00:00,
2330,2020-07,TWSE,accepted_new_official_raw,23,23,https://www.twse.com.tw/exchangeReport/STOCK_DAY?date=20200701&stockNo=2330&response=json,81afac95d921ffc9e7c14f0e982bd56e942bc4e6383b0ff55a6672d8e61ae787,C:\Users\zergv\Documents\Codex\2026-05-23\ai-stock-rotation-radar-https-docs\outputs\radar_vnext_p1_dynamic80_incumbent_hold_selected_stock_daily_ohlc_gap_fill_20260710\raw_sources\2330_2020-07_TWSE.json,2026-07-10T11:44:58+00:00,
2330,2020-10,TWSE,accepted_new_official_raw,19,19,https://www.twse.com.tw/exchangeReport/STOCK_DAY?date=20201001&stockNo=2330&response=json,ab8f8cd0d00008a6c8eec5a0f79d4bd19c7f8177f0dbe248e0f55136aad924a7,C:\Users\zergv\Documents\Codex\2026-05-23\ai-stock-rotation-radar-https-docs\outputs\radar_vnext_p1_dynamic80_incumbent_hold_selected_stock_daily_ohlc_gap_fill_20260710\raw_sources\2330_2020-10_TWSE.json,2026-07-10T11:44:58+00:00,
2330,2020-11,TWSE,accepted_new_official_raw,21,21,https://www.twse.com.tw/exchangeReport/STOCK_DAY?date=20201101&stockNo=2330&response=json,2f10d6b5ab7fbd55624f325c999724bd376c1921e2d123b81ed26a3e1282f6ee,C:\Users\zergv\Documents\Codex\2026-05-23\ai-stock-rotation-radar-https-docs\outputs\radar_vnext_p1_dynamic80_incumbent_hold_selected_stock_daily_ohlc_gap_fill_20260710\raw_sources\2330_2020-11_TWSE.json,2026-07-10T11:44:58+00:00,
2330,2020-12,TWSE,accepted_new_official_raw,23,23,https://www.twse.com.tw/exchangeReport/STOCK_DAY?date=20201201&stockNo=2330&response=json,01f524e14902fb861049536bc5c58a58a54d359c3e8af7343255a2d964c83261,C:\Users\zergv\Documents\Codex\2026-05-23\ai-stock-rotation-radar-https-docs\outputs\radar_vnext_p1_dynamic80_incumbent_hold_selected_stock_daily_ohlc_gap_fill_20260710\raw_sources\2330_2020-12_TWSE.json,2026-07-10T11:44:58+00:00,
2330,2021-04,TWSE,accepted_new_official_raw,18,18,https://www.twse.com.tw/exchangeReport/STOCK_DAY?date=20210401&stockNo=2330&response=json,8b0275e18484e7a2d5659496bb80a21f6dee5ea7cae783cf88389a7dc41bf785,C:\Users\zergv\Documents\Codex\2026-05-23\ai-stock-rotation-radar-https-docs\outputs\radar_vnext_p1_dynamic80_incumbent_hold_selected_stock_daily_ohlc_gap_fill_20260710\raw_sources\2330_2021-04_TWSE.json,2026-07-10T11:44:59+00:00,
2330,2021-05,TWSE,accepted_new_official_raw,7,7,https://www.twse.com.tw/exchangeReport/STOCK_DAY?date=20210501&stockNo=2330&response=json,e7928a2f3aa6a70c5d813176a2b0f66cb529808aad8294ea26a85cba94d51be0,C:\Users\zergv\Documents\Codex\2026-05-23\ai-stock-rotation-radar-https-docs\outputs\radar_vnext_p1_dynamic80_incumbent_hold_selected_stock_daily_ohlc_gap_fill_20260710\raw_sources\2330_2021-05_TWSE.json,2026-07-10T11:44:59+00:00,
2330,2021-06,TWSE,accepted_new_official_raw,10,10,https://www.twse.com.tw/exchangeReport/STOCK_DAY?date=20210601&stockNo=2330&response=json,bd39a6d9fa9632bfd554eb3787be795c6de48260c851a36fe392e12df506f44a,C:\Users\zergv\Documents\Codex\2026-05-23\ai-stock-rotation-radar-https-docs\outputs\radar_vnext_p1_dynamic80_incumbent_hold_selected_stock_daily_ohlc_gap_fill_20260710\raw_sources\2330_2021-06_TWSE.json,2026-07-10T11:44:59+00:00,
2330,2021-08,TWSE,accepted_new_official_raw,22,22,https://www.twse.com.tw/exchangeReport/STOCK_DAY?date=20210801&stockNo=2330&response=json,5daa343ec8f19ca4cfee7aa2f5759498a91ed9612be3fb2dd2beb4c49c6c2819,C:\Users\zergv\Documents\Codex\2026-05-23\ai-stock-rotation-radar-https-docs\outputs\radar_vnext_p1_dynamic80_incumbent_hold_selected_stock_daily_ohlc_gap_fill_20260710\raw_sources\2330_2021-08_TWSE.json,2026-07-10T11:44:59+00:00,
2330,2021-09,TWSE,accepted_new_official_raw,20,20,https://www.twse.com.tw/exchangeReport/STOCK_DAY?date=20210901&stockNo=2330&response=json,450ed3118d6684f302afb7df61f8451a5aa31f88817a077b68c088d9b81db755,C:\Users\zergv\Documents\Codex\2026-05-23\ai-stock-rotation-radar-https-docs\outputs\radar_vnext_p1_dynamic80_incumbent_hold_selected_stock_daily_ohlc_gap_fill_20260710\raw_sources\2330_2021-09_TWSE.json,2026-07-10T11:44:59+00:00,
2330,2021-11,TWSE,accepted_new_official_raw,22,22,https://www.twse.com.tw/exchangeReport/STOCK_DAY?date=20211101&stockNo=2330&response=json,d3d5099ab3659b5dc41ae1477c42e4b862f55e545094981c917b48b6588b4431,C:\Users\zergv\Documents\Codex\2026-05-23\ai-stock-rotation-radar-https-docs\outputs\radar_vnext_p1_dynamic80_incumbent_hold_selected_stock_daily_ohlc_gap_fill_20260710\raw_sources\2330_2021-11_TWSE.json,2026-07-10T11:45:00+00:00,
2330,2021-12,TWSE,accepted_new_official_raw,9,9,https://www.twse.com.tw/exchangeReport/STOCK_DAY?date=20211201&stockNo=2330&response=json,0515ff114d9b1ac41e485809bbd216b8d1a9b0d87c9877c5eaae913bdecdb45e,C:\Users\zergv\Documents\Codex\2026-05-23\ai-stock-rotation-radar-https-docs\outputs\radar_vnext_p1_dynamic80_incumbent_hold_selected_stock_daily_ohlc_gap_fill_20260710\raw_sources\2330_2021-12_TWSE.json,2026-07-10T11:45:00+00:00,
2330,2022-03,TWSE,accepted_new_official_raw,23,23,https://www.twse.com.tw/exchangeReport/STOCK_DAY?date=20220301&stockNo=2330&response=json,13e0b4bb1f30baaeae93526ffeb60e6f2070c3e204e8659617b1e84a5e435f94,C:\Users\zergv\Documents\Codex\2026-05-23\ai-stock-rotation-radar-https-docs\outputs\radar_vnext_p1_dynamic80_incumbent_hold_selected_stock_daily_ohlc_gap_fill_20260710\raw_sources\2330_2022-03_TWSE.json,2026-07-10T11:45:00+00:00,
2330,2022-04,TWSE,accepted_new_official_raw,19,19,https://www.twse.com.tw/exchangeReport/STOCK_DAY?date=20220401&stockNo=2330&response=json,d47f657e952233ff75b1c0c1685c9ae829f5c498f660e824abe0f45b0f815e97,C:\Users\zergv\Documents\Codex\2026-05-23\ai-stock-rotation-radar-https-docs\outputs\radar_vnext_p1_dynamic80_incumbent_hold_selected_stock_daily_ohlc_gap_fill_20260710\raw_sources\2330_2022-04_TWSE.json,2026-07-10T11:45:00+00:00,
2330,2022-05,TWSE,accepted_new_official_raw,21,21,https://www.twse.com.tw/exchangeReport/STOCK_DAY?date=20220501&stockNo=2330&response=json,8d86fce28f12d6a83825261fba99e97d72e793f16b94bc103e865c6ec09ecfbe,C:\Users\zergv\Documents\Codex\2026-05-23\ai-stock-rotation-radar-https-docs\outputs\radar_vnext_p1_dynamic80_incumbent_hold_selected_stock_daily_ohlc_gap_fill_20260710\raw_sources\2330_2022-05_TWSE.json,2026-07-10T11:45:00+00:00,
2330,2022-06,TWSE,accepted_new_official_raw,17,17,https://www.twse.com.tw/exchangeReport/STOCK_DAY?date=20220601&stockNo=2330&response=json,84bf5ed6cff63f3d22d9a1477dcea45b959c0d6c12cc9ea88a904fe10716d2ac,C:\Users\zergv\Documents\Codex\2026-05-23\ai-stock-rotation-radar-https-docs\outputs\radar_vnext_p1_dynamic80_incumbent_hold_selected_stock_daily_ohlc_gap_fill_20260710\raw_sources\2330_2022-06_TWSE.json,2026-07-10T11:45:02+00:00,
2330,2022-09,TWSE,accepted_new_official_raw,12,12,https://www.twse.com.tw/exchangeReport/STOCK_DAY?date=20220901&stockNo=2330&response=json,36a48e84abbaf07cbc72bee76a8faf2b3947a6e3bd4bcd5ac66e29dc650e4d06,C:\Users\zergv\Documents\Codex\2026-05-23\ai-stock-rotation-radar-https-docs\outputs\radar_vnext_p1_dynamic80_incumbent_hold_selected_stock_daily_ohlc_gap_fill_20260710\raw_sources\2330_2022-09_TWSE.json,2026-07-10T11:45:02+00:00,
2330,2022-11,TWSE,accepted_new_official_raw,13,13,https://www.twse.com.tw/exchangeReport/STOCK_DAY?date=20221101&stockNo=2330&response=json,be24d87c7d556dc57d9433d6b68ce8299d06215d4b791166b087314b8aa299d2,C:\Users\zergv\Documents\Codex\2026-05-23\ai-stock-rotation-radar-https-docs\outputs\radar_vnext_p1_dynamic80_incumbent_hold_selected_stock_daily_ohlc_gap_fill_20260710\raw_sources\2330_2022-11_TWSE.json,2026-07-10T11:45:02+00:00,
2330,2023-01,TWSE,accepted_new_official_raw,1,1,https://www.twse.com.tw/exchangeReport/STOCK_DAY?date=20230101&stockNo=2330&response=json,f31ccb73c4141b55fb9bc72b54019f09303b70f28fa258693f6fa38cdabc7597,C:\Users\zergv\Documents\Codex\2026-05-23\ai-stock-rotation-radar-https-docs\outputs\radar_vnext_p1_dynamic80_incumbent_hold_selected_stock_daily_ohlc_gap_fill_20260710\raw_sources\2330_2023-01_TWSE.json,2026-07-10T11:45:03+00:00,
2337,2020-07,TWSE,accepted_new_official_raw,5,5,https://www.twse.com.tw/exchangeReport/STOCK_DAY?date=20200701&stockNo=2337&response=json,a0ae57e2bb05bff77c4fef8f983f1812ab3885793d7793b1f98239ff0403b014,C:\Users\zergv\Documents\Codex\2026-05-23\ai-stock-rotation-radar-https-docs\outputs\radar_vnext_p1_dynamic80_incumbent_hold_selected_stock_daily_ohlc_gap_fill_20260710\raw_sources\2337_2020-07_TWSE.json,2026-07-10T11:45:03+00:00,
2337,2020-08,TWSE,accepted_new_official_raw,11,11,https://www.twse.com.tw/exchangeReport/STOCK_DAY?date=20200801&stockNo=2337&response=json,bfce4867b78982522cae4db7cef47b5b74b3581ee1cb22b9db0a4ec21bea5cda,C:\Users\zergv\Documents\Codex\2026-05-23\ai-stock-rotation-radar-https-docs\outputs\radar_vnext_p1_dynamic80_incumbent_hold_selected_stock_daily_ohlc_gap_fill_20260710\raw_sources\2337_2020-08_TWSE.json,2026-07-10T11:45:04+00:00,
2337,2021-01,TWSE,accepted_new_official_raw,10,10,https://www.twse.com.tw/exchangeReport/STOCK_DAY?date=20210101&stockNo=2337&response=json,ed9f7760177659dbecec34a72c5c272bab0b1bfe403acad5a1171818cdb40180,C:\Users\zergv\Documents\Codex\2026-05-23\ai-stock-rotation-radar-https-docs\outputs\radar_vnext_p1_dynamic80_incumbent_hold_selected_stock_daily_ohlc_gap_fill_20260710\raw_sources\2337_2021-01_TWSE.json,2026-07-10T11:45:04+00:00,
2337,2021-02,TWSE,accepted_new_official_raw,1,1,https://www.twse.com.tw/exchangeReport/STOCK_DAY?date=20210201&stockNo=2337&response=json,056bf4f1d95c2715ba32f091f1d5632af5c78531ae87910b5bdfa9eac22b6a2f,C:\Users\zergv\Documents\Codex\2026-05-23\ai-stock-rotation-radar-https-docs\outputs\radar_vnext_p1_dynamic80_incumbent_hold_selected_stock_daily_ohlc_gap_fill_20260710\raw_sources\2337_2021-02_TWSE.json,2026-07-10T11:45:05+00:00,
2345,2019-12,TWSE,accepted_new_official_raw,6,6,https://www.twse.com.tw/exchangeReport/STOCK_DAY?date=20191201&stockNo=2345&response=json,78e8bebfcf8b585da849535e7c96c6bce71949b39d0e65935d3e541c6ab84999,C:\Users\zergv\Documents\Codex\2026-05-23\ai-stock-rotation-radar-https-docs\outputs\radar_vnext_p1_dynamic80_incumbent_hold_selected_stock_daily_ohlc_gap_fill_20260710\raw_sources\2345_2019-12_TWSE.json,2026-07-10T11:45:05+00:00,
2379,2020-10,TWSE,accepted_new_official_raw,15,15,https://www.twse.com.tw/exchangeReport/STOCK_DAY?date=20201001&stockNo=2379&response=json,b6695a156f19229456babf145974af4d395fe5fb3cefb10e6fac08270058be07,C:\Users\zergv\Documents\Codex\2026-05-23\ai-stock-rotation-radar-https-docs\outputs\radar_vnext_p1_dynamic80_incumbent_hold_selected_stock_daily_ohlc_gap_fill_20260710\raw_sources\2379_2020-10_TWSE.json,2026-07-10T11:45:05+00:00,
2382,2015-07,TWSE,accepted_new_official_raw,5,5,https://www.twse.com.tw/exchangeReport/STOCK_DAY?date=20150701&stockNo=2382&response=json,a8fd12f94ab9b565566ff85074727161d9eb621b37255a9d5eefc53d25e19aff,C:\Users\zergv\Documents\Codex\2026-05-23\ai-stock-rotation-radar-https-docs\outputs\radar_vnext_p1_dynamic80_incumbent_hold_selected_stock_daily_ohlc_gap_fill_20260710\raw_sources\2382_2015-07_TWSE.json,2026-07-10T11:45:06+00:00,
2382,2015-08,TWSE,accepted_new_official_raw,21,21,https://www.twse.com.tw/exchangeReport/STOCK_DAY?date=20150801&stockNo=2382&response=json,df6426d99c153c107bd1bc6667705af05cd9bac5b42ad6845fd73b829dfb8aea,C:\Users\zergv\Documents\Codex\2026-05-23\ai-stock-rotation-radar-https-docs\outputs\radar_vnext_p1_dynamic80_incumbent_hold_selected_stock_daily_ohlc_gap_fill_20260710\raw_sources\2382_2015-08_TWSE.json,2026-07-10T11:45:06+00:00,
2382,2015-09,TWSE,accepted_new_official_raw,20,19,https://www.twse.com.tw/exchangeReport/STOCK_DAY?date=20150901&stockNo=2382&response=json,11e40f19999ba195d4a2029c85e02d5d646a27ead0250f576d1136bcf535f162,C:\Users\zergv\Documents\Codex\2026-05-23\ai-stock-rotation-radar-https-docs\outputs\radar_vnext_p1_dynamic80_incumbent_hold_selected_stock_daily_ohlc_gap_fill_20260710\raw_sources\2382_2015-09_TWSE.json,2026-07-10T11:45:06+00:00,
2409,2017-09,TWSE,accepted_new_official_raw,15,15,https://www.twse.com.tw/exchangeReport/STOCK_DAY?date=20170901&stockNo=2409&response=json,b684970142970ae97b5b3b42a19b202708d3ce324759f98a453047b9f7999f48,C:\Users\zergv\Documents\Codex\2026-05-23\ai-stock-rotation-radar-https-docs\outputs\radar_vnext_p1_dynamic80_incumbent_hold_selected_stock_daily_ohlc_gap_fill_20260710\raw_sources\2409_2017-09_TWSE.json,2026-07-10T11:45:06+00:00,
2409,2017-10,TWSE,accepted_new_official_raw,19,19,https://www.twse.com.tw/exchangeReport/STOCK_DAY?date=20171001&stockNo=2409&response=json,e7649914bd62eec8c0b6ab24c8cfc8b87d51bd532c312ad5cf413eb7f709f7c5,C:\Users\zergv\Documents\Codex\2026-05-23\ai-stock-rotation-radar-https-docs\outputs\radar_vnext_p1_dynamic80_incumbent_hold_selected_stock_daily_ohlc_gap_fill_20260710\raw_sources\2409_2017-10_TWSE.json,2026-07-10T11:45:07+00:00,
2409,2017-11,TWSE,accepted_new_official_raw,9,9,https://www.twse.com.tw/exchangeReport/STOCK_DAY?date=20171101&stockNo=2409&response=json,fc73b2fb05acdab6d68fb5487f3ab17f9651d99cc7771d341a1d0dc3ea462827,C:\Users\zergv\Documents\Codex\2026-05-23\ai-stock-rotation-radar-https-docs\outputs\radar_vnext_p1_dynamic80_incumbent_hold_selected_stock_daily_ohlc_gap_fill_20260710\raw_sources\2409_2017-11_TWSE.json,2026-07-10T11:45:07+00:00,
2412,2015-04,TWSE,accepted_new_official_raw,9,9,https://www.twse.com.tw/exchangeReport/STOCK_DAY?date=20150401&stockNo=2412&response=json,9e5b0204167c8797d939b97683cbe7766ece2ba1cec2933ede74cecdc16bc90b,C:\Users\zergv\Documents\Codex\2026-05-23\ai-stock-rotation-radar-https-docs\outputs\radar_vnext_p1_dynamic80_incumbent_hold_selected_stock_daily_ohlc_gap_fill_20260710\raw_sources\2412_2015-04_TWSE.json,2026-07-10T11:45:07+00:00,
2412,2015-05,TWSE,accepted_new_official_raw,20,20,https://www.twse.com.tw/exchangeReport/STOCK_DAY?date=20150501&stockNo=2412&response=json,2326bf2e2e320140be73d82be76ecb322511169fc9b2d14b5019e39fbc75783d,C:\Users\zergv\Documents\Codex\2026-05-23\ai-stock-rotation-radar-https-docs\outputs\radar_vnext_p1_dynamic80_incumbent_hold_selected_stock_daily_ohlc_gap_fill_20260710\raw_sources\2412_2015-05_TWSE.json,2026-07-10T11:45:07+00:00,
2412,2015-06,TWSE,accepted_new_official_raw,1,1,https://www.twse.com.tw/exchangeReport/STOCK_DAY?date=20150601&stockNo=2412&response=json,17c303e461301048c2c241e0d9cc29fea24129da59beaca1a5e0d3f1eee6ad6b,C:\Users\zergv\Documents\Codex\2026-05-23\ai-stock-rotation-radar-https-docs\outputs\radar_vnext_p1_dynamic80_incumbent_hold_selected_stock_daily_ohlc_gap_fill_20260710\raw_sources\2412_2015-06_TWSE.json,2026-07-10T11:45:08+00:00,
2412,2016-10,TWSE,accepted_new_official_raw,1,1,https://www.twse.com.tw/exchangeReport/STOCK_DAY?date=20161001&stockNo=2412&response=json,b56f3f435c010b862fb1df784b4cd7a36f5a4dc38e57bc5b95fc27f895d2bdab,C:\Users\zergv\Documents\Codex\2026-05-23\ai-stock-rotation-radar-https-docs\outputs\radar_vnext_p1_dynamic80_incumbent_hold_selected_stock_daily_ohlc_gap_fill_20260710\raw_sources\2412_2016-10_TWSE.json,2026-07-10T11:45:08+00:00,
2412,2016-11,TWSE,accepted_new_official_raw,22,22,https://www.twse.com.tw/exchangeReport/STOCK_DAY?date=20161101&stockNo=2412&response=json,1f8250646d0a1a37871306b3211411f3183cf0d5293d975c878e1af44c636b0a,C:\Users\zergv\Documents\Codex\2026-05-23\ai-stock-rotation-radar-https-docs\outputs\radar_vnext_p1_dynamic80_incumbent_hold_selected_stock_daily_ohlc_gap_fill_20260710\raw_sources\2412_2016-11_TWSE.json,2026-07-10T11:45:08+00:00,
2412,2016-12,TWSE,accepted_new_official_raw,8,8,https://www.twse.com.tw/exchangeReport/STOCK_DAY?date=20161201&stockNo=2412&response=json,aa8d5c83873acbcbaaceba1a9e96a53133c580b7a8e2209d0d730a602c789cb4,C:\Users\zergv\Documents\Codex\2026-05-23\ai-stock-rotation-radar-https-docs\outputs\radar_vnext_p1_dynamic80_incumbent_hold_selected_stock_daily_ohlc_gap_fill_20260710\raw_sources\2412_2016-12_TWSE.json,2026-07-10T11:45:09+00:00,
2454,2018-10,TWSE,accepted_new_official_raw,3,3,https://www.twse.com.tw/exchangeReport/STOCK_DAY?date=20181001&stockNo=2454&response=json,37b26ca94704dea1a06919be8956ef17f5d47959760bca99af0da7405cce83cf,C:\Users\zergv\Documents\Codex\2026-05-23\ai-stock-rotation-radar-https-docs\outputs\radar_vnext_p1_dynamic80_incumbent_hold_selected_stock_daily_ohlc_gap_fill_20260710\raw_sources\2454_2018-10_TWSE.json,2026-07-10T11:45:09+00:00,
2454,2018-11,TWSE,accepted_new_official_raw,22,22,https://www.twse.com.tw/exchangeReport/STOCK_DAY?date=20181101&stockNo=2454&response=json,39ed91f61f7136cdbec8b5aa485f603920287c557d8f102963d5e5b5afd629cf,C:\Users\zergv\Documents\Codex\2026-05-23\ai-stock-rotation-radar-https-docs\outputs\radar_vnext_p1_dynamic80_incumbent_hold_selected_stock_daily_ohlc_gap_fill_20260710\raw_sources\2454_2018-11_TWSE.json,2026-07-10T11:45:09+00:00,
2454,2018-12,TWSE,accepted_new_official_raw,6,6,https://www.twse.com.tw/exchangeReport/STOCK_DAY?date=20181201&stockNo=2454&response=json,0d09e01138719d27293f625652dabd9f3f356c4ae54dcb770bb3bdc30c3b1f83,C:\Users\zergv\Documents\Codex\2026-05-23\ai-stock-rotation-radar-https-docs\outputs\radar_vnext_p1_dynamic80_incumbent_hold_selected_stock_daily_ohlc_gap_fill_20260710\raw_sources\2454_2018-12_TWSE.json,2026-07-10T11:45:10+00:00,
2454,2019-10,TWSE,accepted_new_official_raw,4,4,https://www.twse.com.tw/exchangeReport/STOCK_DAY?date=20191001&stockNo=2454&response=json,dd4c143dbf5df23376b762c7cb34757323b94cf7225ea30e42cff45988447d86,C:\Users\zergv\Documents\Codex\2026-05-23\ai-stock-rotation-radar-https-docs\outputs\radar_vnext_p1_dynamic80_incumbent_hold_selected_stock_daily_ohlc_gap_fill_20260710\raw_sources\2454_2019-10_TWSE.json,2026-07-10T11:45:11+00:00,
2454,2020-01,TWSE,accepted_new_official_raw,2,2,https://www.twse.com.tw/exchangeReport/STOCK_DAY?date=20200101&stockNo=2454&response=json,9760125ef19069aec5691c715093dd877d508fa41e7765ff3d99c7714a86b86e,C:\Users\zergv\Documents\Codex\2026-05-23\ai-stock-rotation-radar-https-docs\outputs\radar_vnext_p1_dynamic80_incumbent_hold_selected_stock_daily_ohlc_gap_fill_20260710\raw_sources\2454_2020-01_TWSE.json,2026-07-10T11:45:12+00:00,
2454,2020-02,TWSE,accepted_new_official_raw,1,1,https://www.twse.com.tw/exchangeReport/STOCK_DAY?date=20200201&stockNo=2454&response=json,8f1b5fbc780ed851db12bd0ef18f22521b319c4a0fb20f1f585415cc66ddae91,C:\Users\zergv\Documents\Codex\2026-05-23\ai-stock-rotation-radar-https-docs\outputs\radar_vnext_p1_dynamic80_incumbent_hold_selected_stock_daily_ohlc_gap_fill_20260710\raw_sources\2454_2020-02_TWSE.json,2026-07-10T11:45:12+00:00,
2454,2020-03,TWSE,accepted_new_official_raw,12,12,https://www.twse.com.tw/exchangeReport/STOCK_DAY?date=20200301&stockNo=2454&response=json,3817d22395cb2cb85cd893c6d36f4dc10646fd7879f41b919aae047ca3355a57,C:\Users\zergv\Documents\Codex\2026-05-23\ai-stock-rotation-radar-https-docs\outputs\radar_vnext_p1_dynamic80_incumbent_hold_selected_stock_daily_ohlc_gap_fill_20260710\raw_sources\2454_2020-03_TWSE.json,2026-07-10T11:45:12+00:00,
2454,2020-04,TWSE,accepted_new_official_raw,17,17,https://www.twse.com.tw/exchangeReport/STOCK_DAY?date=20200401&stockNo=2454&response=json,2046c8d8760175cfc1d53edb8b88d08a2d6cc15a5a06900bc8a6fe73840b303f,C:\Users\zergv\Documents\Codex\2026-05-23\ai-stock-rotation-radar-https-docs\outputs\radar_vnext_p1_dynamic80_incumbent_hold_selected_stock_daily_ohlc_gap_fill_20260710\raw_sources\2454_2020-04_TWSE.json,2026-07-10T11:45:13+00:00,
2454,2020-09,TWSE,accepted_new_official_raw,8,8,https://www.twse.com.tw/exchangeReport/STOCK_DAY?date=20200901&stockNo=2454&response=json,32440a2b6a4fa6160a818ace276296772c70884464f6eca388af6185925e421d,C:\Users\zergv\Documents\Codex\2026-05-23\ai-stock-rotation-radar-https-docs\outputs\radar_vnext_p1_dynamic80_incumbent_hold_selected_stock_daily_ohlc_gap_fill_20260710\raw_sources\2454_2020-09_TWSE.json,2026-07-10T11:45:14+00:00,
2454,2020-10,TWSE,accepted_new_official_raw,1,1,https://www.twse.com.tw/exchangeReport/STOCK_DAY?date=20201001&stockNo=2454&response=json,4c978015c81d0006ccaa1571ae1f6a514b215db2f54a97bdefddcc3f4e175e82,C:\Users\zergv\Documents\Codex\2026-05-23\ai-stock-rotation-radar-https-docs\outputs\radar_vnext_p1_dynamic80_incumbent_hold_selected_stock_daily_ohlc_gap_fill_20260710\raw_sources\2454_2020-10_TWSE.json,2026-07-10T11:45:14+00:00,
2454,2021-07,TWSE,accepted_new_official_raw,5,5,https://www.twse.com.tw/exchangeReport/STOCK_DAY?date=20210701&stockNo=2454&response=json,9bc968bf77638d0ca639fc8963fd6d6d03010e931af2a91b8f1134f75c6dc5e9,C:\Users\zergv\Documents\Codex\2026-05-23\ai-stock-rotation-radar-https-docs\outputs\radar_vnext_p1_dynamic80_incumbent_hold_selected_stock_daily_ohlc_gap_fill_20260710\raw_sources\2454_2021-07_TWSE.json,2026-07-10T11:45:15+00:00,
2454,2021-08,TWSE,accepted_new_official_raw,1,1,https://www.twse.com.tw/exchangeReport/STOCK_DAY?date=20210801&stockNo=2454&response=json,b32ce747fa7c51db8ce1618092e989d248b86eed5258ade4bcdb8472db9ee281,C:\Users\zergv\Documents\Codex\2026-05-23\ai-stock-rotation-radar-https-docs\outputs\radar_vnext_p1_dynamic80_incumbent_hold_selected_stock_daily_ohlc_gap_fill_20260710\raw_sources\2454_2021-08_TWSE.json,2026-07-10T11:45:15+00:00,
2474,2020-01,TWSE,accepted_new_official_raw,2,2,https://www.twse.com.tw/exchangeReport/STOCK_DAY?date=20200101&stockNo=2474&response=json,aada37068851e2055017da8fa0f6aa69d0c9774a4d614c077813ea6831d0674c,C:\Users\zergv\Documents\Codex\2026-05-23\ai-stock-rotation-radar-https-docs\outputs\radar_vnext_p1_dynamic80_incumbent_hold_selected_stock_daily_ohlc_gap_fill_20260710\raw_sources\2474_2020-01_TWSE.json,2026-07-10T11:45:16+00:00,
2474,2020-07,TWSE,accepted_new_official_raw,6,6,https://www.twse.com.tw/exchangeReport/STOCK_DAY?date=20200701&stockNo=2474&response=json,93f419f7e92a9b1e054180fb68027faa15e9d71aab21d2e6ae8700d00fc337bf,C:\Users\zergv\Documents\Codex\2026-05-23\ai-stock-rotation-radar-https-docs\outputs\radar_vnext_p1_dynamic80_incumbent_hold_selected_stock_daily_ohlc_gap_fill_20260710\raw_sources\2474_2020-07_TWSE.json,2026-07-10T11:45:16+00:00,
2603,2022-06,TWSE,accepted_new_official_raw,6,6,https://www.twse.com.tw/exchangeReport/STOCK_DAY?date=20220601&stockNo=2603&response=json,1c654aa29a125c3324311c7fdf91f55d4327a9029cd5239607b02c43031f0dec,C:\Users\zergv\Documents\Codex\2026-05-23\ai-stock-rotation-radar-https-docs\outputs\radar_vnext_p1_dynamic80_incumbent_hold_selected_stock_daily_ohlc_gap_fill_20260710\raw_sources\2603_2022-06_TWSE.json,2026-07-10T11:45:16+00:00,
2881,2016-05,TWSE,accepted_new_official_raw,12,12,https://www.twse.com.tw/exchangeReport/STOCK_DAY?date=20160501&stockNo=2881&response=json,72db6e1f8753bacbc1b2e9c39fb78d1eaa771704a347e75139e94a49dff144d9,C:\Users\zergv\Documents\Codex\2026-05-23\ai-stock-rotation-radar-https-docs\outputs\radar_vnext_p1_dynamic80_incumbent_hold_selected_stock_daily_ohlc_gap_fill_20260710\raw_sources\2881_2016-05_TWSE.json,2026-07-10T11:45:17+00:00,
2881,2016-06,,blocked_no_target_official_row,20,0,,,,2026-07-10T11:45:18+00:00,TWSE:no_target_rows | TPEx:no_target_rows
2881,2016-07,TWSE,accepted_new_official_raw,2,2,https://www.twse.com.tw/exchangeReport/STOCK_DAY?date=20160701&stockNo=2881&response=json,4b62ad195ed4a8e4446d3b14881c4f37b135ccf6b97d1276ad270ae1e93369e4,C:\Users\zergv\Documents\Codex\2026-05-23\ai-stock-rotation-radar-https-docs\outputs\radar_vnext_p1_dynamic80_incumbent_hold_selected_stock_daily_ohlc_gap_fill_20260710\raw_sources\2881_2016-07_TWSE.json,2026-07-10T11:45:18+00:00,
2882,2019-10,TWSE,accepted_new_official_raw,6,6,https://www.twse.com.tw/exchangeReport/STOCK_DAY?date=20191001&stockNo=2882&response=json,eac0f238fbe5d5a4b68844b8012f281086e156ed6e76c71db387c912944ccb14,C:\Users\zergv\Documents\Codex\2026-05-23\ai-stock-rotation-radar-https-docs\outputs\radar_vnext_p1_dynamic80_incumbent_hold_selected_stock_daily_ohlc_gap_fill_20260710\raw_sources\2882_2019-10_TWSE.json,2026-07-10T11:45:18+00:00,
2882,2019-12,TWSE,accepted_new_official_raw,12,12,https://www.twse.com.tw/exchangeReport/STOCK_DAY?date=20191201&stockNo=2882&response=json,352f4c56f08eb51078ef1e1c9220c0e4bc99ff79c294a09cf674a3eb3aebead7,C:\Users\zergv\Documents\Codex\2026-05-23\ai-stock-rotation-radar-https-docs\outputs\radar_vnext_p1_dynamic80_incumbent_hold_selected_stock_daily_ohlc_gap_fill_20260710\raw_sources\2882_2019-12_TWSE.json,2026-07-10T11:45:18+00:00,
2882,2020-01,TWSE,accepted_new_official_raw,8,8,https://www.twse.com.tw/exchangeReport/STOCK_DAY?date=20200101&stockNo=2882&response=json,30d96bd45db8c8dd00e43a1ddfdf714de9f4f000947ddf35e9290f17cac0e796,C:\Users\zergv\Documents\Codex\2026-05-23\ai-stock-rotation-radar-https-docs\outputs\radar_vnext_p1_dynamic80_incumbent_hold_selected_stock_daily_ohlc_gap_fill_20260710\raw_sources\2882_2020-01_TWSE.json,2026-07-10T11:45:19+00:00,
2886,2016-02,TWSE,accepted_new_official_raw,5,5,https://www.twse.com.tw/exchangeReport/STOCK_DAY?date=20160201&stockNo=2886&response=json,e38b53688094b49903eec00446250e23ddb61a48ac3912c238a553326c8568f8,C:\Users\zergv\Documents\Codex\2026-05-23\ai-stock-rotation-radar-https-docs\outputs\radar_vnext_p1_dynamic80_incumbent_hold_selected_stock_daily_ohlc_gap_fill_20260710\raw_sources\2886_2016-02_TWSE.json,2026-07-10T11:45:19+00:00,
2886,2016-03,TWSE,accepted_new_official_raw,10,10,https://www.twse.com.tw/exchangeReport/STOCK_DAY?date=20160301&stockNo=2886&response=json,57ea99a07d43a03931f5568301895a1430d719c9118aa0462e4f131c12a60e3a,C:\Users\zergv\Documents\Codex\2026-05-23\ai-stock-rotation-radar-https-docs\outputs\radar_vnext_p1_dynamic80_incumbent_hold_selected_stock_daily_ohlc_gap_fill_20260710\raw_sources\2886_2016-03_TWSE.json,2026-07-10T11:45:19+00:00,
2891,2016-07,TWSE,accepted_new_official_raw,19,19,https://www.twse.com.tw/exchangeReport/STOCK_DAY?date=20160701&stockNo=2891&response=json,32db9bd51b2ad7fd8049d88a14c08563fbc3b8256f9e054df17c941551e34d17,C:\Users\zergv\Documents\Codex\2026-05-23\ai-stock-rotation-radar-https-docs\outputs\radar_vnext_p1_dynamic80_incumbent_hold_selected_stock_daily_ohlc_gap_fill_20260710\raw_sources\2891_2016-07_TWSE.json,2026-07-10T11:45:19+00:00,
2891,2017-01,TWSE,accepted_new_official_raw,11,11,https://www.twse.com.tw/exchangeReport/STOCK_DAY?date=20170101&stockNo=2891&response=json,0ddcc76c0f56ea29c42ec74b6688099e4ce9b96adbe11a40b13adcbb6474fff0,C:\Users\zergv\Documents\Codex\2026-05-23\ai-stock-rotation-radar-https-docs\outputs\radar_vnext_p1_dynamic80_incumbent_hold_selected_stock_daily_ohlc_gap_fill_20260710\raw_sources\2891_2017-01_TWSE.json,2026-07-10T11:45:20+00:00,
2891,2017-02,TWSE,accepted_new_official_raw,13,13,https://www.twse.com.tw/exchangeReport/STOCK_DAY?date=20170201&stockNo=2891&response=json,d852ec37a5813471ab074684f3904dc6950f17daeadb55cb32c81fe28cd582e3,C:\Users\zergv\Documents\Codex\2026-05-23\ai-stock-rotation-radar-https-docs\outputs\radar_vnext_p1_dynamic80_incumbent_hold_selected_stock_daily_ohlc_gap_fill_20260710\raw_sources\2891_2017-02_TWSE.json,2026-07-10T11:45:20+00:00,
2891,2017-03,TWSE,accepted_new_official_raw,1,1,https://www.twse.com.tw/exchangeReport/STOCK_DAY?date=20170301&stockNo=2891&response=json,3fd36e950dc992a9e5c601af19ec38bcdcd9b45a5b60c457132046e4c7a86bc2,C:\Users\zergv\Documents\Codex\2026-05-23\ai-stock-rotation-radar-https-docs\outputs\radar_vnext_p1_dynamic80_incumbent_hold_selected_stock_daily_ohlc_gap_fill_20260710\raw_sources\2891_2017-03_TWSE.json,2026-07-10T11:45:20+00:00,
2891,2017-04,TWSE,accepted_new_official_raw,10,10,https://www.twse.com.tw/exchangeReport/STOCK_DAY?date=20170401&stockNo=2891&response=json,839e85de519c56cb1c86a67dfe05ce94f2e0bb292cd745c4562c198ebbad0b70,C:\Users\zergv\Documents\Codex\2026-05-23\ai-stock-rotation-radar-https-docs\outputs\radar_vnext_p1_dynamic80_incumbent_hold_selected_stock_daily_ohlc_gap_fill_20260710\raw_sources\2891_2017-04_TWSE.json,2026-07-10T11:45:20+00:00,
2891,2017-05,TWSE,accepted_new_official_raw,20,20,https://www.twse.com.tw/exchangeReport/STOCK_DAY?date=20170501&stockNo=2891&response=json,d0fe366c49b6e5c9c697d0cc26587166471d08e24553c0fd4d835e822036516a,C:\Users\zergv\Documents\Codex\2026-05-23\ai-stock-rotation-radar-https-docs\outputs\radar_vnext_p1_dynamic80_incumbent_hold_selected_stock_daily_ohlc_gap_fill_20260710\raw_sources\2891_2017-05_TWSE.json,2026-07-10T11:45:21+00:00,
2891,2017-06,TWSE,accepted_new_official_raw,22,22,https://www.twse.com.tw/exchangeReport/STOCK_DAY?date=20170601&stockNo=2891&response=json,664a9d88dc775af87dc554fbfa852b696b6313b71f980c77109019bfc8e3d51a,C:\Users\zergv\Documents\Codex\2026-05-23\ai-stock-rotation-radar-https-docs\outputs\radar_vnext_p1_dynamic80_incumbent_hold_selected_stock_daily_ohlc_gap_fill_20260710\raw_sources\2891_2017-06_TWSE.json,2026-07-10T11:45:21+00:00,
2891,2017-07,TWSE,accepted_new_official_raw,21,21,https://www.twse.com.tw/exchangeReport/STOCK_DAY?date=20170701&stockNo=2891&response=json,82d378782fc07af2d2f77335a283298dacc5a8409ec112e49f684071e70ee00d,C:\Users\zergv\Documents\Codex\2026-05-23\ai-stock-rotation-radar-https-docs\outputs\radar_vnext_p1_dynamic80_incumbent_hold_selected_stock_daily_ohlc_gap_fill_20260710\raw_sources\2891_2017-07_TWSE.json,2026-07-10T11:45:21+00:00,
3008,2017-11,TWSE,accepted_new_official_raw,14,14,https://www.twse.com.tw/exchangeReport/STOCK_DAY?date=20171101&stockNo=3008&response=json,3ce1542d1dea4f03705cb4efea357a35d9182527206af61338678e9f5e7821f0,C:\Users\zergv\Documents\Codex\2026-05-23\ai-stock-rotation-radar-https-docs\outputs\radar_vnext_p1_dynamic80_incumbent_hold_selected_stock_daily_ohlc_gap_fill_20260710\raw_sources\3008_2017-11_TWSE.json,2026-07-10T11:45:21+00:00,
3008,2017-12,TWSE,accepted_new_official_raw,2,2,https://www.twse.com.tw/exchangeReport/STOCK_DAY?date=20171201&stockNo=3008&response=json,183b9ec647b55fe4300fdb8645c7e8b22d8eefd94392601f6ec742fb258def13,C:\Users\zergv\Documents\Codex\2026-05-23\ai-stock-rotation-radar-https-docs\outputs\radar_vnext_p1_dynamic80_incumbent_hold_selected_stock_daily_ohlc_gap_fill_20260710\raw_sources\3008_2017-12_TWSE.json,2026-07-10T11:45:22+00:00,
3008,2018-10,TWSE,accepted_new_official_raw,6,6,https://www.twse.com.tw/exchangeReport/STOCK_DAY?date=20181001&stockNo=3008&response=json,d2fd5dff548ce41ce1a2120cb779f6aa841ea0294ee87f6ff90694e2af5a8969,C:\Users\zergv\Documents\Codex\2026-05-23\ai-stock-rotation-radar-https-docs\outputs\radar_vnext_p1_dynamic80_incumbent_hold_selected_stock_daily_ohlc_gap_fill_20260710\raw_sources\3008_2018-10_TWSE.json,2026-07-10T11:45:22+00:00,
3037,2020-02,TWSE,accepted_new_official_raw,6,6,https://www.twse.com.tw/exchangeReport/STOCK_DAY?date=20200201&stockNo=3037&response=json,5ed1944d57d415eabe61d979b7a5391331a79935f8f90324bf3f1db0a5c6db82,C:\Users\zergv\Documents\Codex\2026-05-23\ai-stock-rotation-radar-https-docs\outputs\radar_vnext_p1_dynamic80_incumbent_hold_selected_stock_daily_ohlc_gap_fill_20260710\raw_sources\3037_2020-02_TWSE.json,2026-07-10T11:45:22+00:00,
3037,2021-03,TWSE,accepted_new_official_raw,6,6,https://www.twse.com.tw/exchangeReport/STOCK_DAY?date=20210301&stockNo=3037&response=json,fb1e9d9dda262f91e6748ac989e0a556ea9432f309974cc516bd1bf3c758ac05,C:\Users\zergv\Documents\Codex\2026-05-23\ai-stock-rotation-radar-https-docs\outputs\radar_vnext_p1_dynamic80_incumbent_hold_selected_stock_daily_ohlc_gap_fill_20260710\raw_sources\3037_2021-03_TWSE.json,2026-07-10T11:45:22+00:00,
3105,2020-02,TPEx,accepted_new_official_raw,19,19,https://www.tpex.org.tw/www/zh-tw/afterTrading/tradingStock?code=3105&date=2020%2F02%2F01&response=json,757fd1573edbfe3e859d88806de62d9cf27c32e89e7f6b27dc9bcfac926cbc94,C:\Users\zergv\Documents\Codex\2026-05-23\ai-stock-rotation-radar-https-docs\outputs\radar_vnext_p1_dynamic80_incumbent_hold_selected_stock_daily_ohlc_gap_fill_20260710\raw_sources\3105_2020-02_TPEx.json,2026-07-10T11:45:23+00:00,
3105,2020-03,TPEx,accepted_new_official_raw,11,11,https://www.tpex.org.tw/www/zh-tw/afterTrading/tradingStock?code=3105&date=2020%2F03%2F01&response=json,c199d548ed00dffe27cc0b4f602545f1065f8d0ac3e85f88a902ecb7ccc7ec70,C:\Users\zergv\Documents\Codex\2026-05-23\ai-stock-rotation-radar-https-docs\outputs\radar_vnext_p1_dynamic80_incumbent_hold_selected_stock_daily_ohlc_gap_fill_20260710\raw_sources\3105_2020-03_TPEx.json,2026-07-10T11:45:23+00:00,
3324,2019-12,TPEx,accepted_new_official_raw,2,2,https://www.tpex.org.tw/www/zh-tw/afterTrading/tradingStock?code=3324&date=2019%2F12%2F01&response=json,86b93e6f23daf5d3871aae17ddd7e39435e90710f9f1972d193d236dc561cdda,C:\Users\zergv\Documents\Codex\2026-05-23\ai-stock-rotation-radar-https-docs\outputs\radar_vnext_p1_dynamic80_incumbent_hold_selected_stock_daily_ohlc_gap_fill_20260710\raw_sources\3324_2019-12_TPEx.json,2026-07-10T11:45:23+00:00,
3324,2020-01,TPEx,accepted_new_official_raw,3,3,https://www.tpex.org.tw/www/zh-tw/afterTrading/tradingStock?code=3324&date=2020%2F01%2F01&response=json,b2d03da8c042d6f5b6e65ae7814174e6919c26c93c229216a1ca4b8ce7338b5d,C:\Users\zergv\Documents\Codex\2026-05-23\ai-stock-rotation-radar-https-docs\outputs\radar_vnext_p1_dynamic80_incumbent_hold_selected_stock_daily_ohlc_gap_fill_20260710\raw_sources\3324_2020-01_TPEx.json,2026-07-10T11:45:24+00:00,
3406,2020-05,TWSE,accepted_new_official_raw,11,11,https://www.twse.com.tw/exchangeReport/STOCK_DAY?date=20200501&stockNo=3406&response=json,902c98ec8fae9977ce92ded4f2b20ec5292b4a634d79b2711922c95a6916412a,C:\Users\zergv\Documents\Codex\2026-05-23\ai-stock-rotation-radar-https-docs\outputs\radar_vnext_p1_dynamic80_incumbent_hold_selected_stock_daily_ohlc_gap_fill_20260710\raw_sources\3406_2020-05_TWSE.json,2026-07-10T11:45:24+00:00,
3481,2017-07,TWSE,accepted_new_official_raw,1,1,https://www.twse.com.tw/exchangeReport/STOCK_DAY?date=20170701&stockNo=3481&response=json,3948c836a65c03e67d22d950ccc777a750554d6828a4b814423d5e2d775cef5a,C:\Users\zergv\Documents\Codex\2026-05-23\ai-stock-rotation-radar-https-docs\outputs\radar_vnext_p1_dynamic80_incumbent_hold_selected_stock_daily_ohlc_gap_fill_20260710\raw_sources\3481_2017-07_TWSE.json,2026-07-10T11:45:24+00:00,
3481,2017-08,TWSE,accepted_new_official_raw,23,23,https://www.twse.com.tw/exchangeReport/STOCK_DAY?date=20170801&stockNo=3481&response=json,8715996aa5db70fc532f80f4a229f113cc151f16e499af3b733ca9d0ff6ae329,C:\Users\zergv\Documents\Codex\2026-05-23\ai-stock-rotation-radar-https-docs\outputs\radar_vnext_p1_dynamic80_incumbent_hold_selected_stock_daily_ohlc_gap_fill_20260710\raw_sources\3481_2017-08_TWSE.json,2026-07-10T11:45:25+00:00,
3481,2017-09,TWSE,accepted_new_official_raw,7,7,https://www.twse.com.tw/exchangeReport/STOCK_DAY?date=20170901&stockNo=3481&response=json,ad2ffad5859c867af80687cdf737a8ce56a531ac18f231fc59247a3d99df98dd,C:\Users\zergv\Documents\Codex\2026-05-23\ai-stock-rotation-radar-https-docs\outputs\radar_vnext_p1_dynamic80_incumbent_hold_selected_stock_daily_ohlc_gap_fill_20260710\raw_sources\3481_2017-09_TWSE.json,2026-07-10T11:45:25+00:00,
3661,2022-12,TWSE,accepted_new_official_raw,11,11,https://www.twse.com.tw/exchangeReport/STOCK_DAY?date=20221201&stockNo=3661&response=json,821ba8ffd878abb8666b94770812c6e13659d97c29394f243e3899e62c0e0999,C:\Users\zergv\Documents\Codex\2026-05-23\ai-stock-rotation-radar-https-docs\outputs\radar_vnext_p1_dynamic80_incumbent_hold_selected_stock_daily_ohlc_gap_fill_20260710\raw_sources\3661_2022-12_TWSE.json,2026-07-10T11:45:25+00:00,
3711,2021-05,TWSE,accepted_new_official_raw,16,16,https://www.twse.com.tw/exchangeReport/STOCK_DAY?date=20210501&stockNo=3711&response=json,dbb9995d502e2c85d80ec6b6d4294ff67859d16ea352ad448b46c20f9b68c510,C:\Users\zergv\Documents\Codex\2026-05-23\ai-stock-rotation-radar-https-docs\outputs\radar_vnext_p1_dynamic80_incumbent_hold_selected_stock_daily_ohlc_gap_fill_20260710\raw_sources\3711_2021-05_TWSE.json,2026-07-10T11:45:25+00:00,
4958,2021-02,TWSE,accepted_new_official_raw,9,9,https://www.twse.com.tw/exchangeReport/STOCK_DAY?date=20210201&stockNo=4958&response=json,b5365826dbbaee010b80a7f88c2867a352a6b689b1a5bd1965820b110c3fb44d,C:\Users\zergv\Documents\Codex\2026-05-23\ai-stock-rotation-radar-https-docs\outputs\radar_vnext_p1_dynamic80_incumbent_hold_selected_stock_daily_ohlc_gap_fill_20260710\raw_sources\4958_2021-02_TWSE.json,2026-07-10T11:45:26+00:00,
4991,2018-03,TPEx,accepted_new_official_raw,6,6,https://www.tpex.org.tw/www/zh-tw/afterTrading/tradingStock?code=4991&date=2018%2F03%2F01&response=json,2f503d9f79ce0b5af4876128c33982add2ffef93307e8ccb4b992f6c7ec1b216,C:\Users\zergv\Documents\Codex\2026-05-23\ai-stock-rotation-radar-https-docs\outputs\radar_vnext_p1_dynamic80_incumbent_hold_selected_stock_daily_ohlc_gap_fill_20260710\raw_sources\4991_2018-03_TPEx.json,2026-07-10T11:45:26+00:00,
5269,2018-12,TWSE,accepted_new_official_raw,11,11,https://www.twse.com.tw/exchangeReport/STOCK_DAY?date=20181201&stockNo=5269&response=json,91b32bf72cdcabc4043f5eb212e7f6ebc2357cc8ff6c57ecc194ae76d1d6f78f,C:\Users\zergv\Documents\Codex\2026-05-23\ai-stock-rotation-radar-https-docs\outputs\radar_vnext_p1_dynamic80_incumbent_hold_selected_stock_daily_ohlc_gap_fill_20260710\raw_sources\5269_2018-12_TWSE.json,2026-07-10T11:45:26+00:00,
5483,2019-04,TPEx,accepted_new_official_raw,12,12,https://www.tpex.org.tw/www/zh-tw/afterTrading/tradingStock?code=5483&date=2019%2F04%2F01&response=json,4928b094d30c7853423ce6f54ee8351d1962751b0fe152d748c83896ac31fb63,C:\Users\zergv\Documents\Codex\2026-05-23\ai-stock-rotation-radar-https-docs\outputs\radar_vnext_p1_dynamic80_incumbent_hold_selected_stock_daily_ohlc_gap_fill_20260710\raw_sources\5483_2019-04_TPEx.json,2026-07-10T11:45:27+00:00,
6488,2021-12,TPEx,accepted_new_official_raw,14,14,https://www.tpex.org.tw/www/zh-tw/afterTrading/tradingStock?code=6488&date=2021%2F12%2F01&response=json,70ae4ac588631a59badb172c36d0ebf210b08294ff8d6b8cf986158a086b2a8f,C:\Users\zergv\Documents\Codex\2026-05-23\ai-stock-rotation-radar-https-docs\outputs\radar_vnext_p1_dynamic80_incumbent_hold_selected_stock_daily_ohlc_gap_fill_20260710\raw_sources\6488_2021-12_TPEx.json,2026-07-10T11:45:27+00:00,
6488,2022-01,TPEx,accepted_new_official_raw,16,16,https://www.tpex.org.tw/www/zh-tw/afterTrading/tradingStock?code=6488&date=2022%2F01%2F01&response=json,9bdc9cb28c4cecf2984d22912a5d91fdac045922f99d72e1c0f5642cfbf78994,C:\Users\zergv\Documents\Codex\2026-05-23\ai-stock-rotation-radar-https-docs\outputs\radar_vnext_p1_dynamic80_incumbent_hold_selected_stock_daily_ohlc_gap_fill_20260710\raw_sources\6488_2022-01_TPEx.json,2026-07-10T11:45:27+00:00,
6488,2022-02,TPEx,accepted_new_official_raw,6,6,https://www.tpex.org.tw/www/zh-tw/afterTrading/tradingStock?code=6488&date=2022%2F02%2F01&response=json,87fee150f3e320aab8771a227f0aa33c5610c7ceea8e97753b4bf6bd7a5962da,C:\Users\zergv\Documents\Codex\2026-05-23\ai-stock-rotation-radar-https-docs\outputs\radar_vnext_p1_dynamic80_incumbent_hold_selected_stock_daily_ohlc_gap_fill_20260710\raw_sources\6488_2022-02_TPEx.json,2026-07-10T11:45:28+00:00,
6531,2021-06,TWSE,accepted_new_official_raw,10,10,https://www.twse.com.tw/exchangeReport/STOCK_DAY?date=20210601&stockNo=6531&response=json,0bb4d1fc85e019a6550529d943931d23d45149f16c7b42516f9c046a7e0272c7,C:\Users\zergv\Documents\Codex\2026-05-23\ai-stock-rotation-radar-https-docs\outputs\radar_vnext_p1_dynamic80_incumbent_hold_selected_stock_daily_ohlc_gap_fill_20260710\raw_sources\6531_2021-06_TWSE.json,2026-07-10T11:45:28+00:00,
8299,2016-09,TPEx,accepted_new_official_raw,10,8,https://www.tpex.org.tw/www/zh-tw/afterTrading/tradingStock?code=8299&date=2016%2F09%2F01&response=json,3d2fde16527e94380f130829a123b3a750effb043a0de4d4d1d68b5abc5848cb,C:\Users\zergv\Documents\Codex\2026-05-23\ai-stock-rotation-radar-https-docs\outputs\radar_vnext_p1_dynamic80_incumbent_hold_selected_stock_daily_ohlc_gap_fill_20260710\raw_sources\8299_2016-09_TPEx.json,2026-07-10T11:45:28+00:00,
8299,2016-10,TPEx,accepted_new_official_raw,20,20,https://www.tpex.org.tw/www/zh-tw/afterTrading/tradingStock?code=8299&date=2016%2F10%2F01&response=json,bec2b294350b8c9d58682d42881983e94d0f9445b4326adc198e843e5e8d192d,C:\Users\zergv\Documents\Codex\2026-05-23\ai-stock-rotation-radar-https-docs\outputs\radar_vnext_p1_dynamic80_incumbent_hold_selected_stock_daily_ohlc_gap_fill_20260710\raw_sources\8299_2016-10_TPEx.json,2026-07-10T11:45:29+00:00,
2303,2015-07,,blocked_no_target_official_row,1,0,,,,2026-07-10T11:47:44+00:00,TWSE:no_target_rows | TPEx:no_target_rows
2317,2016-03,,blocked_no_target_official_row,1,0,,,,2026-07-10T11:47:44+00:00,TWSE:no_target_rows | TPEx:no_target_rows
2317,2018-10,,blocked_no_target_official_row,3,0,,,,2026-07-10T11:47:45+00:00,TWSE:no_target_rows | TPEx:no_target_rows
2330,2015-09,,blocked_no_target_official_row,1,0,,,,2026-07-10T11:47:45+00:00,TWSE:no_target_rows | TPEx:no_target_rows
2330,2016-01,TWSE,accepted_rwd_retry,20,20,https://www.twse.com.tw/rwd/zh/afterTrading/STOCK_DAY?date=20160101&stockNo=2330&response=json,602fccb796ecf7055565e0f53c82a6279e41097e4df8af7e396ba1efcb2cf126,C:\Users\zergv\Documents\Codex\2026-05-23\ai-stock-rotation-radar-https-docs\outputs\radar_vnext_p1_dynamic80_incumbent_hold_selected_stock_daily_ohlc_gap_fill_20260710\raw_sources\2330_2016-01_TWSE_RWD.json,2026-07-10T11:47:46+00:00,
2382,2015-09,,blocked_no_target_official_row,1,0,,,,2026-07-10T11:47:46+00:00,TWSE:no_target_rows | TPEx:no_target_rows
2881,2016-06,TWSE,accepted_rwd_retry,20,20,https://www.twse.com.tw/rwd/zh/afterTrading/STOCK_DAY?date=20160601&stockNo=2881&response=json,c5337e274f8137d20ae6b260f2ef2b911a4f732f33d6aa97b190cd21cfbeaf26,C:\Users\zergv\Documents\Codex\2026-05-23\ai-stock-rotation-radar-https-docs\outputs\radar_vnext_p1_dynamic80_incumbent_hold_selected_stock_daily_ohlc_gap_fill_20260710\raw_sources\2881_2016-06_TWSE_RWD.json,2026-07-10T11:47:46+00:00,
8299,2016-09,,blocked_no_target_official_row,2,0,,,,2026-07-10T11:47:46+00:00,TWSE:no_target_rows | TPEx:no_target_rows
2303,2015-07,,blocked_no_target_official_row,1,0,,,,2026-07-10T11:48:42+00:00,TWSE:no_target_rows | TPEx:no_target_rows
2317,2016-03,,blocked_no_target_official_row,1,0,,,,2026-07-10T11:48:43+00:00,TWSE:no_target_rows | TPEx:no_target_rows
2317,2018-10,,blocked_no_target_official_row,3,0,,,,2026-07-10T11:48:43+00:00,TWSE:no_target_rows | TPEx:no_target_rows
2330,2015-09,,blocked_no_target_official_row,1,0,,,,2026-07-10T11:48:43+00:00,TWSE:no_target_rows | TPEx:no_target_rows
2382,2015-09,,blocked_no_target_official_row,1,0,,,,2026-07-10T11:48:43+00:00,TWSE:no_target_rows | TPEx:no_target_rows
8299,2016-09,,blocked_no_target_official_row,2,0,,,,2026-07-10T11:48:43+00:00,TWSE:no_target_rows | TPEx:no_target_rows
2303,2015-07,,blocked_no_target_official_row,1,0,,,,2026-07-10T11:49:25+00:00,TWSE:no_target_rows | TPEx:no_target_rows
2317,2016-03,,blocked_no_target_official_row,1,0,,,,2026-07-10T11:49:26+00:00,TWSE:no_target_rows | TPEx:no_target_rows
2317,2018-10,,blocked_no_target_official_row,3,0,,,,2026-07-10T11:49:26+00:00,TWSE:no_target_rows | TPEx:no_target_rows
2330,2015-09,,blocked_no_target_official_row,1,0,,,,2026-07-10T11:49:26+00:00,TWSE:no_target_rows | TPEx:no_target_rows
2382,2015-09,,blocked_no_target_official_row,1,0,,,,2026-07-10T11:49:26+00:00,TWSE:no_target_rows | TPEx:no_target_rows
8299,2016-09,,blocked_no_target_official_row,2,0,,,,2026-07-10T11:49:26+00:00,TWSE:no_target_rows | TPEx:no_target_rows
