source,period,url,retrieved_path,content_type,http_status,sha256,bytes,notes
browser_cdp_capture,live,https://www.sitca.org.tw/ROC/Industry/IN2421.aspx,C:\Users\zergv\Documents\Codex\2026-05-23\ai-stock-rotation-radar-https-docs\outputs\radar_tw50_0050_browser_network_capture_phase7_201411_202312_20260629\raw_sources\sitca_live_in2421_0.html,text/html; charset=utf-8,200,e3b0c44298fc1c149afbf4c8996fb92427ae41e4649b934ca495991b7852b855,0,sitca_live_in2421
browser_cdp_capture,live,https://www.sitca.org.tw/WDataStyle.css,C:\Users\zergv\Documents\Codex\2026-05-23\ai-stock-rotation-radar-https-docs\outputs\radar_tw50_0050_browser_network_capture_phase7_201411_202312_20260629\raw_sources\sitca_live_in2421_1.html,text/css,200,389fd22b61503b676e1d03ddc61fb4ceb38dde79298c2e5b4fa8725b14d306be,1486,sitca_live_in2421
browser_cdp_capture,live,https://www.sitca.org.tw/css/mod_settings.css,C:\Users\zergv\Documents\Codex\2026-05-23\ai-stock-rotation-radar-https-docs\outputs\radar_tw50_0050_browser_network_capture_phase7_201411_202312_20260629\raw_sources\sitca_live_in2421_2.html,text/css,200,75e1e28046223e4973e410cbb616679edf1e58fd709173c2a22c71ba1c8e4db6,4411,sitca_live_in2421
browser_cdp_capture,live,https://www.sitca.org.tw/css/menu.css,C:\Users\zergv\Documents\Codex\2026-05-23\ai-stock-rotation-radar-https-docs\outputs\radar_tw50_0050_browser_network_capture_phase7_201411_202312_20260629\raw_sources\sitca_live_in2421_3.html,text/html,404,e3b0c44298fc1c149afbf4c8996fb92427ae41e4649b934ca495991b7852b855,0,sitca_live_in2421
browser_cdp_capture,live,https://www.sitca.org.tw/lib/tablerow.js,C:\Users\zergv\Documents\Codex\2026-05-23\ai-stock-rotation-radar-https-docs\outputs\radar_tw50_0050_browser_network_capture_phase7_201411_202312_20260629\raw_sources\sitca_live_in2421_4.html,application/x-javascript,200,1f7a983c0ad964ab0f6ac465b74e6c57454ca7f5d5dea23158976a2cb6da438e,589,sitca_live_in2421
browser_cdp_capture,live,https://www.sitca.org.tw/css/table1.css,C:\Users\zergv\Documents\Codex\2026-05-23\ai-stock-rotation-radar-https-docs\outputs\radar_tw50_0050_browser_network_capture_phase7_201411_202312_20260629\raw_sources\sitca_live_in2421_5.html,text/css,200,06e11187bf9970e707f341c0d2ceb308c05671628448b2ebc12fcf2582fda79f,3138,sitca_live_in2421
browser_cdp_capture,live,https://www.sitca.org.tw/css/layout1.css,C:\Users\zergv\Documents\Codex\2026-05-23\ai-stock-rotation-radar-https-docs\outputs\radar_tw50_0050_browser_network_capture_phase7_201411_202312_20260629\raw_sources\sitca_live_in2421_6.html,text/css,200,223660a710db745197b6ba170919fa9a239fcb7f238e7b58704d9d141acbedaa,15904,sitca_live_in2421
browser_cdp_capture,live,https://www.sitca.org.tw/Common/popcalendarfordata.htm,C:\Users\zergv\Documents\Codex\2026-05-23\ai-stock-rotation-radar-https-docs\outputs\radar_tw50_0050_browser_network_capture_phase7_201411_202312_20260629\raw_sources\sitca_live_in2421_7.html,text/html,200,e3b0c44298fc1c149afbf4c8996fb92427ae41e4649b934ca495991b7852b855,0,sitca_live_in2421
browser_cdp_capture,live,https://www.sitca.org.tw/image/Bt_query.gif,C:\Users\zergv\Documents\Codex\2026-05-23\ai-stock-rotation-radar-https-docs\outputs\radar_tw50_0050_browser_network_capture_phase7_201411_202312_20260629\raw_sources\sitca_live_in2421_8.html,image/gif,200,9c81bf0c05a596306946b546a1dcaf7a466c0452855700c4d4b20d34420d4536,959,sitca_live_in2421
browser_cdp_capture,live,https://www.sitca.org.tw/image/arrowd.gif,C:\Users\zergv\Documents\Codex\2026-05-23\ai-stock-rotation-radar-https-docs\outputs\radar_tw50_0050_browser_network_capture_phase7_201411_202312_20260629\raw_sources\sitca_live_in2421_9.html,image/gif,200,6ec6da1f83c875b692d1121ce55767d38b13666b69e09797479fb3b0024e1095,79,sitca_live_in2421
browser_cdp_capture,live,https://www.sitca.org.tw/image/bg_th_blue.gif,C:\Users\zergv\Documents\Codex\2026-05-23\ai-stock-rotation-radar-https-docs\outputs\radar_tw50_0050_browser_network_capture_phase7_201411_202312_20260629\raw_sources\sitca_live_in2421_10.html,image/gif,200,1efabd6d32c446cf8119aa1fd75e1ebf4624cd02ce051ef557d3e2f011488374,371,sitca_live_in2421
browser_cdp_capture,live,https://www.sitca.org.tw/image/bg_td_blue.gif,C:\Users\zergv\Documents\Codex\2026-05-23\ai-stock-rotation-radar-https-docs\outputs\radar_tw50_0050_browser_network_capture_phase7_201411_202312_20260629\raw_sources\sitca_live_in2421_11.html,image/gif,200,bbbef097151f4080d978ae5b9d443c0ea99cf056e372e84f15b95098524e142b,371,sitca_live_in2421
browser_cdp_capture,live,https://www.sitca.org.tw/image/MorningStar.jpg,C:\Users\zergv\Documents\Codex\2026-05-23\ai-stock-rotation-radar-https-docs\outputs\radar_tw50_0050_browser_network_capture_phase7_201411_202312_20260629\raw_sources\sitca_live_in2421_12.html,image/jpeg,200,543f1a8d7d58c0b2ca0031a0124140d2e9d348c49198f92194a597e986eb0901,16121,sitca_live_in2421
browser_cdp_capture,live,https://www.sitca.org.tw/image/ico_sitca.ico,C:\Users\zergv\Documents\Codex\2026-05-23\ai-stock-rotation-radar-https-docs\outputs\radar_tw50_0050_browser_network_capture_phase7_201411_202312_20260629\raw_sources\sitca_live_in2421_13.html,image/x-icon,200,548055e352d512bd9f55ef1c305ee7dc5d73cca7e31fbc5eee8d644ba21feb93,1150,sitca_live_in2421
browser_cdp_capture,live,https://www.sitca.org.tw/ROC/Industry/IN2421.aspx,C:\Users\zergv\Documents\Codex\2026-05-23\ai-stock-rotation-radar-https-docs\outputs\radar_tw50_0050_browser_network_capture_phase7_201411_202312_20260629\raw_sources\sitca_live_in2421_2014Q4_14.html,text/html; charset=utf-8,200,e3b0c44298fc1c149afbf4c8996fb92427ae41e4649b934ca495991b7852b855,0,sitca_live_in2421_2014Q4
browser_cdp_capture,live,https://www.sitca.org.tw/WDataStyle.css,C:\Users\zergv\Documents\Codex\2026-05-23\ai-stock-rotation-radar-https-docs\outputs\radar_tw50_0050_browser_network_capture_phase7_201411_202312_20260629\raw_sources\sitca_live_in2421_2014Q4_15.html,text/css,200,389fd22b61503b676e1d03ddc61fb4ceb38dde79298c2e5b4fa8725b14d306be,1486,sitca_live_in2421_2014Q4
browser_cdp_capture,live,https://www.sitca.org.tw/css/mod_settings.css,C:\Users\zergv\Documents\Codex\2026-05-23\ai-stock-rotation-radar-https-docs\outputs\radar_tw50_0050_browser_network_capture_phase7_201411_202312_20260629\raw_sources\sitca_live_in2421_2014Q4_16.html,text/css,200,75e1e28046223e4973e410cbb616679edf1e58fd709173c2a22c71ba1c8e4db6,4411,sitca_live_in2421_2014Q4
browser_cdp_capture,live,https://www.sitca.org.tw/lib/tablerow.js,C:\Users\zergv\Documents\Codex\2026-05-23\ai-stock-rotation-radar-https-docs\outputs\radar_tw50_0050_browser_network_capture_phase7_201411_202312_20260629\raw_sources\sitca_live_in2421_2014Q4_17.html,application/x-javascript,200,1f7a983c0ad964ab0f6ac465b74e6c57454ca7f5d5dea23158976a2cb6da438e,589,sitca_live_in2421_2014Q4
browser_cdp_capture,live,https://www.sitca.org.tw/css/menu.css,C:\Users\zergv\Documents\Codex\2026-05-23\ai-stock-rotation-radar-https-docs\outputs\radar_tw50_0050_browser_network_capture_phase7_201411_202312_20260629\raw_sources\sitca_live_in2421_2014Q4_18.html,text/html,404,e3b0c44298fc1c149afbf4c8996fb92427ae41e4649b934ca495991b7852b855,0,sitca_live_in2421_2014Q4
browser_cdp_capture,live,https://www.sitca.org.tw/css/table1.css,C:\Users\zergv\Documents\Codex\2026-05-23\ai-stock-rotation-radar-https-docs\outputs\radar_tw50_0050_browser_network_capture_phase7_201411_202312_20260629\raw_sources\sitca_live_in2421_2014Q4_19.html,text/css,200,06e11187bf9970e707f341c0d2ceb308c05671628448b2ebc12fcf2582fda79f,3138,sitca_live_in2421_2014Q4
browser_cdp_capture,live,https://www.sitca.org.tw/css/layout1.css,C:\Users\zergv\Documents\Codex\2026-05-23\ai-stock-rotation-radar-https-docs\outputs\radar_tw50_0050_browser_network_capture_phase7_201411_202312_20260629\raw_sources\sitca_live_in2421_2014Q4_20.html,text/css,200,223660a710db745197b6ba170919fa9a239fcb7f238e7b58704d9d141acbedaa,15904,sitca_live_in2421_2014Q4
browser_cdp_capture,live,https://www.sitca.org.tw/image/MorningStar.jpg,C:\Users\zergv\Documents\Codex\2026-05-23\ai-stock-rotation-radar-https-docs\outputs\radar_tw50_0050_browser_network_capture_phase7_201411_202312_20260629\raw_sources\sitca_live_in2421_2014Q4_21.html,image/jpeg,200,eb62ee2eb4058b02fc5f56241d6a993f62146e781482e0b669e166734b43b71d,20900,sitca_live_in2421_2014Q4
browser_cdp_capture,live,https://www.sitca.org.tw/image/Bt_query.gif,C:\Users\zergv\Documents\Codex\2026-05-23\ai-stock-rotation-radar-https-docs\outputs\radar_tw50_0050_browser_network_capture_phase7_201411_202312_20260629\raw_sources\sitca_live_in2421_2014Q4_22.html,image/gif,200,9c81bf0c05a596306946b546a1dcaf7a466c0452855700c4d4b20d34420d4536,959,sitca_live_in2421_2014Q4
browser_cdp_capture,live,https://www.sitca.org.tw/Common/popcalendarfordata.htm,C:\Users\zergv\Documents\Codex\2026-05-23\ai-stock-rotation-radar-https-docs\outputs\radar_tw50_0050_browser_network_capture_phase7_201411_202312_20260629\raw_sources\sitca_live_in2421_2014Q4_23.html,text/html,200,44364d2de11b5a241e037adf88fa2a87f334a724de9ec7f75cf549bdaac91e6d,7627,sitca_live_in2421_2014Q4
browser_cdp_capture,live,https://www.sitca.org.tw/ROC/Industry/IN2421.aspx,C:\Users\zergv\Documents\Codex\2026-05-23\ai-stock-rotation-radar-https-docs\outputs\radar_tw50_0050_browser_network_capture_phase7_201411_202312_20260629\raw_sources\sitca_live_in2421_2016Q1_24.html,text/html; charset=utf-8,200,38543bd86170b84eaee5f54d7920a4ac83203cb4b6d3cf7c3a3c82e3e78be5dc,9899,sitca_live_in2421_2016Q1
browser_cdp_capture,live,https://www.sitca.org.tw/WDataStyle.css,C:\Users\zergv\Documents\Codex\2026-05-23\ai-stock-rotation-radar-https-docs\outputs\radar_tw50_0050_browser_network_capture_phase7_201411_202312_20260629\raw_sources\sitca_live_in2421_2016Q1_25.html,text/css,200,389fd22b61503b676e1d03ddc61fb4ceb38dde79298c2e5b4fa8725b14d306be,1486,sitca_live_in2421_2016Q1
browser_cdp_capture,live,https://www.sitca.org.tw/css/mod_settings.css,C:\Users\zergv\Documents\Codex\2026-05-23\ai-stock-rotation-radar-https-docs\outputs\radar_tw50_0050_browser_network_capture_phase7_201411_202312_20260629\raw_sources\sitca_live_in2421_2016Q1_26.html,text/css,200,75e1e28046223e4973e410cbb616679edf1e58fd709173c2a22c71ba1c8e4db6,4411,sitca_live_in2421_2016Q1
browser_cdp_capture,live,https://www.sitca.org.tw/lib/tablerow.js,C:\Users\zergv\Documents\Codex\2026-05-23\ai-stock-rotation-radar-https-docs\outputs\radar_tw50_0050_browser_network_capture_phase7_201411_202312_20260629\raw_sources\sitca_live_in2421_2016Q1_27.html,application/x-javascript,200,1f7a983c0ad964ab0f6ac465b74e6c57454ca7f5d5dea23158976a2cb6da438e,589,sitca_live_in2421_2016Q1
browser_cdp_capture,live,https://www.sitca.org.tw/css/menu.css,C:\Users\zergv\Documents\Codex\2026-05-23\ai-stock-rotation-radar-https-docs\outputs\radar_tw50_0050_browser_network_capture_phase7_201411_202312_20260629\raw_sources\sitca_live_in2421_2016Q1_28.html,text/html,404,e3b0c44298fc1c149afbf4c8996fb92427ae41e4649b934ca495991b7852b855,0,sitca_live_in2421_2016Q1
browser_cdp_capture,live,https://www.sitca.org.tw/css/table1.css,C:\Users\zergv\Documents\Codex\2026-05-23\ai-stock-rotation-radar-https-docs\outputs\radar_tw50_0050_browser_network_capture_phase7_201411_202312_20260629\raw_sources\sitca_live_in2421_2016Q1_29.html,text/css,200,06e11187bf9970e707f341c0d2ceb308c05671628448b2ebc12fcf2582fda79f,3138,sitca_live_in2421_2016Q1
browser_cdp_capture,live,https://www.sitca.org.tw/css/layout1.css,C:\Users\zergv\Documents\Codex\2026-05-23\ai-stock-rotation-radar-https-docs\outputs\radar_tw50_0050_browser_network_capture_phase7_201411_202312_20260629\raw_sources\sitca_live_in2421_2016Q1_30.html,text/css,200,223660a710db745197b6ba170919fa9a239fcb7f238e7b58704d9d141acbedaa,15904,sitca_live_in2421_2016Q1
browser_cdp_capture,live,https://www.sitca.org.tw/image/MorningStar.jpg,C:\Users\zergv\Documents\Codex\2026-05-23\ai-stock-rotation-radar-https-docs\outputs\radar_tw50_0050_browser_network_capture_phase7_201411_202312_20260629\raw_sources\sitca_live_in2421_2016Q1_31.html,image/jpeg,200,eb62ee2eb4058b02fc5f56241d6a993f62146e781482e0b669e166734b43b71d,20900,sitca_live_in2421_2016Q1
browser_cdp_capture,live,https://www.sitca.org.tw/image/Bt_query.gif,C:\Users\zergv\Documents\Codex\2026-05-23\ai-stock-rotation-radar-https-docs\outputs\radar_tw50_0050_browser_network_capture_phase7_201411_202312_20260629\raw_sources\sitca_live_in2421_2016Q1_32.html,image/gif,200,9c81bf0c05a596306946b546a1dcaf7a466c0452855700c4d4b20d34420d4536,959,sitca_live_in2421_2016Q1
browser_cdp_capture,live,https://www.sitca.org.tw/Common/popcalendarfordata.htm,C:\Users\zergv\Documents\Codex\2026-05-23\ai-stock-rotation-radar-https-docs\outputs\radar_tw50_0050_browser_network_capture_phase7_201411_202312_20260629\raw_sources\sitca_live_in2421_2016Q1_33.html,text/html,200,44364d2de11b5a241e037adf88fa2a87f334a724de9ec7f75cf549bdaac91e6d,7627,sitca_live_in2421_2016Q1
browser_cdp_capture,live,https://www.sitca.org.tw/ROC/Industry/IN2421.aspx,C:\Users\zergv\Documents\Codex\2026-05-23\ai-stock-rotation-radar-https-docs\outputs\radar_tw50_0050_browser_network_capture_phase7_201411_202312_20260629\raw_sources\sitca_live_in2421_2021Q4_34.html,text/html; charset=utf-8,200,b51780aeede8b7bef6c6c5810daf62124d54fdd5d3e63348384221c9d7cc9bfc,9899,sitca_live_in2421_2021Q4
browser_cdp_capture,live,https://www.sitca.org.tw/WDataStyle.css,C:\Users\zergv\Documents\Codex\2026-05-23\ai-stock-rotation-radar-https-docs\outputs\radar_tw50_0050_browser_network_capture_phase7_201411_202312_20260629\raw_sources\sitca_live_in2421_2021Q4_35.html,text/css,200,389fd22b61503b676e1d03ddc61fb4ceb38dde79298c2e5b4fa8725b14d306be,1486,sitca_live_in2421_2021Q4
browser_cdp_capture,live,https://www.sitca.org.tw/css/mod_settings.css,C:\Users\zergv\Documents\Codex\2026-05-23\ai-stock-rotation-radar-https-docs\outputs\radar_tw50_0050_browser_network_capture_phase7_201411_202312_20260629\raw_sources\sitca_live_in2421_2021Q4_36.html,text/css,200,75e1e28046223e4973e410cbb616679edf1e58fd709173c2a22c71ba1c8e4db6,4411,sitca_live_in2421_2021Q4
browser_cdp_capture,live,https://www.sitca.org.tw/lib/tablerow.js,C:\Users\zergv\Documents\Codex\2026-05-23\ai-stock-rotation-radar-https-docs\outputs\radar_tw50_0050_browser_network_capture_phase7_201411_202312_20260629\raw_sources\sitca_live_in2421_2021Q4_37.html,application/x-javascript,200,1f7a983c0ad964ab0f6ac465b74e6c57454ca7f5d5dea23158976a2cb6da438e,589,sitca_live_in2421_2021Q4
browser_cdp_capture,live,https://www.sitca.org.tw/css/menu.css,C:\Users\zergv\Documents\Codex\2026-05-23\ai-stock-rotation-radar-https-docs\outputs\radar_tw50_0050_browser_network_capture_phase7_201411_202312_20260629\raw_sources\sitca_live_in2421_2021Q4_38.html,text/html,404,e3b0c44298fc1c149afbf4c8996fb92427ae41e4649b934ca495991b7852b855,0,sitca_live_in2421_2021Q4
browser_cdp_capture,live,https://www.sitca.org.tw/css/table1.css,C:\Users\zergv\Documents\Codex\2026-05-23\ai-stock-rotation-radar-https-docs\outputs\radar_tw50_0050_browser_network_capture_phase7_201411_202312_20260629\raw_sources\sitca_live_in2421_2021Q4_39.html,text/css,200,06e11187bf9970e707f341c0d2ceb308c05671628448b2ebc12fcf2582fda79f,3138,sitca_live_in2421_2021Q4
browser_cdp_capture,live,https://www.sitca.org.tw/css/layout1.css,C:\Users\zergv\Documents\Codex\2026-05-23\ai-stock-rotation-radar-https-docs\outputs\radar_tw50_0050_browser_network_capture_phase7_201411_202312_20260629\raw_sources\sitca_live_in2421_2021Q4_40.html,text/css,200,223660a710db745197b6ba170919fa9a239fcb7f238e7b58704d9d141acbedaa,15904,sitca_live_in2421_2021Q4
browser_cdp_capture,live,https://www.sitca.org.tw/image/MorningStar.jpg,C:\Users\zergv\Documents\Codex\2026-05-23\ai-stock-rotation-radar-https-docs\outputs\radar_tw50_0050_browser_network_capture_phase7_201411_202312_20260629\raw_sources\sitca_live_in2421_2021Q4_41.html,image/jpeg,200,eb62ee2eb4058b02fc5f56241d6a993f62146e781482e0b669e166734b43b71d,20900,sitca_live_in2421_2021Q4
browser_cdp_capture,live,https://www.sitca.org.tw/image/Bt_query.gif,C:\Users\zergv\Documents\Codex\2026-05-23\ai-stock-rotation-radar-https-docs\outputs\radar_tw50_0050_browser_network_capture_phase7_201411_202312_20260629\raw_sources\sitca_live_in2421_2021Q4_42.html,image/gif,200,9c81bf0c05a596306946b546a1dcaf7a466c0452855700c4d4b20d34420d4536,959,sitca_live_in2421_2021Q4
browser_cdp_capture,live,https://www.sitca.org.tw/Common/popcalendarfordata.htm,C:\Users\zergv\Documents\Codex\2026-05-23\ai-stock-rotation-radar-https-docs\outputs\radar_tw50_0050_browser_network_capture_phase7_201411_202312_20260629\raw_sources\sitca_live_in2421_2021Q4_43.html,text/html,200,44364d2de11b5a241e037adf88fa2a87f334a724de9ec7f75cf549bdaac91e6d,7627,sitca_live_in2421_2021Q4
browser_cdp_capture,live,https://www.sitca.org.tw/ROC/Industry/IN2421.aspx,C:\Users\zergv\Documents\Codex\2026-05-23\ai-stock-rotation-radar-https-docs\outputs\radar_tw50_0050_browser_network_capture_phase7_201411_202312_20260629\raw_sources\sitca_live_in2421_2023Q4_44.html,text/html; charset=utf-8,200,dec611307d7efa9ab53ab8798d2171669dc6c099f09e97e3fca4ad92249299f7,9899,sitca_live_in2421_2023Q4
browser_cdp_capture,live,https://www.sitca.org.tw/WDataStyle.css,C:\Users\zergv\Documents\Codex\2026-05-23\ai-stock-rotation-radar-https-docs\outputs\radar_tw50_0050_browser_network_capture_phase7_201411_202312_20260629\raw_sources\sitca_live_in2421_2023Q4_45.html,text/css,200,389fd22b61503b676e1d03ddc61fb4ceb38dde79298c2e5b4fa8725b14d306be,1486,sitca_live_in2421_2023Q4
browser_cdp_capture,live,https://www.sitca.org.tw/css/mod_settings.css,C:\Users\zergv\Documents\Codex\2026-05-23\ai-stock-rotation-radar-https-docs\outputs\radar_tw50_0050_browser_network_capture_phase7_201411_202312_20260629\raw_sources\sitca_live_in2421_2023Q4_46.html,text/css,200,75e1e28046223e4973e410cbb616679edf1e58fd709173c2a22c71ba1c8e4db6,4411,sitca_live_in2421_2023Q4
browser_cdp_capture,live,https://www.sitca.org.tw/lib/tablerow.js,C:\Users\zergv\Documents\Codex\2026-05-23\ai-stock-rotation-radar-https-docs\outputs\radar_tw50_0050_browser_network_capture_phase7_201411_202312_20260629\raw_sources\sitca_live_in2421_2023Q4_47.html,application/x-javascript,200,1f7a983c0ad964ab0f6ac465b74e6c57454ca7f5d5dea23158976a2cb6da438e,589,sitca_live_in2421_2023Q4
browser_cdp_capture,live,https://www.sitca.org.tw/css/menu.css,C:\Users\zergv\Documents\Codex\2026-05-23\ai-stock-rotation-radar-https-docs\outputs\radar_tw50_0050_browser_network_capture_phase7_201411_202312_20260629\raw_sources\sitca_live_in2421_2023Q4_48.html,text/html,404,e3b0c44298fc1c149afbf4c8996fb92427ae41e4649b934ca495991b7852b855,0,sitca_live_in2421_2023Q4
browser_cdp_capture,live,https://www.sitca.org.tw/css/table1.css,C:\Users\zergv\Documents\Codex\2026-05-23\ai-stock-rotation-radar-https-docs\outputs\radar_tw50_0050_browser_network_capture_phase7_201411_202312_20260629\raw_sources\sitca_live_in2421_2023Q4_49.html,text/css,200,06e11187bf9970e707f341c0d2ceb308c05671628448b2ebc12fcf2582fda79f,3138,sitca_live_in2421_2023Q4
browser_cdp_capture,live,https://www.sitca.org.tw/css/layout1.css,C:\Users\zergv\Documents\Codex\2026-05-23\ai-stock-rotation-radar-https-docs\outputs\radar_tw50_0050_browser_network_capture_phase7_201411_202312_20260629\raw_sources\sitca_live_in2421_2023Q4_50.html,text/css,200,223660a710db745197b6ba170919fa9a239fcb7f238e7b58704d9d141acbedaa,15904,sitca_live_in2421_2023Q4
browser_cdp_capture,live,https://www.sitca.org.tw/image/MorningStar.jpg,C:\Users\zergv\Documents\Codex\2026-05-23\ai-stock-rotation-radar-https-docs\outputs\radar_tw50_0050_browser_network_capture_phase7_201411_202312_20260629\raw_sources\sitca_live_in2421_2023Q4_51.html,image/jpeg,200,eb62ee2eb4058b02fc5f56241d6a993f62146e781482e0b669e166734b43b71d,20900,sitca_live_in2421_2023Q4
browser_cdp_capture,live,https://www.sitca.org.tw/image/Bt_query.gif,C:\Users\zergv\Documents\Codex\2026-05-23\ai-stock-rotation-radar-https-docs\outputs\radar_tw50_0050_browser_network_capture_phase7_201411_202312_20260629\raw_sources\sitca_live_in2421_2023Q4_52.html,image/gif,200,9c81bf0c05a596306946b546a1dcaf7a466c0452855700c4d4b20d34420d4536,959,sitca_live_in2421_2023Q4
browser_cdp_capture,live,https://www.sitca.org.tw/Common/popcalendarfordata.htm,C:\Users\zergv\Documents\Codex\2026-05-23\ai-stock-rotation-radar-https-docs\outputs\radar_tw50_0050_browser_network_capture_phase7_201411_202312_20260629\raw_sources\sitca_live_in2421_2023Q4_53.html,text/html,200,44364d2de11b5a241e037adf88fa2a87f334a724de9ec7f75cf549bdaac91e6d,7627,sitca_live_in2421_2023Q4
browser_cdp_capture,live,https://www.yuantaetfs.com/product/detail/0050/ratio,C:\Users\zergv\Documents\Codex\2026-05-23\ai-stock-rotation-radar-https-docs\outputs\radar_tw50_0050_browser_network_capture_phase7_201411_202312_20260629\raw_sources\yuanta_live_0_54.html,text/html; charset=utf-8,200,e3b0c44298fc1c149afbf4c8996fb92427ae41e4649b934ca495991b7852b855,0,yuanta_live_0
browser_cdp_capture,live,https://analytics.google.com/g/collect?v=2&tid=G-BPBFF9DK00&gtm=45je66o1v9103244172z89103227232za20gzb9103227232zd9103227232&_p=1782725044184&_gaz=1&gcd=13l3l3l3l1l1&npa=0&dma=0&_eu=AAAAAGAC&are=1&cid=1789609142.1782725045&frm=0&pscdl=noapi&rcb=11&sr=800x600&uaa=x86&uab=64&uafvl=Google%2520Chrome%3B149.0.7827.197%7CChromium%3B149.0.7827.197%7CNot)A%253BBrand%3B24.0.0.0&uam=&uamb=0&uap=Windows&uapv=19.0.0&uaw=0&ul=zh-tw&gaf=2&_s=1&tag_exp=115616985~115938466~115938468~119027224~119348850~119576891~119576895&sid=1782725044&sct=1&seg=0&dl=https%3A%2F%2Fwww.yuantaetfs.com%2Fproduct%2Fdetail%2F0050%2Fratio&dt=(0050)%E5%85%83%E5%A4%A7%E5%8F%B0%E7%81%A3%E5%8D%93%E8%B6%8A50%E8%AD%89%E5%88%B8%E6%8A%95%E8%B3%87%E4%BF%A1%E8%A8%97%E5%9F%BA%E9%87%91%20-%20%E6%8C%81%E8%82%A1%E6%AF%94%E9%87%8D%20%7C%20%E5%85%83%E5%A4%A7%E6%8A%95%E4%BF%A1%20YuantaETFs&en=page_view&_fv=1&_nsi=1&_ss=1&tfd=1526,C:\Users\zergv\Documents\Codex\2026-05-23\ai-stock-rotation-radar-https-docs\outputs\radar_tw50_0050_browser_network_capture_phase7_201411_202312_20260629\raw_sources\yuanta_live_0_55.html,text/plain,204,e3b0c44298fc1c149afbf4c8996fb92427ae41e4649b934ca495991b7852b855,0,yuanta_live_0
browser_cdp_capture,live,https://www.google-analytics.com/j/collect?v=1&_v=j102&a=1167383389&t=pageview&_s=1&dl=https%3A%2F%2Fwww.yuantaetfs.com%2Fproduct%2Fdetail%2F0050%2Fratio&dp=%2Fproduct%2Fdetail%2F0050%2Fratio&ul=zh-tw&dt=(0050)%E5%85%83%E5%A4%A7%E5%8F%B0%E7%81%A3%E5%8D%93%E8%B6%8A50%E8%AD%89%E5%88%B8%E6%8A%95%E8%B3%87%E4%BF%A1%E8%A8%97%E5%9F%BA%E9%87%91%20-%20%E6%8C%81%E8%82%A1%E6%AF%94%E9%87%8D%20%7C%20%E5%85%83%E5%A4%A7%E6%8A%95%E4%BF%A1%20YuantaETFs&sr=800x600&vp=747x484&_u=aADAAEABEAAAACgCI~&jid=1419745973&gjid=1768300602&cid=1789609142.1782725045&tid=UA-53596862-2&_gid=290633728.1782725045&_r=1&_slc=1&z=1627863352,C:\Users\zergv\Documents\Codex\2026-05-23\ai-stock-rotation-radar-https-docs\outputs\radar_tw50_0050_browser_network_capture_phase7_201411_202312_20260629\raw_sources\yuanta_live_0_56.html,text/plain,200,ba50c5dc38a3e7bed57821a33e14ce1aa44c1c410078a4dfcba657c5b96d4633,15,yuanta_live_0
browser_cdp_capture,live,https://tr.line.me/tag.gif?b_id=35a7c532-17db-45a1-b65d-c4e86a1084eb&b_u=https%3A%2F%2Fwww.yuantaetfs.com%2Fproduct%2Fdetail%2F0050%2Fratio&b_d=www.yuantaetfs.com&b_p=%2Fproduct%2Fdetail%2F0050%2Fratio&b_t=(0050)%E5%85%83%E5%A4%A7%E5%8F%B0%E7%81%A3%E5%8D%93%E8%B6%8A50%E8%AD%89%E5%88%B8%E6%8A%95%E8%B3%87%E4%BF%A1%E8%A8%97%E5%9F%BA%E9%87%91%20-%20%E6%8C%81%E8%82%A1%E6%AF%94%E9%87%8D%20%7C%20%E5%85%83%E5%A4%A7%E6%8A%95%E4%BF%A1%20YuantaETFs&c_t=lap&t_id=84932248-a9f6-4444-b769-79fe0f259e18&s_id=c1dfd641-87f2f3a6&x4=100&e=pv&v=3.6.0&_t=1782725044580,C:\Users\zergv\Documents\Codex\2026-05-23\ai-stock-rotation-radar-https-docs\outputs\radar_tw50_0050_browser_network_capture_phase7_201411_202312_20260629\raw_sources\yuanta_live_0_57.html,image/gif,200,cf4724b2f736ed1a0ae6bc28f1ead963d9cd2c1fd87b6ef32e7799fc1c5c8bda,43,yuanta_live_0
browser_cdp_capture,live,https://etfapi.yuantaetfs.com/ectranslation/api/trans?APIType=ETFBackstage&CompanyName=YUANTAFUNDS&PageName=%2Fproduct%2Fdetail%2F0050%2Fratio&DeviceId=a4745e7e-7f6b-4ce0-a71c-cb13fd6ab1e2&FuncId=ETFService%2FGetContact&AppName=ETF&Device=4&Platform=ETF,C:\Users\zergv\Documents\Codex\2026-05-23\ai-stock-rotation-radar-https-docs\outputs\radar_tw50_0050_browser_network_capture_phase7_201411_202312_20260629\raw_sources\yuanta_live_0_58.json,application/json; charset=utf-8,200,e3b0c44298fc1c149afbf4c8996fb92427ae41e4649b934ca495991b7852b855,0,yuanta_live_0
browser_cdp_capture,live,https://etfapi.yuantaetfs.com/ectranslation/api/trans?APIType=EC2API&CompanyName=YUANTAFUNDS&PageName=%2Fproduct%2Fdetail%2F0050%2Fratio&DeviceId=a4745e7e-7f6b-4ce0-a71c-cb13fd6ab1e2&FuncId=PageWarningMsg&AppName=ETF&Device=4&Platform=ETF&MsgId=%E8%93%8B%E7%89%88%E5%85%AC%E5%91%8A,C:\Users\zergv\Documents\Codex\2026-05-23\ai-stock-rotation-radar-https-docs\outputs\radar_tw50_0050_browser_network_capture_phase7_201411_202312_20260629\raw_sources\yuanta_live_0_59.json,application/json; charset=utf-8,200,c4492c0111efc881945bc185dff1cfb200a81f130761ff9181af8a3deeb3e1b6,126,yuanta_live_0
browser_cdp_capture,live,https://etfapi.yuantaetfs.com/ectranslation/api/trans?APIType=ETFBackstage&CompanyName=YUANTAFUNDS&PageName=%2Fproduct%2Fdetail%2F0050%2Fratio&DeviceId=a4745e7e-7f6b-4ce0-a71c-cb13fd6ab1e2&FuncId=ETFService%2FGetService&AppName=ETF&Device=4&Platform=ETF,C:\Users\zergv\Documents\Codex\2026-05-23\ai-stock-rotation-radar-https-docs\outputs\radar_tw50_0050_browser_network_capture_phase7_201411_202312_20260629\raw_sources\yuanta_live_0_60.json,application/json; charset=utf-8,200,14202e59e79f075a13d85d6aa4c1b61599b6762736146250fe2c59e2561f8f69,673,yuanta_live_0
browser_cdp_capture,live,https://tr.line.me/tag.gif?b_id=35a7c532-17db-45a1-b65d-c4e86a1084eb&b_u=https%3A%2F%2Fwww.yuantaetfs.com%2Fproduct%2Fdetail%2F0050%2Fratio&b_d=www.yuantaetfs.com&b_p=%2Fproduct%2Fdetail%2F0050%2Fratio&b_t=(0050)%E5%85%83%E5%A4%A7%E5%8F%B0%E7%81%A3%E5%8D%93%E8%B6%8A50%E8%AD%89%E5%88%B8%E6%8A%95%E8%B3%87%E4%BF%A1%E8%A8%97%E5%9F%BA%E9%87%91%20-%20%E6%8C%81%E8%82%A1%E6%AF%94%E9%87%8D%20%7C%20%E5%85%83%E5%A4%A7%E6%8A%95%E4%BF%A1%20YuantaETFs&c_t=lap&t_id=84932248-a9f6-4444-b769-79fe0f259e18&s_id=c1dfd641-87f2f3a6&d0=Conversion&x4=100&e=cv&v=3.6.0&_t=1782725044582,C:\Users\zergv\Documents\Codex\2026-05-23\ai-stock-rotation-radar-https-docs\outputs\radar_tw50_0050_browser_network_capture_phase7_201411_202312_20260629\raw_sources\yuanta_live_0_61.html,image/gif,200,cf4724b2f736ed1a0ae6bc28f1ead963d9cd2c1fd87b6ef32e7799fc1c5c8bda,43,yuanta_live_0
browser_cdp_capture,live,https://etfapi.yuantaetfs.com/ectranslation/api/trans?APIType=ETFBackstage&CompanyName=YUANTAFUNDS&PageName=%2Fproduct%2Fdetail%2F0050%2Fratio&DeviceId=a4745e7e-7f6b-4ce0-a71c-cb13fd6ab1e2&FuncId=ETFMarquee&AppName=ETF&Device=4&Platform=ETF,C:\Users\zergv\Documents\Codex\2026-05-23\ai-stock-rotation-radar-https-docs\outputs\radar_tw50_0050_browser_network_capture_phase7_201411_202312_20260629\raw_sources\yuanta_live_0_62.json,application/json; charset=utf-8,200,5a514742130f75c60840f0ce8fcc8fd2c8ed1bfcf4c64eb60fc2945f65675251,560,yuanta_live_0
browser_cdp_capture,live,https://etfapi.yuantaetfs.com/ectranslation/api/trans?APIType=ETFBackstage&CompanyName=YUANTAFUNDS&PageName=%2Fproduct%2Fdetail%2F0050%2Fratio&DeviceId=a4745e7e-7f6b-4ce0-a71c-cb13fd6ab1e2&FuncId=ETFWarning%2FHomeBottom&AppName=ETF&Device=4&Platform=ETF,C:\Users\zergv\Documents\Codex\2026-05-23\ai-stock-rotation-radar-https-docs\outputs\radar_tw50_0050_browser_network_capture_phase7_201411_202312_20260629\raw_sources\yuanta_live_0_63.json,application/json; charset=utf-8,200,10166cb265e14a47d87ec4a26c7e6aa7d7d253e4644bd74839d165050b34de8e,1237,yuanta_live_0
browser_cdp_capture,live,https://etfapi.yuantaetfs.com/ectranslation/api/trans?APIType=ETFBackstage&CompanyName=YUANTAFUNDS&PageName=%2Fproduct%2Fdetail%2F0050%2Fratio&DeviceId=a4745e7e-7f6b-4ce0-a71c-cb13fd6ab1e2&FuncId=ETFRaisingAD&AppName=ETF&Device=4&Platform=ETF,C:\Users\zergv\Documents\Codex\2026-05-23\ai-stock-rotation-radar-https-docs\outputs\radar_tw50_0050_browser_network_capture_phase7_201411_202312_20260629\raw_sources\yuanta_live_0_64.json,application/json; charset=utf-8,200,7eb9a7ac2a502ff63697632bea4eb218a0da55331a9ea9a5a1da2150c9e67a85,81,yuanta_live_0
browser_cdp_capture,live,https://etfapi.yuantaetfs.com/ectranslation/api/trans?APIType=ETFBackstage&CompanyName=YUANTAFUNDS&PageName=%2Fproduct%2Fdetail%2F0050%2Fratio&DeviceId=a4745e7e-7f6b-4ce0-a71c-cb13fd6ab1e2&FuncId=ETFTag%2FGetProductInformation&AppName=ETF&Device=4&Platform=ETF,C:\Users\zergv\Documents\Codex\2026-05-23\ai-stock-rotation-radar-https-docs\outputs\radar_tw50_0050_browser_network_capture_phase7_201411_202312_20260629\raw_sources\yuanta_live_0_65.json,application/json; charset=utf-8,200,000b09c3d22591edd5d622d5dc7bd8b8361363df6a1d0c98c148a19e74293c73,34844,yuanta_live_0
browser_cdp_capture,live,https://etfapi.yuantaetfs.com/ectranslation/api/bridge?APIType=ETFAPI&CompanyName=YUANTAFUNDS&PageName=%2Fproduct%2Fdetail%2F0050%2Fratio&DeviceId=a4745e7e-7f6b-4ce0-a71c-cb13fd6ab1e2&FuncId=ETF%2FGetLatestIndex&AppName=ETF&Device=3&Platform=ETF,C:\Users\zergv\Documents\Codex\2026-05-23\ai-stock-rotation-radar-https-docs\outputs\radar_tw50_0050_browser_network_capture_phase7_201411_202312_20260629\raw_sources\yuanta_live_0_66.json,application/json; charset=utf-8,200,77595f0197fe066c6f3621386672e3f51d5a2547e02e33635f8eabe0178a8b84,9721,yuanta_live_0
browser_cdp_capture,live,https://www.google-analytics.com/g/collect?v=2&tid=G-1L8HD425X3&gtm=45je66o1v9126432734za20g&_p=1782725044184&gcd=13l3l3l3l2l1&npa=0&dma=0&_eu=EBAI&are=1&cid=1789609142.1782725045&frm=0&ir=1&pscdl=noapi&rcb=1&sr=800x600&uaa=x86&uab=64&uafvl=Google%2520Chrome%3B149.0.7827.197%7CChromium%3B149.0.7827.197%7CNot)A%253BBrand%3B24.0.0.0&uam=&uamb=0&uap=Windows&uapv=19.0.0&uaw=0&ul=zh-tw&_s=1&tag_exp=115938466~115938468~119027224~119576891~119576895&dl=https%3A%2F%2Fwww.yuantaetfs.com%2Fproduct%2Fdetail%2F0050%2Fratio&dp=%2Fproduct%2Fdetail%2F0050%2Fratio&dt=(0050)%E5%85%83%E5%A4%A7%E5%8F%B0%E7%81%A3%E5%8D%93%E8%B6%8A50%E8%AD%89%E5%88%B8%E6%8A%95%E8%B3%87%E4%BF%A1%E8%A8%97%E5%9F%BA%E9%87%91%20-%20%E6%8C%81%E8%82%A1%E6%AF%94%E9%87%8D%20%7C%20%E5%85%83%E5%A4%A7%E6%8A%95%E4%BF%A1%20YuantaETFs&sid=1782725044&sct=1&seg=0&_tu=wAQ&en=page_view&_fv=1&_ss=1&_ee=1&tfd=1812,C:\Users\zergv\Documents\Codex\2026-05-23\ai-stock-rotation-radar-https-docs\outputs\radar_tw50_0050_browser_network_capture_phase7_201411_202312_20260629\raw_sources\yuanta_live_0_67.html,text/plain,204,e3b0c44298fc1c149afbf4c8996fb92427ae41e4649b934ca495991b7852b855,0,yuanta_live_0
browser_cdp_capture,live,https://www.yuantaetfs.com/tradeInfo/pcf/0050,C:\Users\zergv\Documents\Codex\2026-05-23\ai-stock-rotation-radar-https-docs\outputs\radar_tw50_0050_browser_network_capture_phase7_201411_202312_20260629\raw_sources\yuanta_live_1_68.html,text/html; charset=utf-8,200,e3b0c44298fc1c149afbf4c8996fb92427ae41e4649b934ca495991b7852b855,0,yuanta_live_1
browser_cdp_capture,live,https://analytics.google.com/g/collect?v=2&tid=G-BPBFF9DK00&gtm=45je66o1v9103244172z89103227232za20gzb9103227232zd9103227232&_p=1782725053361&gcd=13l3l3l3l1l1&npa=0&dma=0&_eu=AAAAAGQC&are=1&cid=1789609142.1782725045&frm=0&pscdl=noapi&rcb=9&sr=800x600&uaa=x86&uab=64&uafvl=Google%2520Chrome%3B149.0.7827.197%7CChromium%3B149.0.7827.197%7CNot)A%253BBrand%3B24.0.0.0&uam=&uamb=0&uap=Windows&uapv=19.0.0&uaw=0&ul=zh-tw&gaf=2&_s=1&tag_exp=115616985~115938465~115938469~118395335~119027224~119576891~119576895&sid=1782725044&sct=1&seg=1&dl=https%3A%2F%2Fwww.yuantaetfs.com%2FtradeInfo%2Fpcf%2F0050&dt=(0050)%E5%85%83%E5%A4%A7%E5%8F%B0%E7%81%A3%E5%8D%93%E8%B6%8A50%E8%AD%89%E5%88%B8%E6%8A%95%E8%B3%87%E4%BF%A1%E8%A8%97%E5%9F%BA%E9%87%91%20-%20%E5%85%83%E5%A4%A7%E7%94%B3%E8%B3%BC%E8%B2%B7%E5%9B%9E%E6%B8%85%E5%96%AE%20%7C%20%E5%85%83%E5%A4%A7%E6%8A%95%E4%BF%A1%20YuantaETFs&en=page_view&tfd=897,C:\Users\zergv\Documents\Codex\2026-05-23\ai-stock-rotation-radar-https-docs\outputs\radar_tw50_0050_browser_network_capture_phase7_201411_202312_20260629\raw_sources\yuanta_live_1_69.html,text/plain,204,e3b0c44298fc1c149afbf4c8996fb92427ae41e4649b934ca495991b7852b855,0,yuanta_live_1
browser_cdp_capture,live,https://tr.line.me/tag.gif?b_id=35a7c532-17db-45a1-b65d-c4e86a1084eb&b_u=https%3A%2F%2Fwww.yuantaetfs.com%2FtradeInfo%2Fpcf%2F0050&b_d=www.yuantaetfs.com&b_p=%2FtradeInfo%2Fpcf%2F0050&b_t=(0050)%E5%85%83%E5%A4%A7%E5%8F%B0%E7%81%A3%E5%8D%93%E8%B6%8A50%E8%AD%89%E5%88%B8%E6%8A%95%E8%B3%87%E4%BF%A1%E8%A8%97%E5%9F%BA%E9%87%91%20-%20%E5%85%83%E5%A4%A7%E7%94%B3%E8%B3%BC%E8%B2%B7%E5%9B%9E%E6%B8%85%E5%96%AE%20%7C%20%E5%85%83%E5%A4%A7%E6%8A%95%E4%BF%A1%20YuantaETFs&c_t=lap&t_id=84932248-a9f6-4444-b769-79fe0f259e18&s_id=c1dfd641-87f2f3a6&d0=Conversion&x4=400&e=cv&v=3.6.0&_t=1782725053798,C:\Users\zergv\Documents\Codex\2026-05-23\ai-stock-rotation-radar-https-docs\outputs\radar_tw50_0050_browser_network_capture_phase7_201411_202312_20260629\raw_sources\yuanta_live_1_70.html,image/gif,200,cf4724b2f736ed1a0ae6bc28f1ead963d9cd2c1fd87b6ef32e7799fc1c5c8bda,43,yuanta_live_1
browser_cdp_capture,live,https://tr.line.me/tag.gif?b_id=35a7c532-17db-45a1-b65d-c4e86a1084eb&b_u=https%3A%2F%2Fwww.yuantaetfs.com%2FtradeInfo%2Fpcf%2F0050&b_d=www.yuantaetfs.com&b_p=%2FtradeInfo%2Fpcf%2F0050&b_t=(0050)%E5%85%83%E5%A4%A7%E5%8F%B0%E7%81%A3%E5%8D%93%E8%B6%8A50%E8%AD%89%E5%88%B8%E6%8A%95%E8%B3%87%E4%BF%A1%E8%A8%97%E5%9F%BA%E9%87%91%20-%20%E5%85%83%E5%A4%A7%E7%94%B3%E8%B3%BC%E8%B2%B7%E5%9B%9E%E6%B8%85%E5%96%AE%20%7C%20%E5%85%83%E5%A4%A7%E6%8A%95%E4%BF%A1%20YuantaETFs&c_t=lap&t_id=84932248-a9f6-4444-b769-79fe0f259e18&s_id=c1dfd641-87f2f3a6&x4=400&e=pv&v=3.6.0&_t=1782725053797,C:\Users\zergv\Documents\Codex\2026-05-23\ai-stock-rotation-radar-https-docs\outputs\radar_tw50_0050_browser_network_capture_phase7_201411_202312_20260629\raw_sources\yuanta_live_1_71.html,image/gif,200,cf4724b2f736ed1a0ae6bc28f1ead963d9cd2c1fd87b6ef32e7799fc1c5c8bda,43,yuanta_live_1
browser_cdp_capture,live,https://www.google-analytics.com/j/collect?v=1&_v=j102&a=1348053594&t=pageview&_s=1&dl=https%3A%2F%2Fwww.yuantaetfs.com%2FtradeInfo%2Fpcf%2F0050&dp=%2FtradeInfo%2Fpcf%2F0050&ul=zh-tw&dt=(0050)%E5%85%83%E5%A4%A7%E5%8F%B0%E7%81%A3%E5%8D%93%E8%B6%8A50%E8%AD%89%E5%88%B8%E6%8A%95%E8%B3%87%E4%BF%A1%E8%A8%97%E5%9F%BA%E9%87%91%20-%20%E5%85%83%E5%A4%A7%E7%94%B3%E8%B3%BC%E8%B2%B7%E5%9B%9E%E6%B8%85%E5%96%AE%20%7C%20%E5%85%83%E5%A4%A7%E6%8A%95%E4%BF%A1%20YuantaETFs&sr=800x600&vp=747x484&_u=SACAAEABEAAAACgCI~&jid=&gjid=&cid=1789609142.1782725045&tid=UA-53596862-2&_gid=290633728.1782725045&_slc=1&z=683208530,C:\Users\zergv\Documents\Codex\2026-05-23\ai-stock-rotation-radar-https-docs\outputs\radar_tw50_0050_browser_network_capture_phase7_201411_202312_20260629\raw_sources\yuanta_live_1_72.html,text/plain,200,ba50c5dc38a3e7bed57821a33e14ce1aa44c1c410078a4dfcba657c5b96d4633,15,yuanta_live_1
browser_cdp_capture,live,https://etfapi.yuantaetfs.com/ectranslation/api/trans?APIType=ETFBackstage&CompanyName=YUANTAFUNDS&PageName=%2FtradeInfo%2Fpcf%2F0050&DeviceId=a4745e7e-7f6b-4ce0-a71c-cb13fd6ab1e2&FuncId=ETFRaisingAD&AppName=ETF&Device=4&Platform=ETF,C:\Users\zergv\Documents\Codex\2026-05-23\ai-stock-rotation-radar-https-docs\outputs\radar_tw50_0050_browser_network_capture_phase7_201411_202312_20260629\raw_sources\yuanta_live_1_73.json,application/json; charset=utf-8,200,d4c6f6e29363f8b73c50adb9a6984e42ed01542bd3a79184139fbfb51ba383a4,81,yuanta_live_1
browser_cdp_capture,live,https://etfapi.yuantaetfs.com/ectranslation/api/trans?APIType=ETFBackstage&CompanyName=YUANTAFUNDS&PageName=%2FtradeInfo%2Fpcf%2F0050&DeviceId=a4745e7e-7f6b-4ce0-a71c-cb13fd6ab1e2&FuncId=ETFService%2FGetService&AppName=ETF&Device=4&Platform=ETF,C:\Users\zergv\Documents\Codex\2026-05-23\ai-stock-rotation-radar-https-docs\outputs\radar_tw50_0050_browser_network_capture_phase7_201411_202312_20260629\raw_sources\yuanta_live_1_74.json,application/json; charset=utf-8,200,df553f89e8c8d6231eb369a64246f71f173c7eb09b684acf2af1d85b11dd2d8f,673,yuanta_live_1
browser_cdp_capture,live,https://etfapi.yuantaetfs.com/ectranslation/api/trans?APIType=ETFBackstage&CompanyName=YUANTAFUNDS&PageName=%2FtradeInfo%2Fpcf%2F0050&DeviceId=a4745e7e-7f6b-4ce0-a71c-cb13fd6ab1e2&FuncId=ETFMarquee&AppName=ETF&Device=4&Platform=ETF,C:\Users\zergv\Documents\Codex\2026-05-23\ai-stock-rotation-radar-https-docs\outputs\radar_tw50_0050_browser_network_capture_phase7_201411_202312_20260629\raw_sources\yuanta_live_1_75.json,application/json; charset=utf-8,200,5f0e66036c0d77ad54fd7aaa7a46db1602b80568ad35503dcda61ca540c234c4,560,yuanta_live_1
browser_cdp_capture,live,https://etfapi.yuantaetfs.com/ectranslation/api/trans?APIType=ETFBackstage&CompanyName=YUANTAFUNDS&PageName=%2FtradeInfo%2Fpcf%2F0050&DeviceId=a4745e7e-7f6b-4ce0-a71c-cb13fd6ab1e2&FuncId=ETFWarning%2FHomeBottom&AppName=ETF&Device=4&Platform=ETF,C:\Users\zergv\Documents\Codex\2026-05-23\ai-stock-rotation-radar-https-docs\outputs\radar_tw50_0050_browser_network_capture_phase7_201411_202312_20260629\raw_sources\yuanta_live_1_76.json,application/json; charset=utf-8,200,d42679f1058ee5af298a052e08e6d5a8e2d5edd7686ac479fb4b5e628d9981a7,1237,yuanta_live_1
browser_cdp_capture,live,https://etfapi.yuantaetfs.com/ectranslation/api/trans?APIType=ETFBackstage&CompanyName=YUANTAFUNDS&PageName=%2FtradeInfo%2Fpcf%2F0050&DeviceId=a4745e7e-7f6b-4ce0-a71c-cb13fd6ab1e2&FuncId=ETFService%2FGetContact&AppName=ETF&Device=4&Platform=ETF,C:\Users\zergv\Documents\Codex\2026-05-23\ai-stock-rotation-radar-https-docs\outputs\radar_tw50_0050_browser_network_capture_phase7_201411_202312_20260629\raw_sources\yuanta_live_1_77.json,application/json; charset=utf-8,200,245eb10c40836d55d5ce0da270d7db3578ba658cef9716ef293f4389e81cc1e5,1042,yuanta_live_1
browser_cdp_capture,live,https://etfapi.yuantaetfs.com/ectranslation/api/trans?APIType=EC2API&CompanyName=YUANTAFUNDS&PageName=%2FtradeInfo%2Fpcf%2F0050&DeviceId=a4745e7e-7f6b-4ce0-a71c-cb13fd6ab1e2&FuncId=PageWarningMsg&AppName=ETF&Device=4&Platform=ETF&MsgId=%E8%93%8B%E7%89%88%E5%85%AC%E5%91%8A,C:\Users\zergv\Documents\Codex\2026-05-23\ai-stock-rotation-radar-https-docs\outputs\radar_tw50_0050_browser_network_capture_phase7_201411_202312_20260629\raw_sources\yuanta_live_1_78.json,application/json; charset=utf-8,200,2becb13bfda41cc18be0353ada89e89be2de1b4fbd3a22033fb586206d56c125,126,yuanta_live_1
browser_cdp_capture,live,https://etfapi.yuantaetfs.com/ectranslation/api/trans?APIType=ETFBackstage&CompanyName=YUANTAFUNDS&PageName=%2FtradeInfo%2Fpcf%2F0050&DeviceId=a4745e7e-7f6b-4ce0-a71c-cb13fd6ab1e2&FuncId=ETFTag%2FGetProductInformation&AppName=ETF&Device=4&Platform=ETF,C:\Users\zergv\Documents\Codex\2026-05-23\ai-stock-rotation-radar-https-docs\outputs\radar_tw50_0050_browser_network_capture_phase7_201411_202312_20260629\raw_sources\yuanta_live_1_79.json,application/json; charset=utf-8,200,e3b0c44298fc1c149afbf4c8996fb92427ae41e4649b934ca495991b7852b855,0,yuanta_live_1
browser_cdp_capture,live,https://etfapi.yuantaetfs.com/ectranslation/api/bridge?APIType=ETFAPI&CompanyName=YUANTAFUNDS&PageName=%2FtradeInfo%2Fpcf%2F0050&DeviceId=a4745e7e-7f6b-4ce0-a71c-cb13fd6ab1e2&FuncId=ETF%2FGetLatestIndex&AppName=ETF&Device=3&Platform=ETF,C:\Users\zergv\Documents\Codex\2026-05-23\ai-stock-rotation-radar-https-docs\outputs\radar_tw50_0050_browser_network_capture_phase7_201411_202312_20260629\raw_sources\yuanta_live_1_80.json,application/json; charset=utf-8,200,e3b0c44298fc1c149afbf4c8996fb92427ae41e4649b934ca495991b7852b855,0,yuanta_live_1
browser_cdp_capture,live,https://analytics.google.com/g/collect?v=2&tid=G-BPBFF9DK00&gtm=45je66o1v9103244172za20gzb9103227232zd9103227232&_p=1782725053361&gcd=13l3l3l3l1l1&npa=0&dma=0&_eu=AEAAAGQC&ae=a&are=1&cid=1789609142.1782725045&frm=0&pscdl=noapi&rcb=9&sr=800x600&uaa=x86&uab=64&uafvl=Google%2520Chrome%3B149.0.7827.197%7CChromium%3B149.0.7827.197%7CNot)A%253BBrand%3B24.0.0.0&uam=&uamb=0&uap=Windows&uapv=19.0.0&uaw=0&ul=zh-tw&gaf=2&_s=2&tag_exp=115616985~115938465~115938469~118395335~119027224~119576891~119576895&sid=1782725044&sct=1&seg=1&dl=https%3A%2F%2Fwww.yuantaetfs.com%2FtradeInfo%2Fpcf%2F0050&dt=(0050)%E5%85%83%E5%A4%A7%E5%8F%B0%E7%81%A3%E5%8D%93%E8%B6%8A50%E8%AD%89%E5%88%B8%E6%8A%95%E8%B3%87%E4%BF%A1%E8%A8%97%E5%9F%BA%E9%87%91%20-%20%E5%85%83%E5%A4%A7%E7%94%B3%E8%B3%BC%E8%B2%B7%E5%9B%9E%E6%B8%85%E5%96%AE%20%7C%20%E5%85%83%E5%A4%A7%E6%8A%95%E4%BF%A1%20YuantaETFs&en=scroll&epn.percent_scrolled=90&tfd=5912,C:\Users\zergv\Documents\Codex\2026-05-23\ai-stock-rotation-radar-https-docs\outputs\radar_tw50_0050_browser_network_capture_phase7_201411_202312_20260629\raw_sources\yuanta_live_1_81.html,text/plain,204,e3b0c44298fc1c149afbf4c8996fb92427ae41e4649b934ca495991b7852b855,0,yuanta_live_1
browser_cdp_capture,live,https://www.google-analytics.com/g/collect?v=2&tid=G-1L8HD425X3&gtm=45je66o1v9126432734za20g&_p=1782725053361&gcd=13l3l3l3l2l1&npa=0&dma=0&_eu=EBAIAAQ&are=1&cid=1789609142.1782725045&frm=0&ir=1&pscdl=noapi&rcb=0&sr=800x600&uaa=x86&uab=64&uafvl=Google%2520Chrome%3B149.0.7827.197%7CChromium%3B149.0.7827.197%7CNot)A%253BBrand%3B24.0.0.0&uam=&uamb=0&uap=Windows&uapv=19.0.0&uaw=0&ul=zh-tw&_s=1&tag_exp=115616986~115938465~115938468~119027224~119576891~119576895&dl=https%3A%2F%2Fwww.yuantaetfs.com%2FtradeInfo%2Fpcf%2F0050&dp=%2FtradeInfo%2Fpcf%2F0050&dt=(0050)%E5%85%83%E5%A4%A7%E5%8F%B0%E7%81%A3%E5%8D%93%E8%B6%8A50%E8%AD%89%E5%88%B8%E6%8A%95%E8%B3%87%E4%BF%A1%E8%A8%97%E5%9F%BA%E9%87%91%20-%20%E5%85%83%E5%A4%A7%E7%94%B3%E8%B3%BC%E8%B2%B7%E5%9B%9E%E6%B8%85%E5%96%AE%20%7C%20%E5%85%83%E5%A4%A7%E6%8A%95%E4%BF%A1%20YuantaETFs&sid=1782725044&sct=1&seg=1&_tu=wAQ&en=page_view&_ee=1&tfd=6666,C:\Users\zergv\Documents\Codex\2026-05-23\ai-stock-rotation-radar-https-docs\outputs\radar_tw50_0050_browser_network_capture_phase7_201411_202312_20260629\raw_sources\yuanta_live_1_82.html,text/plain,204,e3b0c44298fc1c149afbf4c8996fb92427ae41e4649b934ca495991b7852b855,0,yuanta_live_1
browser_cdp_capture,live,https://tr.line.me/tag.gif?b_id=35a7c532-17db-45a1-b65d-c4e86a1084eb&b_u=https%3A%2F%2Fwww.yuantaetfs.com%2F%23%2Fproduct%2Fdetail%2F0050%2Fratio&b_d=www.yuantaetfs.com&b_p=%2F&b_h=%23%2Fproduct%2Fdetail%2F0050%2Fratio&b_t=ETF%E6%8A%95%E8%B3%87%E5%B0%88%E5%8D%80%EF%BD%9C%E5%85%83%E5%A4%A7%E6%8A%95%E4%BF%A1&c_t=lap&t_id=84932248-a9f6-4444-b769-79fe0f259e18&s_id=c1dfd641-87f2f3a6&d0=Conversion&x4=400&e=cv&v=3.6.0&_t=1782725062334,C:\Users\zergv\Documents\Codex\2026-05-23\ai-stock-rotation-radar-https-docs\outputs\radar_tw50_0050_browser_network_capture_phase7_201411_202312_20260629\raw_sources\yuanta_live_2_83.html,image/gif,200,cf4724b2f736ed1a0ae6bc28f1ead963d9cd2c1fd87b6ef32e7799fc1c5c8bda,43,yuanta_live_2
browser_cdp_capture,live,https://tr.line.me/tag.gif?b_id=35a7c532-17db-45a1-b65d-c4e86a1084eb&b_u=https%3A%2F%2Fwww.yuantaetfs.com%2F%23%2Fproduct%2Fdetail%2F0050%2Fratio&b_d=www.yuantaetfs.com&b_p=%2F&b_h=%23%2Fproduct%2Fdetail%2F0050%2Fratio&b_t=ETF%E6%8A%95%E8%B3%87%E5%B0%88%E5%8D%80%EF%BD%9C%E5%85%83%E5%A4%A7%E6%8A%95%E4%BF%A1&c_t=lap&t_id=84932248-a9f6-4444-b769-79fe0f259e18&s_id=c1dfd641-87f2f3a6&x4=400&e=pv&v=3.6.0&_t=1782725062332,C:\Users\zergv\Documents\Codex\2026-05-23\ai-stock-rotation-radar-https-docs\outputs\radar_tw50_0050_browser_network_capture_phase7_201411_202312_20260629\raw_sources\yuanta_live_2_84.html,image/gif,200,cf4724b2f736ed1a0ae6bc28f1ead963d9cd2c1fd87b6ef32e7799fc1c5c8bda,43,yuanta_live_2
browser_cdp_capture,live,https://etfapi.yuantaetfs.com/ECImage/ETFBackstage/file/Home/20201201093436787.svg,C:\Users\zergv\Documents\Codex\2026-05-23\ai-stock-rotation-radar-https-docs\outputs\radar_tw50_0050_browser_network_capture_phase7_201411_202312_20260629\raw_sources\yuanta_live_2_85.html,image/svg+xml,200,e5e07090b31de939b14c5a80c07891eaf24601a4f79d504c7cb78153977a9a9e,3368,yuanta_live_2
browser_cdp_capture,live,https://etfapi.yuantaetfs.com/ECImage/ETFBackstage/file/Home/20240331142810403.jpg,C:\Users\zergv\Documents\Codex\2026-05-23\ai-stock-rotation-radar-https-docs\outputs\radar_tw50_0050_browser_network_capture_phase7_201411_202312_20260629\raw_sources\yuanta_live_2_86.html,image/jpeg,200,7295ccd9abf399388a9b922a94575a878c468838448d39e8b0960dca140a43b3,45235,yuanta_live_2
browser_cdp_capture,live,https://www.google-analytics.com/j/collect?v=1&_v=j102&a=1586390437&t=pageview&_s=1&dl=https%3A%2F%2Fwww.yuantaetfs.com%2F%23%2Fproduct%2Fdetail%2F0050%2Fratio&dp=%2F&ul=zh-tw&dt=ETF%E6%8A%95%E8%B3%87%E5%B0%88%E5%8D%80%EF%BD%9C%E5%85%83%E5%A4%A7%E6%8A%95%E4%BF%A1&sr=800x600&vp=747x484&_u=SACAAEABEAAAACgCI~&jid=&gjid=&cid=1789609142.1782725045&tid=UA-53596862-2&_gid=290633728.1782725045&_slc=1&z=367516403,C:\Users\zergv\Documents\Codex\2026-05-23\ai-stock-rotation-radar-https-docs\outputs\radar_tw50_0050_browser_network_capture_phase7_201411_202312_20260629\raw_sources\yuanta_live_2_87.html,text/plain,200,ba50c5dc38a3e7bed57821a33e14ce1aa44c1c410078a4dfcba657c5b96d4633,15,yuanta_live_2
browser_cdp_capture,live,https://etfapi.yuantaetfs.com/ectranslation/api/trans?APIType=ETFBackstage&CompanyName=YUANTAFUNDS&PageName=%2F&DeviceId=a4745e7e-7f6b-4ce0-a71c-cb13fd6ab1e2&FuncId=ETFService%2FGetContact&AppName=ETF&Device=4&Platform=ETF,C:\Users\zergv\Documents\Codex\2026-05-23\ai-stock-rotation-radar-https-docs\outputs\radar_tw50_0050_browser_network_capture_phase7_201411_202312_20260629\raw_sources\yuanta_live_2_88.json,application/json; charset=utf-8,200,4b7bdad062456c7b25d28c48a2b4b90fbac1df7398e7fca585e33ddc25112f1d,1042,yuanta_live_2
browser_cdp_capture,live,https://etfapi.yuantaetfs.com/ectranslation/api/trans?APIType=ETFBackstage&CompanyName=YUANTAFUNDS&PageName=%2F&DeviceId=a4745e7e-7f6b-4ce0-a71c-cb13fd6ab1e2&FuncId=ETFService%2FGetService&AppName=ETF&Device=4&Platform=ETF,C:\Users\zergv\Documents\Codex\2026-05-23\ai-stock-rotation-radar-https-docs\outputs\radar_tw50_0050_browser_network_capture_phase7_201411_202312_20260629\raw_sources\yuanta_live_2_89.json,application/json; charset=utf-8,200,ffea0200f971dcbfe165a60a8694fa0a7456076c921e33484a10d624eb64101b,673,yuanta_live_2
browser_cdp_capture,live,https://etfapi.yuantaetfs.com/ectranslation/api/trans?APIType=ETFBackstage&CompanyName=YUANTAFUNDS&PageName=%2F&DeviceId=a4745e7e-7f6b-4ce0-a71c-cb13fd6ab1e2&FuncId=ETFWarning%2FHomeBottom&AppName=ETF&Device=4&Platform=ETF,C:\Users\zergv\Documents\Codex\2026-05-23\ai-stock-rotation-radar-https-docs\outputs\radar_tw50_0050_browser_network_capture_phase7_201411_202312_20260629\raw_sources\yuanta_live_2_90.json,application/json; charset=utf-8,200,3f4cc7f1e0502e7a7774c2541b31c9226c260733b1854ab638996af5f3881fc5,1237,yuanta_live_2
browser_cdp_capture,live,https://etfapi.yuantaetfs.com/ectranslation/api/trans?APIType=EC2API&CompanyName=YUANTAFUNDS&PageName=%2F&DeviceId=a4745e7e-7f6b-4ce0-a71c-cb13fd6ab1e2&FuncId=PageWarningMsg&AppName=ETF&Device=4&Platform=ETF&MsgId=%E8%93%8B%E7%89%88%E5%85%AC%E5%91%8A,C:\Users\zergv\Documents\Codex\2026-05-23\ai-stock-rotation-radar-https-docs\outputs\radar_tw50_0050_browser_network_capture_phase7_201411_202312_20260629\raw_sources\yuanta_live_2_91.json,application/json; charset=utf-8,200,cfafe08fc40c186cf3e86bce73175d6edb706fa762eaf818c739c0a8e3cc6302,126,yuanta_live_2
browser_cdp_capture,live,https://etfapi.yuantaetfs.com/ectranslation/api/trans?APIType=ETFBackstage&CompanyName=YUANTAFUNDS&PageName=%2F&DeviceId=a4745e7e-7f6b-4ce0-a71c-cb13fd6ab1e2&FuncId=ETFRaisingAD&AppName=ETF&Device=4&Platform=ETF,C:\Users\zergv\Documents\Codex\2026-05-23\ai-stock-rotation-radar-https-docs\outputs\radar_tw50_0050_browser_network_capture_phase7_201411_202312_20260629\raw_sources\yuanta_live_2_92.json,application/json; charset=utf-8,200,42417bd36e0c7c68781d7d0fdb3283744f91a868f2185727a6312a0778417ad3,81,yuanta_live_2
browser_cdp_capture,live,https://etfapi.yuantaetfs.com/ectranslation/api/trans?APIType=ETFBackstage&CompanyName=YUANTAFUNDS&PageName=%2F&DeviceId=a4745e7e-7f6b-4ce0-a71c-cb13fd6ab1e2&FuncId=ETFActivityBanner&AppName=ETF&Device=4&Platform=ETF,C:\Users\zergv\Documents\Codex\2026-05-23\ai-stock-rotation-radar-https-docs\outputs\radar_tw50_0050_browser_network_capture_phase7_201411_202312_20260629\raw_sources\yuanta_live_2_93.json,application/json; charset=utf-8,200,98ef48dbbbf84c2ba0786b181e83ddecfc166717884a0ad3fc1ae52e16b7c710,531,yuanta_live_2
browser_cdp_capture,live,https://etfapi.yuantaetfs.com/ectranslation/api/trans?APIType=ETFBackstage&CompanyName=YUANTAFUNDS&PageName=%2F&DeviceId=a4745e7e-7f6b-4ce0-a71c-cb13fd6ab1e2&FuncId=ETFAnnouncement%2FGetAnnouncement&AppName=ETF&Device=4&Platform=ETF&top=6,C:\Users\zergv\Documents\Codex\2026-05-23\ai-stock-rotation-radar-https-docs\outputs\radar_tw50_0050_browser_network_capture_phase7_201411_202312_20260629\raw_sources\yuanta_live_2_94.json,application/json; charset=utf-8,200,cee45fc97a16c0330e2d0c7d46f4f1c73184f8253e7ed57a93c3364e76e77914,3112,yuanta_live_2
browser_cdp_capture,live,https://etfapi.yuantaetfs.com/ectranslation/api/trans?APIType=ETFBackstage&CompanyName=YUANTAFUNDS&PageName=%2F&DeviceId=a4745e7e-7f6b-4ce0-a71c-cb13fd6ab1e2&FuncId=ETFNAV%2FGetINAV_Data&AppName=ETF&Device=4&Platform=ETF,C:\Users\zergv\Documents\Codex\2026-05-23\ai-stock-rotation-radar-https-docs\outputs\radar_tw50_0050_browser_network_capture_phase7_201411_202312_20260629\raw_sources\yuanta_live_2_95.json,application/json; charset=utf-8,200,e312083a9080aa247f62dc211522c7bd31750429400371556cafd316edd0d981,30950,yuanta_live_2
browser_cdp_capture,live,https://etfapi.yuantaetfs.com/ectranslation/api/bridge?APIType=ETFAPI&CompanyName=YUANTAFUNDS&PageName=%2F&DeviceId=a4745e7e-7f6b-4ce0-a71c-cb13fd6ab1e2&FuncId=ETF%2FGetLatestIndex&AppName=ETF&Device=3&Platform=ETF,C:\Users\zergv\Documents\Codex\2026-05-23\ai-stock-rotation-radar-https-docs\outputs\radar_tw50_0050_browser_network_capture_phase7_201411_202312_20260629\raw_sources\yuanta_live_2_96.json,application/json; charset=utf-8,200,77595f0197fe066c6f3621386672e3f51d5a2547e02e33635f8eabe0178a8b84,9721,yuanta_live_2
browser_cdp_capture,live,https://etfapi.yuantaetfs.com/ectranslation/api/trans?APIType=ETFBackstage&CompanyName=YUANTAFUNDS&PageName=%2F&DeviceId=a4745e7e-7f6b-4ce0-a71c-cb13fd6ab1e2&FuncId=ETFMarquee&AppName=ETF&Device=4&Platform=ETF,C:\Users\zergv\Documents\Codex\2026-05-23\ai-stock-rotation-radar-https-docs\outputs\radar_tw50_0050_browser_network_capture_phase7_201411_202312_20260629\raw_sources\yuanta_live_2_97.json,application/json; charset=utf-8,200,a89441c943d3190ed1c817fd37cfeed1b1d34650d678e4329684d04fe88aff88,560,yuanta_live_2
browser_cdp_capture,live,https://etfapi.yuantaetfs.com/ectranslation/api/trans?APIType=ETFBackstage&CompanyName=YUANTAFUNDS&PageName=%2F&DeviceId=a4745e7e-7f6b-4ce0-a71c-cb13fd6ab1e2&FuncId=ETFAnnouncement%2FGetMarket&AppName=ETF&Device=4&Platform=ETF&top=6,C:\Users\zergv\Documents\Codex\2026-05-23\ai-stock-rotation-radar-https-docs\outputs\radar_tw50_0050_browser_network_capture_phase7_201411_202312_20260629\raw_sources\yuanta_live_2_98.json,application/json; charset=utf-8,200,e4b5274f020945d73b792833faa9302d8d87ff33b72a00786ac90d680b95d673,2393,yuanta_live_2
browser_cdp_capture,live,https://etfapi.yuantaetfs.com/ECImage/ETFBackstage/file/Activity/33_20250915114632094.png,C:\Users\zergv\Documents\Codex\2026-05-23\ai-stock-rotation-radar-https-docs\outputs\radar_tw50_0050_browser_network_capture_phase7_201411_202312_20260629\raw_sources\yuanta_live_2_99.html,image/png,200,c0ebc4d75e7ed093c0329b279104426c9d5dca444742f70fc21178e1b298fbd5,32143,yuanta_live_2
browser_cdp_capture,live,https://etfapi.yuantaetfs.com/ectranslation/api/trans?APIType=ECBackstage&CompanyName=YUANTAFUNDS&PageName=%2F&DeviceId=a4745e7e-7f6b-4ce0-a71c-cb13fd6ab1e2&FuncId=Announcement&AppName=ETF&Device=4&Platform=ETF&rowPerPage=6&pageNum=1&OnlyETF=Y,C:\Users\zergv\Documents\Codex\2026-05-23\ai-stock-rotation-radar-https-docs\outputs\radar_tw50_0050_browser_network_capture_phase7_201411_202312_20260629\raw_sources\yuanta_live_2_100.json,application/json; charset=utf-8,200,313cdd2b4c1f87b2af7a3da4a8de8b650c5899a5286fff5e0dc6dc0c0d4c3c99,4339,yuanta_live_2
browser_cdp_capture,live,https://www.google-analytics.com/g/collect?v=2&tid=G-1L8HD425X3&gtm=45je66o1v9126432734za20g&_p=1782725062122&gcd=13l3l3l3l2l1&npa=0&dma=0&_eu=EBAIAAQ&are=1&cid=1789609142.1782725045&frm=0&ir=1&pscdl=noapi&rcb=3&sr=800x600&uaa=x86&uab=64&uafvl=Google%2520Chrome%3B149.0.7827.197%7CChromium%3B149.0.7827.197%7CNot)A%253BBrand%3B24.0.0.0&uam=&uamb=0&uap=Windows&uapv=19.0.0&uaw=0&ul=zh-tw&_s=1&tag_exp=115616985~115938465~115938468~119027224~119576891~119576895&dl=https%3A%2F%2Fwww.yuantaetfs.com%2F%23%2Fproduct%2Fdetail%2F0050%2Fratio&dp=%2F&dt=ETF%E6%8A%95%E8%B3%87%E5%B0%88%E5%8D%80%EF%BD%9C%E5%85%83%E5%A4%A7%E6%8A%95%E4%BF%A1&sid=1782725044&sct=1&seg=1&_tu=wAQ&en=page_view&_ee=1&tfd=5797,C:\Users\zergv\Documents\Codex\2026-05-23\ai-stock-rotation-radar-https-docs\outputs\radar_tw50_0050_browser_network_capture_phase7_201411_202312_20260629\raw_sources\yuanta_live_2_101.html,text/plain,204,e3b0c44298fc1c149afbf4c8996fb92427ae41e4649b934ca495991b7852b855,0,yuanta_live_2
browser_cdp_capture,live,https://etfapi.yuantaetfs.com/ECImage/ETFBackstage/file/offline.json?d=1782725070610,C:\Users\zergv\Documents\Codex\2026-05-23\ai-stock-rotation-radar-https-docs\outputs\radar_tw50_0050_browser_network_capture_phase7_201411_202312_20260629\raw_sources\yuanta_live_3_102.json,application/json,200,8e8057a8f49c410d56829919961e083652cbde7e2be7e7b87a720e7b9e21dcc3,443,yuanta_live_3
browser_cdp_capture,live,https://www.google-analytics.com/g/collect?v=2&tid=G-1L8HD425X3&gtm=45je66o1v9126432734za20g&_p=1782725062122&gcd=13l3l3l3l2l1&npa=0&dma=0&_eu=EBAIAAQ&are=1&cid=1789609142.1782725045&frm=0&ir=1&pscdl=noapi&rcb=3&sr=800x600&uaa=x86&uab=64&uafvl=Google%2520Chrome%3B149.0.7827.197%7CChromium%3B149.0.7827.197%7CNot)A%253BBrand%3B24.0.0.0&uam=&uamb=0&uap=Windows&uapv=19.0.0&uaw=0&ul=zh-tw&_s=2&tag_exp=115616985~115938465~115938468~119027224~119576891~119576895&dl=https%3A%2F%2Fwww.yuantaetfs.com%2F%23%2FtradeInfo%2Fpcf%2F0050&dp=%2F&dt=ETF%E6%8A%95%E8%B3%87%E5%B0%88%E5%8D%80%EF%BD%9C%E5%85%83%E5%A4%A7%E6%8A%95%E4%BF%A1&sid=1782725044&sct=1&seg=1&_tu=wAQ&en=page_view&_ee=1&tfd=13859,C:\Users\zergv\Documents\Codex\2026-05-23\ai-stock-rotation-radar-https-docs\outputs\radar_tw50_0050_browser_network_capture_phase7_201411_202312_20260629\raw_sources\yuanta_live_3_103.html,text/plain,204,e3b0c44298fc1c149afbf4c8996fb92427ae41e4649b934ca495991b7852b855,0,yuanta_live_3
yuanta_exact_replay,2014Q4,https://etfapi.yuantaetfs.com/ectranslation/api/trans?APIType=ETFBackstage&CompanyName=YUANTAFUNDS&PageName=%2Fproduct%2Fdetail%2F0050%2Fratio&DeviceId=a4745e7e-7f6b-4ce0-a71c-cb13fd6ab1e2&FuncId=ETFService%2FGetContact&AppName=ETF&Device=4&Platform=ETF,C:\Users\zergv\Documents\Codex\2026-05-23\ai-stock-rotation-radar-https-docs\outputs\radar_tw50_0050_browser_network_capture_phase7_201411_202312_20260629\raw_sources\2014Q4_replay_0.json,application/json; charset=utf-8,200,f8de5ce9357508d48dcba5cf8df42f6ccc7584e517b25585a3d22a42920ac902,1042,exact replay from browser captured/common params
yuanta_exact_replay,2014Q4,https://etfapi.yuantaetfs.com/ectranslation/api/trans?APIType=EC2API&CompanyName=YUANTAFUNDS&PageName=%2Fproduct%2Fdetail%2F0050%2Fratio&DeviceId=a4745e7e-7f6b-4ce0-a71c-cb13fd6ab1e2&FuncId=PageWarningMsg&AppName=ETF&Device=4&Platform=ETF&MsgId=%E8%93%8B%E7%89%88%E5%85%AC%E5%91%8A,C:\Users\zergv\Documents\Codex\2026-05-23\ai-stock-rotation-radar-https-docs\outputs\radar_tw50_0050_browser_network_capture_phase7_201411_202312_20260629\raw_sources\2014Q4_replay_1.json,application/json; charset=utf-8,200,85364cbe9310b52b4e4d1d72a29728533349749a702f415bed1499b3df679393,126,exact replay from browser captured/common params
yuanta_exact_replay,2014Q4,https://etfapi.yuantaetfs.com/ectranslation/api/trans?APIType=ETFBackstage&CompanyName=YUANTAFUNDS&PageName=%2Fproduct%2Fdetail%2F0050%2Fratio&DeviceId=a4745e7e-7f6b-4ce0-a71c-cb13fd6ab1e2&FuncId=ETFService%2FGetService&AppName=ETF&Device=4&Platform=ETF,C:\Users\zergv\Documents\Codex\2026-05-23\ai-stock-rotation-radar-https-docs\outputs\radar_tw50_0050_browser_network_capture_phase7_201411_202312_20260629\raw_sources\2014Q4_replay_2.json,application/json; charset=utf-8,200,7af64efd4eba4762b2aa94d695006a2b2501ff0a5276f9f373d8b3c6748291e5,673,exact replay from browser captured/common params
yuanta_exact_replay,2014Q4,https://etfapi.yuantaetfs.com/ectranslation/api/trans?APIType=ETFBackstage&CompanyName=YUANTAFUNDS&PageName=%2Fproduct%2Fdetail%2F0050%2Fratio&DeviceId=a4745e7e-7f6b-4ce0-a71c-cb13fd6ab1e2&FuncId=ETFMarquee&AppName=ETF&Device=4&Platform=ETF,C:\Users\zergv\Documents\Codex\2026-05-23\ai-stock-rotation-radar-https-docs\outputs\radar_tw50_0050_browser_network_capture_phase7_201411_202312_20260629\raw_sources\2014Q4_replay_3.json,application/json; charset=utf-8,200,a9cd1366ce5201840f45dac1c5743c5288eac485226c2463c7dad40765466462,560,exact replay from browser captured/common params
yuanta_exact_replay,2014Q4,https://etfapi.yuantaetfs.com/ectranslation/api/trans?APIType=ETFBackstage&CompanyName=YUANTAFUNDS&PageName=%2Fproduct%2Fdetail%2F0050%2Fratio&DeviceId=a4745e7e-7f6b-4ce0-a71c-cb13fd6ab1e2&FuncId=ETFWarning%2FHomeBottom&AppName=ETF&Device=4&Platform=ETF,C:\Users\zergv\Documents\Codex\2026-05-23\ai-stock-rotation-radar-https-docs\outputs\radar_tw50_0050_browser_network_capture_phase7_201411_202312_20260629\raw_sources\2014Q4_replay_4.json,application/json; charset=utf-8,200,2368bf22aa20c3023a22bb9bcbaa4fbd1f2f9fe838ab752c86f780650e515a6f,1237,exact replay from browser captured/common params
yuanta_exact_replay,2014Q4,https://etfapi.yuantaetfs.com/ectranslation/api/trans?APIType=ETFBackstage&CompanyName=YUANTAFUNDS&PageName=%2Fproduct%2Fdetail%2F0050%2Fratio&DeviceId=a4745e7e-7f6b-4ce0-a71c-cb13fd6ab1e2&FuncId=ETFRaisingAD&AppName=ETF&Device=4&Platform=ETF,C:\Users\zergv\Documents\Codex\2026-05-23\ai-stock-rotation-radar-https-docs\outputs\radar_tw50_0050_browser_network_capture_phase7_201411_202312_20260629\raw_sources\2014Q4_replay_5.json,application/json; charset=utf-8,200,4ed93eeb9aed73841f5671329456bbb6e00f3f4eaaae3dc5a50c7bc00940398a,81,exact replay from browser captured/common params
yuanta_exact_replay,2014Q4,https://etfapi.yuantaetfs.com/ectranslation/api/trans?APIType=ETFBackstage&CompanyName=YUANTAFUNDS&PageName=%2Fproduct%2Fdetail%2F0050%2Fratio&DeviceId=a4745e7e-7f6b-4ce0-a71c-cb13fd6ab1e2&FuncId=ETFTag%2FGetProductInformation&AppName=ETF&Device=4&Platform=ETF,C:\Users\zergv\Documents\Codex\2026-05-23\ai-stock-rotation-radar-https-docs\outputs\radar_tw50_0050_browser_network_capture_phase7_201411_202312_20260629\raw_sources\2014Q4_replay_6.json,application/json; charset=utf-8,200,7701e6d06944bf6c9b184c5517da4acd8d34bfed234248faffda7475c63204e8,34844,exact replay from browser captured/common params
yuanta_exact_replay,2014Q4,https://etfapi.yuantaetfs.com/ectranslation/api/bridge?APIType=ETFAPI&CompanyName=YUANTAFUNDS&PageName=%2Fproduct%2Fdetail%2F0050%2Fratio&DeviceId=a4745e7e-7f6b-4ce0-a71c-cb13fd6ab1e2&FuncId=ETF%2FGetLatestIndex&AppName=ETF&Device=3&Platform=ETF,C:\Users\zergv\Documents\Codex\2026-05-23\ai-stock-rotation-radar-https-docs\outputs\radar_tw50_0050_browser_network_capture_phase7_201411_202312_20260629\raw_sources\2014Q4_replay_7.json,application/json; charset=utf-8,200,77595f0197fe066c6f3621386672e3f51d5a2547e02e33635f8eabe0178a8b84,9721,exact replay from browser captured/common params
yuanta_exact_replay,2014Q4,https://etfapi.yuantaetfs.com/ectranslation/api/trans?APIType=ETFBackstage&CompanyName=YUANTAFUNDS&PageName=%2FtradeInfo%2Fpcf%2F0050&DeviceId=a4745e7e-7f6b-4ce0-a71c-cb13fd6ab1e2&FuncId=ETFRaisingAD&AppName=ETF&Device=4&Platform=ETF,C:\Users\zergv\Documents\Codex\2026-05-23\ai-stock-rotation-radar-https-docs\outputs\radar_tw50_0050_browser_network_capture_phase7_201411_202312_20260629\raw_sources\2014Q4_replay_8.json,application/json; charset=utf-8,200,bdc751250ad0344b08c9324e7a84c81ff546259353a05075add9fc011b9b3d8f,81,exact replay from browser captured/common params
yuanta_exact_replay,2014Q4,https://etfapi.yuantaetfs.com/ectranslation/api/trans?APIType=ETFBackstage&CompanyName=YUANTAFUNDS&PageName=%2FtradeInfo%2Fpcf%2F0050&DeviceId=a4745e7e-7f6b-4ce0-a71c-cb13fd6ab1e2&FuncId=ETFService%2FGetService&AppName=ETF&Device=4&Platform=ETF,C:\Users\zergv\Documents\Codex\2026-05-23\ai-stock-rotation-radar-https-docs\outputs\radar_tw50_0050_browser_network_capture_phase7_201411_202312_20260629\raw_sources\2014Q4_replay_9.json,application/json; charset=utf-8,200,9f929c413d2892b6d95e5e92823e7a4824c0e3deadc2aebb715c6a70abc85d05,673,exact replay from browser captured/common params
yuanta_exact_replay,2016Q1,https://etfapi.yuantaetfs.com/ectranslation/api/trans?APIType=ETFBackstage&CompanyName=YUANTAFUNDS&PageName=%2Fproduct%2Fdetail%2F0050%2Fratio&DeviceId=a4745e7e-7f6b-4ce0-a71c-cb13fd6ab1e2&FuncId=ETFService%2FGetContact&AppName=ETF&Device=4&Platform=ETF,C:\Users\zergv\Documents\Codex\2026-05-23\ai-stock-rotation-radar-https-docs\outputs\radar_tw50_0050_browser_network_capture_phase7_201411_202312_20260629\raw_sources\2016Q1_replay_10.json,application/json; charset=utf-8,200,302b4261687bd5f60ad37f84c14db135b922d744a7ce64e46a0ca60846f7550d,1042,exact replay from browser captured/common params
yuanta_exact_replay,2016Q1,https://etfapi.yuantaetfs.com/ectranslation/api/trans?APIType=EC2API&CompanyName=YUANTAFUNDS&PageName=%2Fproduct%2Fdetail%2F0050%2Fratio&DeviceId=a4745e7e-7f6b-4ce0-a71c-cb13fd6ab1e2&FuncId=PageWarningMsg&AppName=ETF&Device=4&Platform=ETF&MsgId=%E8%93%8B%E7%89%88%E5%85%AC%E5%91%8A,C:\Users\zergv\Documents\Codex\2026-05-23\ai-stock-rotation-radar-https-docs\outputs\radar_tw50_0050_browser_network_capture_phase7_201411_202312_20260629\raw_sources\2016Q1_replay_11.json,application/json; charset=utf-8,200,85364cbe9310b52b4e4d1d72a29728533349749a702f415bed1499b3df679393,126,exact replay from browser captured/common params
yuanta_exact_replay,2016Q1,https://etfapi.yuantaetfs.com/ectranslation/api/trans?APIType=ETFBackstage&CompanyName=YUANTAFUNDS&PageName=%2Fproduct%2Fdetail%2F0050%2Fratio&DeviceId=a4745e7e-7f6b-4ce0-a71c-cb13fd6ab1e2&FuncId=ETFService%2FGetService&AppName=ETF&Device=4&Platform=ETF,C:\Users\zergv\Documents\Codex\2026-05-23\ai-stock-rotation-radar-https-docs\outputs\radar_tw50_0050_browser_network_capture_phase7_201411_202312_20260629\raw_sources\2016Q1_replay_12.json,application/json; charset=utf-8,200,ab039f16f4b139ed19e5620929793240b971b6f9a29eed0cb8486388c130342f,673,exact replay from browser captured/common params
yuanta_exact_replay,2016Q1,https://etfapi.yuantaetfs.com/ectranslation/api/trans?APIType=ETFBackstage&CompanyName=YUANTAFUNDS&PageName=%2Fproduct%2Fdetail%2F0050%2Fratio&DeviceId=a4745e7e-7f6b-4ce0-a71c-cb13fd6ab1e2&FuncId=ETFMarquee&AppName=ETF&Device=4&Platform=ETF,C:\Users\zergv\Documents\Codex\2026-05-23\ai-stock-rotation-radar-https-docs\outputs\radar_tw50_0050_browser_network_capture_phase7_201411_202312_20260629\raw_sources\2016Q1_replay_13.json,application/json; charset=utf-8,200,9ca2d9077077af6d24b5066b87a1a463c2c80e90653ec1bcaf5230497b9fcf0f,560,exact replay from browser captured/common params
yuanta_exact_replay,2016Q1,https://etfapi.yuantaetfs.com/ectranslation/api/trans?APIType=ETFBackstage&CompanyName=YUANTAFUNDS&PageName=%2Fproduct%2Fdetail%2F0050%2Fratio&DeviceId=a4745e7e-7f6b-4ce0-a71c-cb13fd6ab1e2&FuncId=ETFWarning%2FHomeBottom&AppName=ETF&Device=4&Platform=ETF,C:\Users\zergv\Documents\Codex\2026-05-23\ai-stock-rotation-radar-https-docs\outputs\radar_tw50_0050_browser_network_capture_phase7_201411_202312_20260629\raw_sources\2016Q1_replay_14.json,application/json; charset=utf-8,200,061d7b1b960badde4aba8e04fa7b107686d3778e0f66e6bcfa515688362aaf1b,1237,exact replay from browser captured/common params
yuanta_exact_replay,2016Q1,https://etfapi.yuantaetfs.com/ectranslation/api/trans?APIType=ETFBackstage&CompanyName=YUANTAFUNDS&PageName=%2Fproduct%2Fdetail%2F0050%2Fratio&DeviceId=a4745e7e-7f6b-4ce0-a71c-cb13fd6ab1e2&FuncId=ETFRaisingAD&AppName=ETF&Device=4&Platform=ETF,C:\Users\zergv\Documents\Codex\2026-05-23\ai-stock-rotation-radar-https-docs\outputs\radar_tw50_0050_browser_network_capture_phase7_201411_202312_20260629\raw_sources\2016Q1_replay_15.json,application/json; charset=utf-8,200,9b711a5c8211cf2e715d4efc807e6f6f1eba9813bf43ab64a85e725a98fdd3a5,81,exact replay from browser captured/common params
yuanta_exact_replay,2016Q1,https://etfapi.yuantaetfs.com/ectranslation/api/trans?APIType=ETFBackstage&CompanyName=YUANTAFUNDS&PageName=%2Fproduct%2Fdetail%2F0050%2Fratio&DeviceId=a4745e7e-7f6b-4ce0-a71c-cb13fd6ab1e2&FuncId=ETFTag%2FGetProductInformation&AppName=ETF&Device=4&Platform=ETF,C:\Users\zergv\Documents\Codex\2026-05-23\ai-stock-rotation-radar-https-docs\outputs\radar_tw50_0050_browser_network_capture_phase7_201411_202312_20260629\raw_sources\2016Q1_replay_16.json,application/json; charset=utf-8,200,cc00b96be6e647c9452cfdd438c5a55cb6c741351a77a1020ebef302cc5f3457,34844,exact replay from browser captured/common params
yuanta_exact_replay,2016Q1,https://etfapi.yuantaetfs.com/ectranslation/api/bridge?APIType=ETFAPI&CompanyName=YUANTAFUNDS&PageName=%2Fproduct%2Fdetail%2F0050%2Fratio&DeviceId=a4745e7e-7f6b-4ce0-a71c-cb13fd6ab1e2&FuncId=ETF%2FGetLatestIndex&AppName=ETF&Device=3&Platform=ETF,C:\Users\zergv\Documents\Codex\2026-05-23\ai-stock-rotation-radar-https-docs\outputs\radar_tw50_0050_browser_network_capture_phase7_201411_202312_20260629\raw_sources\2016Q1_replay_17.json,application/json; charset=utf-8,200,77595f0197fe066c6f3621386672e3f51d5a2547e02e33635f8eabe0178a8b84,9721,exact replay from browser captured/common params
yuanta_exact_replay,2016Q1,https://etfapi.yuantaetfs.com/ectranslation/api/trans?APIType=ETFBackstage&CompanyName=YUANTAFUNDS&PageName=%2FtradeInfo%2Fpcf%2F0050&DeviceId=a4745e7e-7f6b-4ce0-a71c-cb13fd6ab1e2&FuncId=ETFRaisingAD&AppName=ETF&Device=4&Platform=ETF,C:\Users\zergv\Documents\Codex\2026-05-23\ai-stock-rotation-radar-https-docs\outputs\radar_tw50_0050_browser_network_capture_phase7_201411_202312_20260629\raw_sources\2016Q1_replay_18.json,application/json; charset=utf-8,200,b8b79449abe8647ca844893938e776fca8d04c6a56362e9e87cbb464f5660327,81,exact replay from browser captured/common params
yuanta_exact_replay,2016Q1,https://etfapi.yuantaetfs.com/ectranslation/api/trans?APIType=ETFBackstage&CompanyName=YUANTAFUNDS&PageName=%2FtradeInfo%2Fpcf%2F0050&DeviceId=a4745e7e-7f6b-4ce0-a71c-cb13fd6ab1e2&FuncId=ETFService%2FGetService&AppName=ETF&Device=4&Platform=ETF,C:\Users\zergv\Documents\Codex\2026-05-23\ai-stock-rotation-radar-https-docs\outputs\radar_tw50_0050_browser_network_capture_phase7_201411_202312_20260629\raw_sources\2016Q1_replay_19.json,application/json; charset=utf-8,200,118d74cd57e9da21b6ffcb62392b327a93ecb4f1e312eebcd59521d1ce138410,673,exact replay from browser captured/common params
yuanta_exact_replay,2021Q4,https://etfapi.yuantaetfs.com/ectranslation/api/trans?APIType=ETFBackstage&CompanyName=YUANTAFUNDS&PageName=%2Fproduct%2Fdetail%2F0050%2Fratio&DeviceId=a4745e7e-7f6b-4ce0-a71c-cb13fd6ab1e2&FuncId=ETFService%2FGetContact&AppName=ETF&Device=4&Platform=ETF,C:\Users\zergv\Documents\Codex\2026-05-23\ai-stock-rotation-radar-https-docs\outputs\radar_tw50_0050_browser_network_capture_phase7_201411_202312_20260629\raw_sources\2021Q4_replay_20.json,application/json; charset=utf-8,200,cce7d19d9a94fb1727f46aa904411108af5c2cbed812f8159cedaadc1b703428,1042,exact replay from browser captured/common params
yuanta_exact_replay,2021Q4,https://etfapi.yuantaetfs.com/ectranslation/api/trans?APIType=EC2API&CompanyName=YUANTAFUNDS&PageName=%2Fproduct%2Fdetail%2F0050%2Fratio&DeviceId=a4745e7e-7f6b-4ce0-a71c-cb13fd6ab1e2&FuncId=PageWarningMsg&AppName=ETF&Device=4&Platform=ETF&MsgId=%E8%93%8B%E7%89%88%E5%85%AC%E5%91%8A,C:\Users\zergv\Documents\Codex\2026-05-23\ai-stock-rotation-radar-https-docs\outputs\radar_tw50_0050_browser_network_capture_phase7_201411_202312_20260629\raw_sources\2021Q4_replay_21.json,application/json; charset=utf-8,200,85364cbe9310b52b4e4d1d72a29728533349749a702f415bed1499b3df679393,126,exact replay from browser captured/common params
yuanta_exact_replay,2021Q4,https://etfapi.yuantaetfs.com/ectranslation/api/trans?APIType=ETFBackstage&CompanyName=YUANTAFUNDS&PageName=%2Fproduct%2Fdetail%2F0050%2Fratio&DeviceId=a4745e7e-7f6b-4ce0-a71c-cb13fd6ab1e2&FuncId=ETFService%2FGetService&AppName=ETF&Device=4&Platform=ETF,C:\Users\zergv\Documents\Codex\2026-05-23\ai-stock-rotation-radar-https-docs\outputs\radar_tw50_0050_browser_network_capture_phase7_201411_202312_20260629\raw_sources\2021Q4_replay_22.json,application/json; charset=utf-8,200,51326b74ad1e482d2c5e105660299177dbb8e1490a6547830586c40e4d83c7a4,673,exact replay from browser captured/common params
yuanta_exact_replay,2021Q4,https://etfapi.yuantaetfs.com/ectranslation/api/trans?APIType=ETFBackstage&CompanyName=YUANTAFUNDS&PageName=%2Fproduct%2Fdetail%2F0050%2Fratio&DeviceId=a4745e7e-7f6b-4ce0-a71c-cb13fd6ab1e2&FuncId=ETFMarquee&AppName=ETF&Device=4&Platform=ETF,C:\Users\zergv\Documents\Codex\2026-05-23\ai-stock-rotation-radar-https-docs\outputs\radar_tw50_0050_browser_network_capture_phase7_201411_202312_20260629\raw_sources\2021Q4_replay_23.json,application/json; charset=utf-8,200,ff0f705d8e8a472679bbecf126fc3c1b5f39fc387e0e577765cd02672fc7a937,560,exact replay from browser captured/common params
yuanta_exact_replay,2021Q4,https://etfapi.yuantaetfs.com/ectranslation/api/trans?APIType=ETFBackstage&CompanyName=YUANTAFUNDS&PageName=%2Fproduct%2Fdetail%2F0050%2Fratio&DeviceId=a4745e7e-7f6b-4ce0-a71c-cb13fd6ab1e2&FuncId=ETFWarning%2FHomeBottom&AppName=ETF&Device=4&Platform=ETF,C:\Users\zergv\Documents\Codex\2026-05-23\ai-stock-rotation-radar-https-docs\outputs\radar_tw50_0050_browser_network_capture_phase7_201411_202312_20260629\raw_sources\2021Q4_replay_24.json,application/json; charset=utf-8,200,b24df4e6a9f2b6e32ade7aacf9b9f3af1678c97a0574cc877843ffe05a704af7,1237,exact replay from browser captured/common params
yuanta_exact_replay,2021Q4,https://etfapi.yuantaetfs.com/ectranslation/api/trans?APIType=ETFBackstage&CompanyName=YUANTAFUNDS&PageName=%2Fproduct%2Fdetail%2F0050%2Fratio&DeviceId=a4745e7e-7f6b-4ce0-a71c-cb13fd6ab1e2&FuncId=ETFRaisingAD&AppName=ETF&Device=4&Platform=ETF,C:\Users\zergv\Documents\Codex\2026-05-23\ai-stock-rotation-radar-https-docs\outputs\radar_tw50_0050_browser_network_capture_phase7_201411_202312_20260629\raw_sources\2021Q4_replay_25.json,application/json; charset=utf-8,200,aa4ba1274c770f37bd430ae78d377ca0ec7e3fdbffc145437e1ce5279e8b7877,81,exact replay from browser captured/common params
yuanta_exact_replay,2021Q4,https://etfapi.yuantaetfs.com/ectranslation/api/trans?APIType=ETFBackstage&CompanyName=YUANTAFUNDS&PageName=%2Fproduct%2Fdetail%2F0050%2Fratio&DeviceId=a4745e7e-7f6b-4ce0-a71c-cb13fd6ab1e2&FuncId=ETFTag%2FGetProductInformation&AppName=ETF&Device=4&Platform=ETF,C:\Users\zergv\Documents\Codex\2026-05-23\ai-stock-rotation-radar-https-docs\outputs\radar_tw50_0050_browser_network_capture_phase7_201411_202312_20260629\raw_sources\2021Q4_replay_26.json,application/json; charset=utf-8,200,451c753536074d59fbfc12200a8a2b44c49135a061796ef09a845caef4091ded,34844,exact replay from browser captured/common params
yuanta_exact_replay,2021Q4,https://etfapi.yuantaetfs.com/ectranslation/api/bridge?APIType=ETFAPI&CompanyName=YUANTAFUNDS&PageName=%2Fproduct%2Fdetail%2F0050%2Fratio&DeviceId=a4745e7e-7f6b-4ce0-a71c-cb13fd6ab1e2&FuncId=ETF%2FGetLatestIndex&AppName=ETF&Device=3&Platform=ETF,C:\Users\zergv\Documents\Codex\2026-05-23\ai-stock-rotation-radar-https-docs\outputs\radar_tw50_0050_browser_network_capture_phase7_201411_202312_20260629\raw_sources\2021Q4_replay_27.json,application/json; charset=utf-8,200,77595f0197fe066c6f3621386672e3f51d5a2547e02e33635f8eabe0178a8b84,9721,exact replay from browser captured/common params
yuanta_exact_replay,2021Q4,https://etfapi.yuantaetfs.com/ectranslation/api/trans?APIType=ETFBackstage&CompanyName=YUANTAFUNDS&PageName=%2FtradeInfo%2Fpcf%2F0050&DeviceId=a4745e7e-7f6b-4ce0-a71c-cb13fd6ab1e2&FuncId=ETFRaisingAD&AppName=ETF&Device=4&Platform=ETF,C:\Users\zergv\Documents\Codex\2026-05-23\ai-stock-rotation-radar-https-docs\outputs\radar_tw50_0050_browser_network_capture_phase7_201411_202312_20260629\raw_sources\2021Q4_replay_28.json,application/json; charset=utf-8,200,4afbce86b7ddfe306031ed15bdbe8f6422cbdfa7668b3ea17882ce535d5771ba,81,exact replay from browser captured/common params
yuanta_exact_replay,2021Q4,https://etfapi.yuantaetfs.com/ectranslation/api/trans?APIType=ETFBackstage&CompanyName=YUANTAFUNDS&PageName=%2FtradeInfo%2Fpcf%2F0050&DeviceId=a4745e7e-7f6b-4ce0-a71c-cb13fd6ab1e2&FuncId=ETFService%2FGetService&AppName=ETF&Device=4&Platform=ETF,C:\Users\zergv\Documents\Codex\2026-05-23\ai-stock-rotation-radar-https-docs\outputs\radar_tw50_0050_browser_network_capture_phase7_201411_202312_20260629\raw_sources\2021Q4_replay_29.json,application/json; charset=utf-8,200,f3724188275534021ca731e68217a2da42d90fd54fb25c35350cc9b94cad5ab1,673,exact replay from browser captured/common params
yuanta_exact_replay,2023Q4,https://etfapi.yuantaetfs.com/ectranslation/api/trans?APIType=ETFBackstage&CompanyName=YUANTAFUNDS&PageName=%2Fproduct%2Fdetail%2F0050%2Fratio&DeviceId=a4745e7e-7f6b-4ce0-a71c-cb13fd6ab1e2&FuncId=ETFService%2FGetContact&AppName=ETF&Device=4&Platform=ETF,C:\Users\zergv\Documents\Codex\2026-05-23\ai-stock-rotation-radar-https-docs\outputs\radar_tw50_0050_browser_network_capture_phase7_201411_202312_20260629\raw_sources\2023Q4_replay_30.json,application/json; charset=utf-8,200,1deafc49d0f20ebdfd72ca5a7d4b612f91b8c75f6e747e34c8c61b86b4d13ce2,1042,exact replay from browser captured/common params
yuanta_exact_replay,2023Q4,https://etfapi.yuantaetfs.com/ectranslation/api/trans?APIType=EC2API&CompanyName=YUANTAFUNDS&PageName=%2Fproduct%2Fdetail%2F0050%2Fratio&DeviceId=a4745e7e-7f6b-4ce0-a71c-cb13fd6ab1e2&FuncId=PageWarningMsg&AppName=ETF&Device=4&Platform=ETF&MsgId=%E8%93%8B%E7%89%88%E5%85%AC%E5%91%8A,C:\Users\zergv\Documents\Codex\2026-05-23\ai-stock-rotation-radar-https-docs\outputs\radar_tw50_0050_browser_network_capture_phase7_201411_202312_20260629\raw_sources\2023Q4_replay_31.json,application/json; charset=utf-8,200,85364cbe9310b52b4e4d1d72a29728533349749a702f415bed1499b3df679393,126,exact replay from browser captured/common params
yuanta_exact_replay,2023Q4,https://etfapi.yuantaetfs.com/ectranslation/api/trans?APIType=ETFBackstage&CompanyName=YUANTAFUNDS&PageName=%2Fproduct%2Fdetail%2F0050%2Fratio&DeviceId=a4745e7e-7f6b-4ce0-a71c-cb13fd6ab1e2&FuncId=ETFService%2FGetService&AppName=ETF&Device=4&Platform=ETF,C:\Users\zergv\Documents\Codex\2026-05-23\ai-stock-rotation-radar-https-docs\outputs\radar_tw50_0050_browser_network_capture_phase7_201411_202312_20260629\raw_sources\2023Q4_replay_32.json,application/json; charset=utf-8,200,9a5b2bd6818ab39f69b9c9956e89029a182cf865beb051946cf12c41f3418779,673,exact replay from browser captured/common params
yuanta_exact_replay,2023Q4,https://etfapi.yuantaetfs.com/ectranslation/api/trans?APIType=ETFBackstage&CompanyName=YUANTAFUNDS&PageName=%2Fproduct%2Fdetail%2F0050%2Fratio&DeviceId=a4745e7e-7f6b-4ce0-a71c-cb13fd6ab1e2&FuncId=ETFMarquee&AppName=ETF&Device=4&Platform=ETF,C:\Users\zergv\Documents\Codex\2026-05-23\ai-stock-rotation-radar-https-docs\outputs\radar_tw50_0050_browser_network_capture_phase7_201411_202312_20260629\raw_sources\2023Q4_replay_33.json,application/json; charset=utf-8,200,a76fdb94c3d9cc77d09f767d1ac70d35e17ee38055938d780ae54f7b1c99bbb4,560,exact replay from browser captured/common params
yuanta_exact_replay,2023Q4,https://etfapi.yuantaetfs.com/ectranslation/api/trans?APIType=ETFBackstage&CompanyName=YUANTAFUNDS&PageName=%2Fproduct%2Fdetail%2F0050%2Fratio&DeviceId=a4745e7e-7f6b-4ce0-a71c-cb13fd6ab1e2&FuncId=ETFWarning%2FHomeBottom&AppName=ETF&Device=4&Platform=ETF,C:\Users\zergv\Documents\Codex\2026-05-23\ai-stock-rotation-radar-https-docs\outputs\radar_tw50_0050_browser_network_capture_phase7_201411_202312_20260629\raw_sources\2023Q4_replay_34.json,application/json; charset=utf-8,200,92c44b9182f80b08a9124f6dba8531562732f7468332ee30ed5deaae5d9ff8ab,1237,exact replay from browser captured/common params
yuanta_exact_replay,2023Q4,https://etfapi.yuantaetfs.com/ectranslation/api/trans?APIType=ETFBackstage&CompanyName=YUANTAFUNDS&PageName=%2Fproduct%2Fdetail%2F0050%2Fratio&DeviceId=a4745e7e-7f6b-4ce0-a71c-cb13fd6ab1e2&FuncId=ETFRaisingAD&AppName=ETF&Device=4&Platform=ETF,C:\Users\zergv\Documents\Codex\2026-05-23\ai-stock-rotation-radar-https-docs\outputs\radar_tw50_0050_browser_network_capture_phase7_201411_202312_20260629\raw_sources\2023Q4_replay_35.json,application/json; charset=utf-8,200,59c1fb0ecc7fcb5501965e5104f566362ffe8d71a5dea26ec7ba24161ef7f77e,81,exact replay from browser captured/common params
yuanta_exact_replay,2023Q4,https://etfapi.yuantaetfs.com/ectranslation/api/trans?APIType=ETFBackstage&CompanyName=YUANTAFUNDS&PageName=%2Fproduct%2Fdetail%2F0050%2Fratio&DeviceId=a4745e7e-7f6b-4ce0-a71c-cb13fd6ab1e2&FuncId=ETFTag%2FGetProductInformation&AppName=ETF&Device=4&Platform=ETF,C:\Users\zergv\Documents\Codex\2026-05-23\ai-stock-rotation-radar-https-docs\outputs\radar_tw50_0050_browser_network_capture_phase7_201411_202312_20260629\raw_sources\2023Q4_replay_36.json,application/json; charset=utf-8,200,2cd9908fa5dbc40ae87a3cd6789db092c48d5069d16094816c110d93c38e9d34,34844,exact replay from browser captured/common params
yuanta_exact_replay,2023Q4,https://etfapi.yuantaetfs.com/ectranslation/api/bridge?APIType=ETFAPI&CompanyName=YUANTAFUNDS&PageName=%2Fproduct%2Fdetail%2F0050%2Fratio&DeviceId=a4745e7e-7f6b-4ce0-a71c-cb13fd6ab1e2&FuncId=ETF%2FGetLatestIndex&AppName=ETF&Device=3&Platform=ETF,C:\Users\zergv\Documents\Codex\2026-05-23\ai-stock-rotation-radar-https-docs\outputs\radar_tw50_0050_browser_network_capture_phase7_201411_202312_20260629\raw_sources\2023Q4_replay_37.json,application/json; charset=utf-8,200,77595f0197fe066c6f3621386672e3f51d5a2547e02e33635f8eabe0178a8b84,9721,exact replay from browser captured/common params
yuanta_exact_replay,2023Q4,https://etfapi.yuantaetfs.com/ectranslation/api/trans?APIType=ETFBackstage&CompanyName=YUANTAFUNDS&PageName=%2FtradeInfo%2Fpcf%2F0050&DeviceId=a4745e7e-7f6b-4ce0-a71c-cb13fd6ab1e2&FuncId=ETFRaisingAD&AppName=ETF&Device=4&Platform=ETF,C:\Users\zergv\Documents\Codex\2026-05-23\ai-stock-rotation-radar-https-docs\outputs\radar_tw50_0050_browser_network_capture_phase7_201411_202312_20260629\raw_sources\2023Q4_replay_38.json,application/json; charset=utf-8,200,eb28c2555a90fde0fe604fd4a6f1ad227eb105308e2031430b93da4ead565d71,81,exact replay from browser captured/common params
yuanta_exact_replay,2023Q4,https://etfapi.yuantaetfs.com/ectranslation/api/trans?APIType=ETFBackstage&CompanyName=YUANTAFUNDS&PageName=%2FtradeInfo%2Fpcf%2F0050&DeviceId=a4745e7e-7f6b-4ce0-a71c-cb13fd6ab1e2&FuncId=ETFService%2FGetService&AppName=ETF&Device=4&Platform=ETF,C:\Users\zergv\Documents\Codex\2026-05-23\ai-stock-rotation-radar-https-docs\outputs\radar_tw50_0050_browser_network_capture_phase7_201411_202312_20260629\raw_sources\2023Q4_replay_39.json,application/json; charset=utf-8,200,964dcbdccf096eb5030a1564e45ff5941df94ac067883c20a13e12220ea85578,673,exact replay from browser captured/common params
