family,ticker,market,status,coverage_start,coverage_end,price_rows,event_rows,attempt_evidence
adjusted_analysis,1102,TWSE,accepted,2022-07-11,2026-07-09,969,4,1102.TW:200:
adjusted_analysis,1301,TWSE,accepted,2022-07-11,2026-07-09,969,4,1301.TW:200:
adjusted_analysis,1101,TWSE,accepted,2022-07-11,2026-07-09,969,6,1101.TW:200:
adjusted_analysis,1303,TWSE,accepted,2022-07-11,2026-07-09,969,4,1303.TW:200:
adjusted_analysis,1210,TWSE,accepted,2022-07-11,2026-07-09,969,4,1210.TW:200:
adjusted_analysis,1216,TWSE,accepted,2022-07-11,2026-07-09,969,4,1216.TW:200:
adjusted_analysis,1215,TWSE,accepted,2022-07-11,2026-07-09,969,5,1215.TW:200:
adjusted_analysis,1319,TWSE,accepted,2022-07-11,2026-07-09,969,4,1319.TW:200:
adjusted_analysis,1314,TWSE,accepted,2022-07-11,2026-07-09,969,0,1314.TW:200:
adjusted_analysis,1307,TWSE,accepted,2022-07-11,2026-07-09,969,4,1307.TW:200:
adjusted_analysis,1326,TWSE,accepted,2022-07-11,2026-07-09,969,4,1326.TW:200:
adjusted_analysis,1295,TPEx,accepted,2023-12-13,2026-07-09,620,4,1295.TW:404:HTTP_404;1295.TWO:200:
adjusted_analysis,1402,TWSE,accepted,2022-07-11,2026-07-09,969,4,1402.TW:200:
adjusted_analysis,1339,TWSE,accepted,2022-07-11,2026-07-09,969,4,1339.TW:200:
adjusted_analysis,1409,TWSE,accepted,2022-07-11,2026-07-09,969,4,1409.TW:200:
adjusted_analysis,1442,TWSE,accepted,2022-07-11,2026-07-09,969,4,1442.TW:200:
adjusted_analysis,1476,TWSE,accepted,2022-07-11,2026-07-09,969,4,1476.TW:200:
adjusted_analysis,1477,TWSE,accepted,2022-07-11,2026-07-09,969,7,1477.TW:200:
adjusted_analysis,1449,TWSE,accepted,2022-07-11,2026-07-09,969,5,1449.TW:200:
adjusted_analysis,1503,TWSE,accepted,2022-07-11,2026-07-09,969,4,1503.TW:200:
adjusted_analysis,1504,TWSE,accepted,2022-07-11,2026-07-09,969,4,1504.TW:200:
adjusted_analysis,1513,TWSE,accepted,2022-07-11,2026-07-09,969,5,1513.TW:200:
adjusted_analysis,1514,TWSE,accepted,2022-07-11,2026-07-09,969,8,1514.TW:200:
adjusted_analysis,1515,TWSE,accepted,2022-07-11,2026-07-09,969,3,1515.TW:200:
adjusted_analysis,1522,TWSE,accepted,2022-07-11,2026-07-09,969,4,1522.TW:200:
adjusted_analysis,1519,TWSE,accepted,2022-07-11,2026-07-09,969,8,1519.TW:200:
adjusted_analysis,1528,TWSE,accepted,2022-07-11,2026-07-09,969,4,1528.TW:200:
adjusted_analysis,1524,TWSE,accepted,2022-07-11,2026-07-09,969,4,1524.TW:200:
adjusted_analysis,1529,TWSE,accepted,2022-07-11,2026-07-09,969,9,1529.TW:200:
adjusted_analysis,1532,TWSE,accepted,2022-07-11,2026-07-09,969,4,1532.TW:200:
adjusted_analysis,1536,TWSE,accepted,2022-07-11,2026-07-09,969,3,1536.TW:200:
adjusted_analysis,1540,TWSE,accepted,2022-07-11,2026-07-09,969,4,1540.TW:200:
adjusted_analysis,1560,TWSE,accepted,2022-07-11,2026-07-09,969,4,1560.TW:200:
adjusted_analysis,1582,TWSE,accepted,2022-07-11,2026-07-09,969,4,1582.TW:200:
adjusted_analysis,1590,TWSE,accepted,2022-07-11,2026-07-09,969,4,1590.TW:200:
adjusted_analysis,1608,TWSE,accepted,2022-07-11,2026-07-09,969,3,1608.TW:200:
adjusted_analysis,1597,TWSE,accepted,2022-07-11,2026-07-09,969,4,1597.TW:200:
adjusted_analysis,1605,TWSE,accepted,2022-07-11,2026-07-09,969,4,1605.TW:200:
adjusted_analysis,1603,TWSE,accepted,2022-07-11,2026-07-09,969,4,1603.TW:200:
adjusted_analysis,1609,TWSE,accepted,2022-07-11,2026-07-09,969,9,1609.TW:200:
adjusted_analysis,1612,TWSE,accepted,2022-07-11,2026-07-09,969,4,1612.TW:200:
adjusted_analysis,1616,TWSE,accepted,2022-07-11,2026-07-09,969,3,1616.TW:200:
adjusted_analysis,1584,TPEx,accepted,2022-07-11,2026-07-09,969,4,1584.TW:404:HTTP_404;1584.TWO:200:
adjusted_analysis,1618,TWSE,accepted,2022-07-11,2026-07-09,969,4,1618.TW:200:
adjusted_analysis,1702,TWSE,accepted,2022-07-11,2026-07-09,969,4,1702.TW:200:
adjusted_analysis,1717,TWSE,accepted,2022-07-11,2026-07-09,969,7,1717.TW:200:
adjusted_analysis,1711,TWSE,accepted,2022-07-11,2026-07-09,969,3,1711.TW:200:
adjusted_analysis,1708,TWSE,accepted,2022-07-11,2026-07-09,969,5,1708.TW:200:
adjusted_analysis,1722,TWSE,accepted,2022-07-11,2026-07-09,969,4,1722.TW:200:
adjusted_analysis,1727,TWSE,accepted,2022-07-11,2026-07-09,969,4,1727.TW:200:
adjusted_analysis,1704,TWSE,blocked_no_trusted_free_adjusted_history,,,0,0,1704.TW:200:;1704.TWO:404:HTTP_404
adjusted_analysis,1732,TWSE,accepted,2022-07-11,2026-07-09,969,2,1732.TW:200:
adjusted_analysis,1773,TWSE,accepted,2022-07-11,2026-07-09,969,5,1773.TW:200:
adjusted_analysis,1736,TWSE,accepted,2022-07-11,2026-07-09,969,4,1736.TW:200:
adjusted_analysis,1760,TWSE,accepted,2022-07-11,2026-07-09,969,4,1760.TW:200:
adjusted_analysis,1795,TWSE,accepted,2022-07-11,2026-07-09,969,4,1795.TW:200:
adjusted_analysis,1802,TWSE,accepted,2022-07-11,2026-07-09,969,0,1802.TW:200:
adjusted_analysis,1904,TWSE,accepted,2022-07-11,2026-07-09,969,4,1904.TW:200:
adjusted_analysis,1808,TWSE,accepted,2022-07-11,2026-07-09,969,8,1808.TW:200:
adjusted_analysis,2009,TWSE,accepted,2022-07-11,2026-07-09,969,3,2009.TW:200:
adjusted_analysis,2006,TWSE,accepted,2022-07-11,2026-07-09,969,4,2006.TW:200:
adjusted_analysis,2002,TWSE,accepted,2022-07-11,2026-07-09,969,4,2002.TW:200:
adjusted_analysis,1785,TPEx,accepted,2022-07-11,2026-07-09,969,4,1785.TW:404:HTTP_404;1785.TWO:200:
adjusted_analysis,2014,TWSE,accepted,2022-07-11,2026-07-09,969,3,2014.TW:200:
adjusted_analysis,1815,TPEx,accepted,2022-07-11,2026-07-09,969,4,1815.TW:404:HTTP_404;1815.TWO:200:
adjusted_analysis,2023,TWSE,accepted,2022-07-11,2026-07-09,969,5,2023.TW:200:
adjusted_analysis,2034,TWSE,accepted,2022-07-11,2026-07-09,969,4,2034.TW:200:
adjusted_analysis,2031,TWSE,accepted,2022-07-11,2026-07-09,969,4,2031.TW:200:
adjusted_analysis,2027,TWSE,accepted,2022-07-11,2026-07-09,969,6,2027.TW:200:
adjusted_analysis,2049,TWSE,accepted,2022-07-11,2026-07-09,969,5,2049.TW:200:
adjusted_analysis,2059,TWSE,accepted,2022-07-11,2026-07-09,969,4,2059.TW:200:
adjusted_analysis,2062,TWSE,accepted,2022-07-11,2026-07-09,969,4,2062.TW:200:
adjusted_analysis,2101,TWSE,accepted,2022-07-11,2026-07-09,969,4,2101.TW:200:
adjusted_analysis,2105,TWSE,accepted,2022-07-11,2026-07-09,969,5,2105.TW:200:
adjusted_analysis,2201,TWSE,accepted,2022-07-11,2026-07-09,969,4,2201.TW:200:
adjusted_analysis,2070,TPEx,accepted,2022-07-11,2026-07-09,969,6,2070.TW:404:HTTP_404;2070.TWO:200:
adjusted_analysis,2204,TWSE,accepted,2022-07-11,2026-07-09,969,4,2204.TW:200:
adjusted_analysis,2066,TPEx,accepted,2022-07-11,2026-07-09,969,4,2066.TW:404:HTTP_404;2066.TWO:200:
adjusted_analysis,2206,TWSE,accepted,2022-07-11,2026-07-09,969,4,2206.TW:200:
adjusted_analysis,2211,TWSE,accepted,2022-07-11,2026-07-09,969,4,2211.TW:200:
adjusted_analysis,2228,TWSE,accepted,2022-07-11,2026-07-09,969,4,2228.TW:200:
adjusted_analysis,2207,TWSE,accepted,2022-07-11,2026-07-09,969,6,2207.TW:200:
adjusted_analysis,2233,TWSE,accepted,2022-07-11,2026-07-09,969,4,2233.TW:200:
adjusted_analysis,2303,TWSE,accepted,2022-07-11,2026-07-09,969,4,2303.TW:200:
adjusted_analysis,2312,TWSE,accepted,2022-07-11,2026-07-09,969,5,2312.TW:200:
adjusted_analysis,2301,TWSE,accepted,2022-07-11,2026-07-09,969,8,2301.TW:200:
adjusted_analysis,2308,TWSE,accepted,2022-07-11,2026-07-09,969,4,2308.TW:200:
adjusted_analysis,2317,TWSE,accepted,2022-07-11,2026-07-09,969,4,2317.TW:200:
adjusted_analysis,2323,TWSE,accepted,2022-07-11,2026-07-09,969,4,2323.TW:200:
adjusted_analysis,2313,TWSE,accepted,2022-07-11,2026-07-09,969,4,2313.TW:200:
adjusted_analysis,2311,TWSE,blocked_no_trusted_free_adjusted_history,,,0,0,2311.TW:200:;2311.TWO:404:HTTP_404
adjusted_analysis,2324,TWSE,accepted,2022-07-11,2026-07-09,969,4,2324.TW:200:
adjusted_analysis,2230,TPEx,accepted,2022-07-11,2026-07-09,969,6,2230.TW:404:HTTP_404;2230.TWO:200:
adjusted_analysis,2328,TWSE,accepted,2022-07-11,2026-07-09,969,5,2328.TW:200:
adjusted_analysis,2329,TWSE,accepted,2022-07-11,2026-07-09,969,5,2329.TW:200:
adjusted_analysis,2327,TWSE,accepted,2022-07-11,2026-07-09,969,8,2327.TW:200:
adjusted_analysis,2331,TWSE,accepted,2022-07-11,2026-07-09,969,3,2331.TW:200:
adjusted_analysis,2332,TWSE,accepted,2022-07-11,2026-07-09,969,4,2332.TW:200:
adjusted_analysis,2330,TWSE,accepted,2022-07-11,2026-07-09,969,16,2330.TW:200:
adjusted_analysis,2338,TWSE,accepted,2022-07-11,2026-07-09,969,3,2338.TW:200:
adjusted_analysis,2337,TWSE,accepted,2022-07-11,2026-07-09,969,3,2337.TW:200:
adjusted_analysis,2325,TWSE,blocked_no_trusted_free_adjusted_history,,,0,0,2325.TW:200:;2325.TWO:404:HTTP_404
adjusted_analysis,2340,TWSE,accepted,2022-07-11,2026-07-09,969,3,2340.TW:200:
adjusted_analysis,2344,TWSE,accepted,2022-07-11,2026-07-09,969,2,2344.TW:200:
adjusted_analysis,2345,TWSE,accepted,2022-07-11,2026-07-09,969,4,2345.TW:200:
adjusted_analysis,2347,TWSE,accepted,2022-07-11,2026-07-09,969,3,2347.TW:200:
adjusted_analysis,2348,TWSE,accepted,2022-07-11,2026-07-09,969,6,2348.TW:200:
adjusted_analysis,2351,TWSE,accepted,2022-07-11,2026-07-09,969,4,2351.TW:200:
adjusted_analysis,2353,TWSE,accepted,2022-07-11,2026-07-09,969,4,2353.TW:200:
adjusted_analysis,2352,TWSE,accepted,2022-07-11,2026-07-09,969,6,2352.TW:200:
adjusted_analysis,2354,TWSE,accepted,2022-07-11,2026-07-09,969,4,2354.TW:200:
adjusted_analysis,2356,TWSE,accepted,2022-07-11,2026-07-09,969,4,2356.TW:200:
adjusted_analysis,2357,TWSE,accepted,2022-07-11,2026-07-09,969,5,2357.TW:200:
adjusted_analysis,2355,TWSE,accepted,2022-07-11,2026-07-09,969,4,2355.TW:200:
adjusted_analysis,2360,TWSE,accepted,2022-07-11,2026-07-09,969,5,2360.TW:200:
adjusted_analysis,2359,TWSE,accepted,2022-07-11,2026-07-09,969,3,2359.TW:200:
adjusted_analysis,2364,TWSE,accepted,2022-07-11,2026-07-09,969,4,2364.TW:200:
adjusted_analysis,2362,TWSE,accepted,2022-07-11,2026-07-09,969,4,2362.TW:200:
adjusted_analysis,2363,TWSE,accepted,2022-07-11,2026-07-09,969,8,2363.TW:200:
adjusted_analysis,2365,TWSE,accepted,2022-07-11,2026-07-09,969,4,2365.TW:200:
adjusted_analysis,2367,TWSE,accepted,2022-07-11,2026-07-09,969,2,2367.TW:200:
adjusted_analysis,2369,TWSE,accepted,2022-07-11,2026-07-09,969,4,2369.TW:200:
adjusted_analysis,2368,TWSE,accepted,2022-07-11,2026-07-09,969,6,2368.TW:200:
adjusted_analysis,2374,TWSE,accepted,2022-07-11,2026-07-09,969,5,2374.TW:200:
adjusted_analysis,2371,TWSE,accepted,2022-07-11,2026-07-09,969,3,2371.TW:200:
adjusted_analysis,2377,TWSE,accepted,2022-07-11,2026-07-09,969,4,2377.TW:200:
adjusted_analysis,2379,TWSE,accepted,2022-07-11,2026-07-09,969,4,2379.TW:200:
adjusted_analysis,2382,TWSE,accepted,2022-07-11,2026-07-09,969,4,2382.TW:200:
adjusted_analysis,2375,TWSE,accepted,2022-07-11,2026-07-09,969,5,2375.TW:200:
adjusted_analysis,2376,TWSE,accepted,2022-07-11,2026-07-09,969,4,2376.TW:200:
adjusted_analysis,2385,TWSE,accepted,2022-07-11,2026-07-09,969,4,2385.TW:200:
adjusted_analysis,2383,TWSE,accepted,2022-07-11,2026-07-09,969,4,2383.TW:200:
adjusted_analysis,2392,TWSE,accepted,2022-07-11,2026-07-09,969,4,2392.TW:200:
adjusted_analysis,2388,TWSE,accepted,2022-07-11,2026-07-09,969,4,2388.TW:200:
adjusted_analysis,2393,TWSE,accepted,2022-07-11,2026-07-09,969,4,2393.TW:200:
adjusted_analysis,2395,TWSE,accepted,2022-07-11,2026-07-09,969,4,2395.TW:200:
adjusted_analysis,2402,TWSE,accepted,2022-07-11,2026-07-09,969,4,2402.TW:200:
adjusted_analysis,2399,TWSE,accepted,2022-07-11,2026-07-09,969,1,2399.TW:200:
adjusted_analysis,2401,TWSE,accepted,2022-07-11,2026-07-09,969,2,2401.TW:200:
adjusted_analysis,2405,TWSE,accepted,2022-07-11,2026-07-09,969,4,2405.TW:200:
adjusted_analysis,2408,TWSE,accepted,2022-07-11,2026-07-09,969,2,2408.TW:200:
adjusted_analysis,2409,TWSE,accepted,2022-07-11,2026-07-09,969,5,2409.TW:200:
adjusted_analysis,2404,TWSE,accepted,2022-07-11,2026-07-09,969,3,2404.TW:200:
adjusted_analysis,2406,TWSE,accepted,2022-07-11,2026-07-09,969,0,2406.TW:200:
adjusted_analysis,2412,TWSE,accepted,2022-07-11,2026-07-09,969,4,2412.TW:200:
adjusted_analysis,2419,TWSE,accepted,2022-07-11,2026-07-09,969,2,2419.TW:200:
adjusted_analysis,2417,TWSE,accepted,2022-07-11,2026-07-09,969,4,2417.TW:200:
adjusted_analysis,2425,TWSE,accepted,2022-07-11,2026-07-09,969,4,2425.TW:200:
adjusted_analysis,2421,TWSE,accepted,2022-07-11,2026-07-09,969,4,2421.TW:200:
adjusted_analysis,2413,TWSE,accepted,2022-07-11,2026-07-09,969,2,2413.TW:200:
adjusted_analysis,2428,TWSE,accepted,2022-07-11,2026-07-09,969,4,2428.TW:200:
adjusted_analysis,2426,TWSE,accepted,2022-07-11,2026-07-09,969,4,2426.TW:200:
adjusted_analysis,2427,TWSE,accepted,2022-07-11,2026-07-09,969,4,2427.TW:200:
adjusted_analysis,2436,TWSE,accepted,2022-07-11,2026-07-09,969,5,2436.TW:200:
adjusted_analysis,2441,TWSE,accepted,2022-07-11,2026-07-09,969,4,2441.TW:200:
adjusted_analysis,2439,TWSE,accepted,2022-07-11,2026-07-09,969,4,2439.TW:200:
adjusted_analysis,2451,TWSE,accepted,2022-07-11,2026-07-09,969,4,2451.TW:200:
adjusted_analysis,2449,TWSE,accepted,2022-07-11,2026-07-09,969,4,2449.TW:200:
adjusted_analysis,2455,TWSE,accepted,2022-07-11,2026-07-09,969,4,2455.TW:200:
adjusted_analysis,2453,TWSE,accepted,2022-07-11,2026-07-09,969,5,2453.TW:200:
adjusted_analysis,2448,TWSE,blocked_no_trusted_free_adjusted_history,,,0,0,2448.TW:404:HTTP_404;2448.TWO:404:HTTP_404
adjusted_analysis,2454,TWSE,accepted,2022-07-11,2026-07-09,969,7,2454.TW:200:
adjusted_analysis,2458,TWSE,accepted,2022-07-11,2026-07-09,969,8,2458.TW:200:
adjusted_analysis,2457,TWSE,accepted,2022-07-11,2026-07-09,969,0,2457.TW:200:
adjusted_analysis,2462,TWSE,accepted,2022-07-11,2026-07-09,969,6,2462.TW:200:
adjusted_analysis,2464,TWSE,accepted,2022-07-11,2026-07-09,969,3,2464.TW:200:
adjusted_analysis,2456,TWSE,blocked_no_trusted_free_adjusted_history,,,0,0,2456.TW:404:HTTP_404;2456.TWO:404:HTTP_404
adjusted_analysis,2468,TWSE,accepted,2022-07-11,2026-07-09,969,4,2468.TW:200:
adjusted_analysis,2467,TWSE,accepted,2022-07-11,2026-07-09,969,4,2467.TW:200:
adjusted_analysis,2471,TWSE,accepted,2022-07-11,2026-07-09,969,4,2471.TW:200:
adjusted_analysis,2472,TWSE,accepted,2022-07-11,2026-07-09,969,4,2472.TW:200:
adjusted_analysis,2474,TWSE,accepted,2022-07-11,2026-07-09,969,8,2474.TW:200:
adjusted_analysis,2476,TWSE,accepted,2022-07-11,2026-07-09,969,4,2476.TW:200:
adjusted_analysis,2478,TWSE,accepted,2022-07-11,2026-07-09,969,4,2478.TW:200:
adjusted_analysis,2481,TWSE,accepted,2022-07-11,2026-07-09,969,4,2481.TW:200:
adjusted_analysis,2484,TWSE,accepted,2022-07-11,2026-07-09,969,4,2484.TW:200:
adjusted_analysis,2489,TWSE,accepted,2022-07-11,2026-07-09,969,12,2489.TW:200:
adjusted_analysis,2486,TWSE,accepted,2022-07-11,2026-07-09,969,4,2486.TW:200:
adjusted_analysis,2492,TWSE,accepted,2022-07-11,2026-07-09,969,5,2492.TW:200:
adjusted_analysis,2493,TWSE,accepted,2022-07-11,2026-07-09,969,6,2493.TW:200:
adjusted_analysis,2497,TWSE,accepted,2022-07-11,2026-07-09,969,3,2497.TW:200:
adjusted_analysis,2495,TWSE,accepted,2022-07-11,2026-07-09,969,4,2495.TW:200:
adjusted_analysis,2501,TWSE,accepted,2022-07-11,2026-07-09,969,4,2501.TW:200:
adjusted_analysis,2524,TWSE,accepted,2022-07-11,2026-07-09,969,0,2524.TW:200:
adjusted_analysis,2504,TWSE,accepted,2022-07-11,2026-07-09,969,4,2504.TW:200:
adjusted_analysis,2515,TWSE,accepted,2022-07-11,2026-07-09,969,4,2515.TW:200:
adjusted_analysis,2520,TWSE,accepted,2022-07-11,2026-07-09,969,5,2520.TW:200:
adjusted_analysis,2537,TWSE,accepted,2022-07-11,2026-07-09,969,1,2537.TW:200:
adjusted_analysis,2530,TWSE,accepted,2022-07-11,2026-07-09,969,9,2530.TW:200:
adjusted_analysis,2540,TWSE,accepted,2022-07-11,2026-07-09,969,8,2540.TW:200:
adjusted_analysis,2542,TWSE,accepted,2022-07-11,2026-07-09,969,8,2542.TW:200:
adjusted_analysis,2543,TWSE,accepted,2022-07-11,2026-07-09,969,8,2543.TW:200:
adjusted_analysis,2605,TWSE,accepted,2022-07-11,2026-07-09,969,5,2605.TW:200:
adjusted_analysis,2538,TWSE,accepted,2022-07-11,2026-07-09,969,4,2538.TW:200:
adjusted_analysis,2609,TWSE,accepted,2022-07-11,2026-07-09,969,3,2609.TW:200:
adjusted_analysis,2607,TWSE,accepted,2022-07-11,2026-07-09,969,9,2607.TW:200:
adjusted_analysis,2547,TWSE,accepted,2022-07-11,2026-07-09,969,3,2547.TW:200:
adjusted_analysis,2603,TWSE,accepted,2022-07-11,2026-07-09,969,5,2603.TW:200:
adjusted_analysis,2610,TWSE,accepted,2022-07-11,2026-07-09,969,4,2610.TW:200:
adjusted_analysis,2611,TWSE,accepted,2022-07-11,2026-07-09,969,5,2611.TW:200:
adjusted_analysis,2606,TWSE,accepted,2022-07-11,2026-07-09,969,4,2606.TW:200:
adjusted_analysis,2615,TWSE,accepted,2022-07-11,2026-07-09,969,6,2615.TW:200:
adjusted_analysis,2617,TWSE,accepted,2022-07-11,2026-07-09,969,4,2617.TW:200:
adjusted_analysis,2636,TWSE,accepted,2022-07-11,2026-07-09,969,6,2636.TW:200:
adjusted_analysis,2634,TWSE,accepted,2022-07-11,2026-07-09,969,5,2634.TW:200:
adjusted_analysis,2613,TWSE,accepted,2022-07-11,2026-07-09,969,4,2613.TW:200:
adjusted_analysis,2618,TWSE,accepted,2022-07-11,2026-07-09,969,5,2618.TW:200:
adjusted_analysis,2630,TWSE,accepted,2022-07-11,2026-07-09,969,5,2630.TW:200:
adjusted_analysis,2645,TWSE,accepted,2022-07-11,2026-07-09,969,4,2645.TW:200:
adjusted_analysis,2646,TWSE,accepted,2022-09-30,2026-07-09,911,0,2646.TW:200:
adjusted_analysis,2637,TWSE,accepted,2022-07-11,2026-07-09,969,4,2637.TW:200:
adjusted_analysis,2641,TPEx,accepted,2022-07-11,2026-07-09,969,4,2641.TW:404:HTTP_404;2641.TWO:200:
adjusted_analysis,2707,TWSE,accepted,2022-07-11,2026-07-09,969,4,2707.TW:200:
adjusted_analysis,2727,TWSE,accepted,2022-07-11,2026-07-09,969,4,2727.TW:200:
adjusted_analysis,2731,TWSE,accepted,2022-07-11,2026-07-09,969,3,2731.TW:200:
adjusted_analysis,2739,TWSE,accepted,2022-07-11,2026-07-09,969,3,2739.TW:200:
adjusted_analysis,2753,TWSE,accepted,2022-07-11,2026-07-09,969,8,2753.TW:200:
adjusted_analysis,2801,TWSE,accepted,2022-07-11,2026-07-09,969,8,2801.TW:200:
adjusted_analysis,2748,TWSE,accepted,2022-07-11,2026-07-09,969,4,2748.TW:200:
adjusted_analysis,2745,TPEx,accepted,2022-07-11,2026-07-09,969,2,2745.TW:404:HTTP_404;2745.TWO:200:
adjusted_analysis,2743,TPEx,accepted,2022-07-11,2026-07-09,969,3,2743.TW:404:HTTP_404;2743.TWO:200:
adjusted_analysis,2834,TWSE,accepted,2022-07-11,2026-07-09,969,9,2834.TW:200:
adjusted_analysis,2812,TWSE,accepted,2022-07-11,2026-07-09,969,8,2812.TW:200:
adjusted_analysis,2867,TWSE,accepted,2022-07-11,2026-07-09,969,0,2867.TW:200:
adjusted_analysis,2816,TWSE,accepted,2022-07-11,2026-07-09,969,3,2816.TW:200:
adjusted_analysis,2823,TWSE,blocked_no_trusted_free_adjusted_history,,,0,0,2823.TW:404:HTTP_404;2823.TWO:404:HTTP_404
adjusted_analysis,2880,TWSE,accepted,2022-07-11,2026-07-09,969,7,2880.TW:200:
adjusted_analysis,2855,TWSE,accepted,2022-07-11,2026-07-09,969,6,2855.TW:200:
adjusted_analysis,2881,TWSE,accepted,2022-07-11,2026-07-09,969,9,2881.TW:200:
adjusted_analysis,2883,TWSE,accepted,2022-07-11,2026-07-09,969,4,2883.TW:200:
adjusted_analysis,2809,TWSE,blocked_no_trusted_free_adjusted_history,,,0,0,2809.TW:404:HTTP_404;2809.TWO:404:HTTP_404
adjusted_analysis,2885,TWSE,accepted,2022-07-11,2026-07-09,969,7,2885.TW:200:
adjusted_analysis,2886,TWSE,accepted,2022-07-11,2026-07-09,969,7,2886.TW:200:
adjusted_analysis,2882,TWSE,accepted,2022-07-11,2026-07-09,969,4,2882.TW:200:
adjusted_analysis,2884,TWSE,accepted,2022-07-11,2026-07-09,969,11,2884.TW:200:
adjusted_analysis,2889,TWSE,accepted,2022-07-11,2026-07-09,969,5,2889.TW:200:
adjusted_analysis,2887,TWSE,accepted,2022-07-11,2026-07-09,969,7,2887.TW:200:
adjusted_analysis,2891,TWSE,accepted,2022-07-11,2026-07-09,969,5,2891.TW:200:
adjusted_analysis,2892,TWSE,accepted,2022-07-11,2026-07-09,969,8,2892.TW:200:
adjusted_analysis,2890,TWSE,accepted,2022-07-11,2026-07-09,969,8,2890.TW:200:
adjusted_analysis,2888,TWSE,blocked_no_trusted_free_adjusted_history,,,0,0,2888.TW:404:HTTP_404;2888.TWO:404:HTTP_404
adjusted_analysis,2915,TWSE,accepted,2022-07-11,2026-07-09,969,4,2915.TW:200:
adjusted_analysis,3004,TWSE,accepted,2022-07-11,2026-07-09,969,4,3004.TW:200:
adjusted_analysis,2912,TWSE,accepted,2022-07-11,2026-07-09,969,4,2912.TW:200:
adjusted_analysis,2913,TWSE,accepted,2022-07-11,2026-07-09,969,0,2913.TW:200:
adjusted_analysis,3005,TWSE,accepted,2022-07-11,2026-07-09,969,4,3005.TW:200:
adjusted_analysis,3003,TWSE,accepted,2022-07-11,2026-07-09,969,3,3003.TW:200:
adjusted_analysis,3010,TWSE,accepted,2022-07-11,2026-07-09,969,4,3010.TW:200:
adjusted_analysis,3008,TWSE,accepted,2022-07-11,2026-07-09,969,8,3008.TW:200:
adjusted_analysis,3013,TWSE,accepted,2022-07-11,2026-07-09,969,3,3013.TW:200:
adjusted_analysis,3006,TWSE,accepted,2022-07-11,2026-07-09,969,4,3006.TW:200:
adjusted_analysis,3017,TWSE,accepted,2022-07-11,2026-07-09,969,4,3017.TW:200:
adjusted_analysis,3014,TWSE,accepted,2022-07-11,2026-07-09,969,5,3014.TW:200:
adjusted_analysis,3016,TWSE,accepted,2022-07-11,2026-07-09,969,5,3016.TW:200:
adjusted_analysis,3022,TWSE,accepted,2022-07-11,2026-07-09,969,4,3022.TW:200:
adjusted_analysis,3024,TWSE,accepted,2022-07-11,2026-07-09,969,5,3024.TW:200:
adjusted_analysis,3023,TWSE,accepted,2022-07-11,2026-07-09,969,4,3023.TW:200:
adjusted_analysis,3019,TWSE,accepted,2022-07-11,2026-07-09,969,4,3019.TW:200:
adjusted_analysis,3026,TWSE,accepted,2022-07-11,2026-07-09,969,6,3026.TW:200:
adjusted_analysis,3029,TWSE,accepted,2022-07-11,2026-07-09,969,4,3029.TW:200:
adjusted_analysis,3030,TWSE,accepted,2022-07-11,2026-07-09,969,4,3030.TW:200:
adjusted_analysis,3025,TWSE,accepted,2022-07-11,2026-07-09,969,6,3025.TW:200:
adjusted_analysis,3032,TWSE,accepted,2022-07-11,2026-07-09,969,4,3032.TW:200:
adjusted_analysis,3027,TWSE,accepted,2022-07-11,2026-07-09,969,2,3027.TW:200:
adjusted_analysis,3028,TWSE,accepted,2022-07-11,2026-07-09,969,4,3028.TW:200:
adjusted_analysis,3033,TWSE,accepted,2022-07-11,2026-07-09,969,4,3033.TW:200:
adjusted_analysis,3034,TWSE,accepted,2022-07-11,2026-07-09,969,5,3034.TW:200:
adjusted_analysis,3035,TWSE,accepted,2022-07-11,2026-07-09,969,5,3035.TW:200:
adjusted_analysis,3036,TWSE,accepted,2022-07-11,2026-07-09,969,4,3036.TW:200:
adjusted_analysis,3040,TWSE,accepted,2022-07-11,2026-07-09,969,3,3040.TW:200:
adjusted_analysis,3037,TWSE,accepted,2022-07-11,2026-07-09,969,5,3037.TW:200:
adjusted_analysis,3046,TWSE,accepted,2022-07-11,2026-07-09,969,4,3046.TW:200:
adjusted_analysis,3045,TWSE,accepted,2022-07-11,2026-07-09,969,4,3045.TW:200:
adjusted_analysis,3047,TWSE,accepted,2022-07-11,2026-07-09,969,2,3047.TW:200:
adjusted_analysis,3042,TWSE,accepted,2022-07-11,2026-07-09,969,5,3042.TW:200:
adjusted_analysis,3043,TWSE,accepted,2022-07-11,2026-07-09,969,1,3043.TW:200:
adjusted_analysis,3044,TWSE,accepted,2022-07-11,2026-07-09,969,5,3044.TW:200:
adjusted_analysis,3048,TWSE,accepted,2022-07-11,2026-07-09,969,4,3048.TW:200:
adjusted_analysis,3051,TWSE,accepted,2022-07-11,2026-07-09,969,3,3051.TW:200:
adjusted_analysis,3056,TWSE,accepted,2022-07-11,2026-07-09,969,6,3056.TW:200:
adjusted_analysis,3059,TWSE,accepted,2022-07-11,2026-07-09,969,4,3059.TW:200:
adjusted_analysis,3050,TWSE,accepted,2022-07-11,2026-07-09,969,4,3050.TW:200:
adjusted_analysis,3090,TWSE,accepted,2022-07-11,2026-07-09,969,4,3090.TW:200:
adjusted_analysis,3094,TWSE,accepted,2022-07-11,2026-07-09,969,5,3094.TW:200:
adjusted_analysis,3088,TPEx,accepted,2022-07-11,2026-07-09,969,5,3088.TW:404:HTTP_404;3088.TWO:200:
adjusted_analysis,3105,TPEx,accepted,2022-07-11,2026-07-09,969,3,3105.TW:404:HTTP_404;3105.TWO:200:
adjusted_analysis,3135,TWSE,accepted,2024-09-09,2026-07-09,442,2,3135.TW:200:
adjusted_analysis,3081,TPEx,accepted,2022-07-11,2026-07-09,969,4,3081.TW:404:HTTP_404;3081.TWO:200:
adjusted_analysis,3078,TPEx,accepted,2022-07-11,2026-07-09,969,4,3078.TW:404:HTTP_404;3078.TWO:200:
adjusted_analysis,3086,TPEx,accepted,2022-07-11,2026-07-09,969,9,3086.TW:404:HTTP_404;3086.TWO:200:
adjusted_analysis,3131,TPEx,accepted,2022-07-11,2026-07-09,969,4,3131.TW:404:HTTP_404;3131.TWO:200:
adjusted_analysis,3138,TWSE,accepted,2022-07-11,2026-07-09,969,4,3138.TW:200:
adjusted_analysis,3128,TPEx,accepted,2022-07-11,2026-07-09,969,5,3128.TW:404:HTTP_404;3128.TWO:200:
adjusted_analysis,3167,TWSE,accepted,2022-07-11,2026-07-09,969,6,3167.TW:200:
adjusted_analysis,3141,TPEx,accepted,2022-07-11,2026-07-09,969,3,3141.TW:404:HTTP_404;3141.TWO:200:
adjusted_analysis,3147,TPEx,accepted,2022-07-11,2026-07-09,969,5,3147.TW:404:HTTP_404;3147.TWO:200:
adjusted_analysis,3189,TWSE,accepted,2022-07-11,2026-07-09,969,5,3189.TW:200:
adjusted_analysis,3169,TPEx,accepted,2022-07-11,2026-07-09,969,5,3169.TW:404:HTTP_404;3169.TWO:200:
adjusted_analysis,3207,TPEx,accepted,2022-07-11,2026-07-09,969,2,3207.TW:404:HTTP_404;3207.TWO:200:
adjusted_analysis,3162,TPEx,accepted,2022-07-11,2026-07-09,969,2,3162.TW:404:HTTP_404;3162.TWO:200:
adjusted_analysis,3152,TPEx,accepted,2022-07-11,2026-07-09,969,6,3152.TW:404:HTTP_404;3152.TWO:200:
adjusted_analysis,3163,TPEx,accepted,2022-07-11,2026-07-09,969,3,3163.TW:404:HTTP_404;3163.TWO:200:
adjusted_analysis,3211,TPEx,accepted,2022-07-11,2026-07-09,969,4,3211.TW:404:HTTP_404;3211.TWO:200:
adjusted_analysis,3213,TPEx,accepted,2022-07-11,2026-07-09,969,4,3213.TW:404:HTTP_404;3213.TWO:200:
adjusted_analysis,3188,TPEx,accepted,2022-07-11,2026-07-09,969,6,3188.TW:404:HTTP_404;3188.TWO:200:
adjusted_analysis,3217,TPEx,accepted,2022-07-11,2026-07-09,969,4,3217.TW:404:HTTP_404;3217.TWO:200:
adjusted_analysis,3231,TWSE,accepted,2022-07-11,2026-07-09,969,4,3231.TW:200:
adjusted_analysis,3218,TPEx,accepted,2022-07-11,2026-07-09,969,6,3218.TW:404:HTTP_404;3218.TWO:200:
adjusted_analysis,3257,TWSE,accepted,2022-07-11,2026-07-09,969,4,3257.TW:200:
adjusted_analysis,3236,TPEx,accepted,2022-07-11,2026-07-09,969,5,3236.TW:404:HTTP_404;3236.TWO:200:
adjusted_analysis,3221,TPEx,accepted,2022-07-11,2026-07-09,969,5,3221.TW:404:HTTP_404;3221.TWO:200:
adjusted_analysis,3227,TPEx,accepted,2022-07-11,2026-07-09,969,4,3227.TW:404:HTTP_404;3227.TWO:200:
adjusted_analysis,3260,TPEx,accepted,2022-07-11,2026-07-09,969,5,3260.TW:404:HTTP_404;3260.TWO:200:
adjusted_analysis,3228,TPEx,accepted,2022-07-11,2026-07-09,969,2,3228.TW:404:HTTP_404;3228.TWO:200:
adjusted_analysis,3265,TPEx,accepted,2022-07-11,2026-07-09,969,5,3265.TW:404:HTTP_404;3265.TWO:200:
adjusted_analysis,3264,TPEx,accepted,2022-07-11,2026-07-09,969,3,3264.TW:404:HTTP_404;3264.TWO:200:
adjusted_analysis,3287,TPEx,accepted,2022-07-11,2026-07-09,969,2,3287.TW:404:HTTP_404;3287.TWO:200:
adjusted_analysis,3305,TWSE,accepted,2022-07-11,2026-07-09,969,3,3305.TW:200:
adjusted_analysis,3276,TPEx,accepted,2022-07-11,2026-07-09,969,3,3276.TW:404:HTTP_404;3276.TWO:200:
adjusted_analysis,3289,TPEx,accepted,2022-07-11,2026-07-09,969,12,3289.TW:404:HTTP_404;3289.TWO:200:
adjusted_analysis,3297,TPEx,accepted,2022-07-11,2026-07-09,969,0,3297.TW:404:HTTP_404;3297.TWO:200:
adjusted_analysis,3293,TPEx,accepted,2022-07-11,2026-07-09,969,8,3293.TW:404:HTTP_404;3293.TWO:200:
adjusted_analysis,3303,TPEx,accepted,2022-07-11,2026-07-09,969,4,3303.TW:404:HTTP_404;3303.TWO:200:
adjusted_analysis,3312,TWSE,accepted,2022-07-11,2026-07-09,969,4,3312.TW:200:
adjusted_analysis,3306,TPEx,accepted,2022-07-11,2026-07-09,969,4,3306.TW:404:HTTP_404;3306.TWO:200:
adjusted_analysis,3338,TWSE,accepted,2022-07-11,2026-07-09,969,4,3338.TW:200:
adjusted_analysis,3317,TPEx,accepted,2022-07-11,2026-07-09,969,7,3317.TW:404:HTTP_404;3317.TWO:200:
adjusted_analysis,3346,TWSE,accepted,2022-07-11,2026-07-09,969,4,3346.TW:200:
adjusted_analysis,3356,TWSE,accepted,2022-07-11,2026-07-09,969,7,3356.TW:200:
adjusted_analysis,3324,TPEx,accepted,2022-07-11,2026-07-09,969,4,3324.TW:404:HTTP_404;3324.TWO:200:
adjusted_analysis,3357,TPEx,accepted,2022-07-11,2026-07-09,969,4,3357.TW:404:HTTP_404;3357.TWO:200:
adjusted_analysis,3325,TPEx,accepted,2022-07-11,2026-07-09,969,0,3325.TW:404:HTTP_404;3325.TWO:200:
adjusted_analysis,3362,TPEx,accepted,2022-07-11,2026-07-09,969,3,3362.TW:404:HTTP_404;3362.TWO:200:
adjusted_analysis,3376,TWSE,accepted,2022-07-11,2026-07-09,969,4,3376.TW:200:
adjusted_analysis,3363,TPEx,accepted,2022-07-11,2026-07-09,969,2,3363.TW:404:HTTP_404;3363.TWO:200:
adjusted_analysis,3374,TPEx,accepted,2022-07-11,2026-07-09,969,4,3374.TW:404:HTTP_404;3374.TWO:200:
adjusted_analysis,3380,TWSE,accepted,2022-07-11,2026-07-09,969,4,3380.TW:200:
adjusted_analysis,3406,TWSE,accepted,2022-07-11,2026-07-09,969,5,3406.TW:200:
adjusted_analysis,3379,TPEx,accepted,2022-07-11,2026-07-09,969,3,3379.TW:404:HTTP_404;3379.TWO:200:
adjusted_analysis,3390,TPEx,accepted,2022-07-11,2026-07-09,969,4,3390.TW:404:HTTP_404;3390.TWO:200:
adjusted_analysis,3413,TWSE,accepted,2022-07-11,2026-07-09,969,4,3413.TW:200:
adjusted_analysis,3416,TWSE,accepted,2022-07-11,2026-07-09,969,4,3416.TW:200:
adjusted_analysis,3443,TWSE,accepted,2022-07-11,2026-07-09,969,4,3443.TW:200:
adjusted_analysis,3447,TWSE,accepted,2022-07-11,2026-07-09,969,4,3447.TW:200:
adjusted_analysis,3402,TPEx,accepted,2022-07-11,2026-07-09,969,3,3402.TW:404:HTTP_404;3402.TWO:200:
adjusted_analysis,3430,TPEx,accepted,2022-07-11,2026-07-09,969,4,3430.TW:404:HTTP_404;3430.TWO:200:
adjusted_analysis,3450,TWSE,accepted,2022-07-11,2026-07-09,969,4,3450.TW:200:
adjusted_analysis,3481,TWSE,accepted,2022-07-11,2026-07-09,969,9,3481.TW:200:
adjusted_analysis,3434,TPEx,accepted,2022-07-11,2026-07-09,969,8,3434.TW:404:HTTP_404;3434.TWO:200:
adjusted_analysis,3479,TPEx,accepted,2022-07-11,2026-07-09,969,4,3479.TW:404:HTTP_404;3479.TWO:200:
adjusted_analysis,3444,TPEx,accepted,2022-07-11,2026-07-09,969,5,3444.TW:404:HTTP_404;3444.TWO:200:
adjusted_analysis,3515,TWSE,accepted,2022-07-11,2026-07-09,969,5,3515.TW:200:
adjusted_analysis,3483,TPEx,accepted,2022-07-11,2026-07-09,969,5,3483.TW:404:HTTP_404;3483.TWO:200:
adjusted_analysis,3498,TPEx,accepted,2022-07-11,2026-07-09,969,1,3498.TW:404:HTTP_404;3498.TWO:200:
adjusted_analysis,3528,TWSE,accepted,2022-07-11,2026-07-09,969,3,3528.TW:200:
adjusted_analysis,3491,TPEx,accepted,2022-07-11,2026-07-09,969,3,3491.TW:404:HTTP_404;3491.TWO:200:
adjusted_analysis,3532,TWSE,accepted,2022-07-11,2026-07-09,969,4,3532.TW:200:
adjusted_analysis,3533,TWSE,accepted,2022-07-11,2026-07-09,969,4,3533.TW:200:
adjusted_analysis,3545,TWSE,accepted,2022-07-11,2026-07-09,969,4,3545.TW:200:
adjusted_analysis,3526,TPEx,accepted,2022-07-11,2026-07-09,969,5,3526.TW:404:HTTP_404;3526.TWO:200:
adjusted_analysis,3529,TPEx,accepted,2022-07-11,2026-07-09,969,4,3529.TW:404:HTTP_404;3529.TWO:200:
adjusted_analysis,3537,TPEx,accepted,2022-07-11,2026-07-09,969,5,3537.TW:404:HTTP_404;3537.TWO:200:
adjusted_analysis,3563,TWSE,accepted,2022-07-11,2026-07-09,969,8,3563.TW:200:
adjusted_analysis,3548,TPEx,accepted,2022-07-11,2026-07-09,969,5,3548.TW:404:HTTP_404;3548.TWO:200:
adjusted_analysis,3583,TWSE,accepted,2022-07-11,2026-07-09,969,3,3583.TW:200:
adjusted_analysis,3558,TPEx,accepted,2022-07-11,2026-07-09,969,4,3558.TW:404:HTTP_404;3558.TWO:200:
adjusted_analysis,3564,TPEx,accepted,2022-07-11,2026-07-09,969,5,3564.TW:404:HTTP_404;3564.TWO:200:
adjusted_analysis,3551,TPEx,accepted,2022-07-11,2026-07-09,969,4,3551.TW:404:HTTP_404;3551.TWO:200:
adjusted_analysis,3577,TPEx,accepted,2022-07-11,2026-07-09,969,6,3577.TW:404:HTTP_404;3577.TWO:200:
adjusted_analysis,3581,TPEx,accepted,2022-07-11,2026-07-09,969,4,3581.TW:404:HTTP_404;3581.TWO:200:
adjusted_analysis,3591,TWSE,accepted,2022-07-11,2026-07-09,969,5,3591.TW:200:
adjusted_analysis,3592,TWSE,accepted,2022-07-11,2026-07-09,969,4,3592.TW:200:
adjusted_analysis,3587,TPEx,accepted,2022-07-11,2026-07-09,969,3,3587.TW:404:HTTP_404;3587.TWO:200:
adjusted_analysis,3605,TWSE,accepted,2022-07-11,2026-07-09,969,3,3605.TW:200:
adjusted_analysis,3596,TWSE,accepted,2022-07-11,2026-07-09,969,4,3596.TW:200:
adjusted_analysis,3617,TWSE,accepted,2022-07-11,2026-07-09,969,5,3617.TW:200:
adjusted_analysis,3622,TWSE,accepted,2022-07-11,2026-07-09,969,4,3622.TW:200:
adjusted_analysis,3645,TWSE,accepted,2022-07-11,2026-07-09,969,4,3645.TW:200:
adjusted_analysis,3653,TWSE,accepted,2022-07-11,2026-07-09,969,5,3653.TW:200:
adjusted_analysis,3661,TWSE,accepted,2022-07-11,2026-07-09,969,4,3661.TW:200:
adjusted_analysis,3624,TPEx,accepted,2022-07-11,2026-07-09,969,5,3624.TW:404:HTTP_404;3624.TWO:200:
adjusted_analysis,3665,TWSE,accepted,2022-07-11,2026-07-09,969,6,3665.TW:200:
adjusted_analysis,3628,TPEx,accepted,2022-07-11,2026-07-09,969,4,3628.TW:404:HTTP_404;3628.TWO:200:
adjusted_analysis,3630,TPEx,accepted,2022-07-11,2026-07-09,969,0,3630.TW:404:HTTP_404;3630.TWO:200:
adjusted_analysis,3663,TPEx,accepted,2022-07-11,2026-07-09,969,4,3663.TW:404:HTTP_404;3663.TWO:200:
adjusted_analysis,3673,TWSE,accepted,2022-07-11,2026-07-09,969,3,3673.TW:200:
adjusted_analysis,3694,TWSE,accepted,2022-07-11,2026-07-09,969,2,3694.TW:200:
adjusted_analysis,3687,TPEx,accepted,2022-07-11,2026-07-09,969,4,3687.TW:404:HTTP_404;3687.TWO:200:
adjusted_analysis,3689,TPEx,accepted,2022-07-11,2026-07-09,969,4,3689.TW:404:HTTP_404;3689.TWO:200:
adjusted_analysis,3680,TPEx,accepted,2022-07-11,2026-07-09,969,8,3680.TW:404:HTTP_404;3680.TWO:200:
adjusted_analysis,3693,TPEx,accepted,2022-07-11,2026-07-09,969,4,3693.TW:404:HTTP_404;3693.TWO:200:
adjusted_analysis,3691,TPEx,accepted,2022-07-11,2026-07-09,969,0,3691.TW:404:HTTP_404;3691.TWO:200:
adjusted_analysis,3698,TWSE,blocked_no_trusted_free_adjusted_history,,,0,0,3698.TW:404:HTTP_404;3698.TWO:404:HTTP_404
adjusted_analysis,3701,TWSE,accepted,2022-07-11,2026-07-09,969,3,3701.TW:200:
adjusted_analysis,3703,TWSE,accepted,2022-07-11,2026-07-09,969,4,3703.TW:200:
adjusted_analysis,3702,TWSE,accepted,2022-07-11,2026-07-09,969,4,3702.TW:200:
adjusted_analysis,3704,TWSE,accepted,2022-07-11,2026-07-09,969,7,3704.TW:200:
adjusted_analysis,3705,TWSE,accepted,2022-07-11,2026-07-09,969,4,3705.TW:200:
adjusted_analysis,3706,TWSE,accepted,2022-07-11,2026-07-09,969,4,3706.TW:200:
adjusted_analysis,3675,TPEx,accepted,2022-07-11,2026-07-09,969,5,3675.TW:404:HTTP_404;3675.TWO:200:
adjusted_analysis,3708,TWSE,accepted,2022-07-11,2026-07-09,969,4,3708.TW:200:
adjusted_analysis,3712,TWSE,accepted,2022-07-11,2026-07-09,969,4,3712.TW:200:
adjusted_analysis,3711,TWSE,accepted,2022-07-11,2026-07-09,969,4,3711.TW:200:
adjusted_analysis,3715,TWSE,accepted,2022-08-26,2026-07-09,935,4,3715.TW:200:
adjusted_analysis,3707,TPEx,accepted,2022-07-11,2026-07-09,969,2,3707.TW:404:HTTP_404;3707.TWO:200:
adjusted_analysis,3709,TPEx,accepted,2022-07-11,2026-07-09,969,3,3709.TW:404:HTTP_404;3709.TWO:200:
adjusted_analysis,4105,TPEx,accepted,2022-07-11,2026-07-09,969,5,4105.TW:404:HTTP_404;4105.TWO:200:
adjusted_analysis,4114,TPEx,accepted,2022-07-11,2026-07-09,969,8,4114.TW:404:HTTP_404;4114.TWO:200:
adjusted_analysis,4123,TPEx,accepted,2022-07-11,2026-07-09,969,7,4123.TW:404:HTTP_404;4123.TWO:200:
adjusted_analysis,4164,TWSE,accepted,2022-07-11,2026-07-09,969,5,4164.TW:200:
adjusted_analysis,4147,TPEx,accepted,2022-07-11,2026-07-09,969,0,4147.TW:404:HTTP_404;4147.TWO:200:
adjusted_analysis,4130,TPEx,accepted,2022-07-11,2026-07-09,969,6,4130.TW:404:HTTP_404;4130.TWO:200:
adjusted_analysis,4129,TPEx,accepted,2022-07-11,2026-07-09,969,3,4129.TW:404:HTTP_404;4129.TWO:200:
adjusted_analysis,4162,TPEx,accepted,2022-07-11,2026-07-09,969,4,4162.TW:404:HTTP_404;4162.TWO:200:
adjusted_analysis,4532,TWSE,accepted,2022-07-11,2026-07-09,969,4,4532.TW:200:
adjusted_analysis,4167,TPEx,accepted,2022-07-11,2026-07-09,969,3,4167.TW:404:HTTP_404;4167.TWO:200:
adjusted_analysis,4303,TPEx,accepted,2022-07-11,2026-07-09,969,4,4303.TW:404:HTTP_404;4303.TWO:200:
adjusted_analysis,4545,TWSE,accepted,2022-07-11,2026-07-09,969,3,4545.TW:200:
adjusted_analysis,4533,TPEx,accepted,2022-07-11,2026-07-09,969,4,4533.TW:404:HTTP_404;4533.TWO:200:
adjusted_analysis,4541,TPEx,accepted,2022-07-11,2026-07-09,969,3,4541.TW:404:HTTP_404;4541.TWO:200:
adjusted_analysis,4542,TPEx,accepted,2022-07-11,2026-07-09,969,3,4542.TW:404:HTTP_404;4542.TWO:200:
adjusted_analysis,4543,TPEx,accepted,2022-07-11,2026-07-09,969,4,4543.TW:404:HTTP_404;4543.TWO:200:
adjusted_analysis,4562,TWSE,accepted,2022-07-11,2026-07-09,969,0,4562.TW:200:
adjusted_analysis,4571,TWSE,accepted,2022-07-11,2026-07-09,969,4,4571.TW:200:
adjusted_analysis,4569,TWSE,accepted,2023-07-31,2026-07-09,713,2,4569.TW:200:
adjusted_analysis,4566,TWSE,accepted,2022-07-11,2026-07-09,969,5,4566.TW:200:
adjusted_analysis,4572,TWSE,accepted,2022-07-11,2026-07-09,969,6,4572.TW:200:
adjusted_analysis,4563,TPEx,accepted,2022-07-11,2026-07-09,969,2,4563.TW:404:HTTP_404;4563.TWO:200:
adjusted_analysis,4549,TPEx,accepted,2022-07-11,2026-07-09,969,7,4549.TW:404:HTTP_404;4549.TWO:200:
adjusted_analysis,4583,TWSE,accepted,2022-07-11,2026-07-09,969,4,4583.TW:200:
adjusted_analysis,4585,TWSE,accepted,2024-09-26,2026-07-09,430,1,4585.TW:200:
adjusted_analysis,4576,TWSE,accepted,2022-07-11,2026-07-09,969,5,4576.TW:200:
adjusted_analysis,4739,TWSE,accepted,2022-07-11,2026-07-09,969,4,4739.TW:200:
adjusted_analysis,4722,TWSE,accepted,2022-07-11,2026-07-09,969,4,4722.TW:200:
adjusted_analysis,4746,TWSE,accepted,2022-07-11,2026-07-09,969,4,4746.TW:200:
adjusted_analysis,4755,TWSE,accepted,2022-07-11,2026-07-09,969,4,4755.TW:200:
adjusted_analysis,4714,TPEx,accepted,2022-07-11,2026-07-09,969,1,4714.TW:404:HTTP_404;4714.TWO:200:
adjusted_analysis,4721,TPEx,accepted,2022-07-11,2026-07-09,969,4,4721.TW:404:HTTP_404;4721.TWO:200:
adjusted_analysis,4763,TWSE,accepted,2022-07-11,2026-07-09,969,10,4763.TW:200:
adjusted_analysis,4764,TWSE,accepted,2022-07-11,2026-07-09,969,4,4764.TW:200:
adjusted_analysis,4766,TWSE,accepted,2022-07-11,2026-07-09,969,5,4766.TW:200:
adjusted_analysis,4760,TPEx,accepted,2022-07-11,2026-07-09,969,5,4760.TW:404:HTTP_404;4760.TWO:200:
adjusted_analysis,4770,TWSE,accepted,2022-07-11,2026-07-09,969,4,4770.TW:200:
adjusted_analysis,4749,TPEx,accepted,2022-07-11,2026-07-09,969,5,4749.TW:404:HTTP_404;4749.TWO:200:
adjusted_analysis,4904,TWSE,accepted,2022-07-11,2026-07-09,969,5,4904.TW:200:
adjusted_analysis,4768,TPEx,accepted,2022-07-11,2026-07-09,969,8,4768.TW:404:HTTP_404;4768.TWO:200:
adjusted_analysis,4903,TPEx,accepted,2022-07-11,2026-07-09,969,1,4903.TW:404:HTTP_404;4903.TWO:200:
adjusted_analysis,4906,TWSE,accepted,2022-07-11,2026-07-09,969,4,4906.TW:200:
adjusted_analysis,4912,TWSE,accepted,2022-07-11,2026-07-09,969,15,4912.TW:200:
adjusted_analysis,4915,TWSE,accepted,2022-07-11,2026-07-09,969,4,4915.TW:200:
adjusted_analysis,4772,TPEx,accepted,2022-09-23,2026-07-09,916,5,4772.TW:404:HTTP_404;4772.TWO:200:
adjusted_analysis,4916,TWSE,accepted,2022-07-11,2026-07-09,969,4,4916.TW:200:
adjusted_analysis,4909,TPEx,accepted,2022-07-11,2026-07-09,969,2,4909.TW:404:HTTP_404;4909.TWO:200:
adjusted_analysis,4919,TWSE,accepted,2022-07-11,2026-07-09,969,4,4919.TW:200:
adjusted_analysis,4908,TPEx,accepted,2022-07-11,2026-07-09,969,4,4908.TW:404:HTTP_404;4908.TWO:200:
adjusted_analysis,4938,TWSE,accepted,2022-07-11,2026-07-09,969,4,4938.TW:200:
adjusted_analysis,4934,TWSE,accepted,2022-07-11,2026-07-09,969,0,4934.TW:200:
adjusted_analysis,4949,TWSE,accepted,2022-07-11,2026-07-09,969,7,4949.TW:200:
adjusted_analysis,4961,TWSE,accepted,2022-07-11,2026-07-09,969,7,4961.TW:200:
adjusted_analysis,4958,TWSE,accepted,2022-07-11,2026-07-09,969,4,4958.TW:200:
adjusted_analysis,4967,TWSE,accepted,2022-07-11,2026-07-09,969,5,4967.TW:200:
adjusted_analysis,4931,TPEx,accepted,2022-07-11,2026-07-09,969,4,4931.TW:404:HTTP_404;4931.TWO:200:
adjusted_analysis,4953,TPEx,accepted,2022-07-11,2026-07-09,969,5,4953.TW:404:HTTP_404;4953.TWO:200:
adjusted_analysis,4968,TWSE,accepted,2022-07-11,2026-07-09,969,2,4968.TW:200:
adjusted_analysis,4977,TWSE,accepted,2022-07-11,2026-07-09,969,4,4977.TW:200:
adjusted_analysis,4966,TPEx,accepted,2022-07-11,2026-07-09,969,8,4966.TW:404:HTTP_404;4966.TWO:200:
adjusted_analysis,4971,TPEx,accepted,2022-07-11,2026-07-09,969,2,4971.TW:404:HTTP_404;4971.TWO:200:
adjusted_analysis,4974,TPEx,accepted,2022-07-11,2026-07-09,969,4,4974.TW:404:HTTP_404;4974.TWO:200:
adjusted_analysis,4973,TPEx,accepted,2022-07-11,2026-07-09,969,4,4973.TW:404:HTTP_404;4973.TWO:200:
adjusted_analysis,4991,TPEx,accepted,2022-07-11,2026-07-09,969,0,4991.TW:404:HTTP_404;4991.TWO:200:
adjusted_analysis,5222,TWSE,accepted,2022-07-11,2026-07-09,969,7,5222.TW:200:
adjusted_analysis,4979,TPEx,accepted,2022-07-11,2026-07-09,969,3,4979.TW:404:HTTP_404;4979.TWO:200:
adjusted_analysis,5215,TWSE,accepted,2022-07-11,2026-07-09,969,5,5215.TW:200:
adjusted_analysis,5009,TPEx,accepted,2022-07-11,2026-07-09,969,4,5009.TW:404:HTTP_404;5009.TWO:200:
adjusted_analysis,5234,TWSE,accepted,2022-07-11,2026-07-09,969,4,5234.TW:200:
adjusted_analysis,5225,TWSE,accepted,2022-07-11,2026-07-09,969,4,5225.TW:200:
adjusted_analysis,5243,TWSE,accepted,2022-07-11,2026-07-09,969,4,5243.TW:200:
adjusted_analysis,5258,TWSE,accepted,2022-07-11,2026-07-09,969,6,5258.TW:200:
adjusted_analysis,5236,TPEx,accepted,2022-07-11,2026-07-09,969,5,5236.TW:404:HTTP_404;5236.TWO:200:
adjusted_analysis,5244,TWSE,accepted,2022-07-11,2026-07-09,969,4,5244.TW:200:
adjusted_analysis,5269,TWSE,accepted,2022-07-11,2026-07-09,969,4,5269.TW:200:
adjusted_analysis,5284,TWSE,accepted,2022-07-11,2026-07-09,969,5,5284.TW:200:
adjusted_analysis,5251,TPEx,accepted,2022-07-11,2026-07-09,969,0,5251.TW:404:HTTP_404;5251.TWO:200:
adjusted_analysis,5264,TWSE,blocked_no_trusted_free_adjusted_history,,,0,0,5264.TW:404:HTTP_404;5264.TWO:404:HTTP_404
adjusted_analysis,5263,TPEx,accepted,2022-07-11,2026-07-09,969,3,5263.TW:404:HTTP_404;5263.TWO:200:
adjusted_analysis,5274,TPEx,accepted,2022-07-11,2026-07-09,968,5,5274.TW:404:HTTP_404;5274.TWO:200:
adjusted_analysis,5289,TPEx,accepted,2022-07-11,2026-07-09,969,8,5289.TW:404:HTTP_404;5289.TWO:200:
adjusted_analysis,5291,TPEx,accepted,2022-07-11,2026-07-09,969,3,5291.TW:404:HTTP_404;5291.TWO:200:
adjusted_analysis,5309,TPEx,accepted,2022-07-11,2026-07-09,969,3,5309.TW:404:HTTP_404;5309.TWO:200:
adjusted_analysis,5340,TPEx,accepted,2022-07-11,2026-07-09,969,2,5340.TW:404:HTTP_404;5340.TWO:200:
adjusted_analysis,5314,TPEx,accepted,2022-07-11,2026-07-09,969,4,5314.TW:404:HTTP_404;5314.TWO:200:
adjusted_analysis,5321,TPEx,accepted,2022-07-11,2026-07-09,969,6,5321.TW:404:HTTP_404;5321.TWO:200:
adjusted_analysis,5315,TPEx,accepted,2022-07-11,2026-07-09,969,4,5315.TW:404:HTTP_404;5315.TWO:200:
adjusted_analysis,5347,TPEx,accepted,2022-07-11,2026-07-09,969,4,5347.TW:404:HTTP_404;5347.TWO:200:
adjusted_analysis,5328,TPEx,accepted,2022-07-11,2026-07-09,969,3,5328.TW:404:HTTP_404;5328.TWO:200:
adjusted_analysis,5388,TWSE,accepted,2022-07-11,2026-07-09,969,4,5388.TW:200:
adjusted_analysis,5351,TPEx,accepted,2022-07-11,2026-07-09,969,4,5351.TW:404:HTTP_404;5351.TWO:200:
adjusted_analysis,5371,TPEx,accepted,2022-07-11,2026-07-09,969,5,5371.TW:404:HTTP_404;5371.TWO:200:
adjusted_analysis,5381,TPEx,accepted,2022-07-11,2026-07-09,969,2,5381.TW:404:HTTP_404;5381.TWO:200:
adjusted_analysis,5386,TPEx,accepted,2022-07-11,2026-07-09,969,8,5386.TW:404:HTTP_404;5386.TWO:200:
adjusted_analysis,5425,TPEx,accepted,2022-07-11,2026-07-09,969,4,5425.TW:404:HTTP_404;5425.TWO:200:
adjusted_analysis,5392,TPEx,accepted,2022-07-11,2026-07-09,969,5,5392.TW:404:HTTP_404;5392.TWO:200:
adjusted_analysis,5434,TWSE,accepted,2022-07-11,2026-07-09,969,3,5434.TW:200:
adjusted_analysis,5426,TPEx,accepted,2022-07-11,2026-07-09,969,2,5426.TW:404:HTTP_404;5426.TWO:200:
adjusted_analysis,5432,TPEx,accepted,2022-07-11,2026-07-09,969,3,5432.TW:404:HTTP_404;5432.TWO:200:
adjusted_analysis,5439,TPEx,accepted,2022-07-11,2026-07-09,969,4,5439.TW:404:HTTP_404;5439.TWO:200:
adjusted_analysis,5452,TPEx,accepted,2022-07-11,2026-07-09,969,5,5452.TW:404:HTTP_404;5452.TWO:200:
adjusted_analysis,5443,TPEx,accepted,2022-07-11,2026-07-09,969,5,5443.TW:404:HTTP_404;5443.TWO:200:
adjusted_analysis,5469,TWSE,accepted,2022-07-11,2026-07-09,969,7,5469.TW:200:
adjusted_analysis,5438,TPEx,accepted,2022-07-11,2026-07-09,969,5,5438.TW:404:HTTP_404;5438.TWO:200:
adjusted_analysis,5483,TPEx,accepted,2022-07-11,2026-07-09,969,8,5483.TW:404:HTTP_404;5483.TWO:200:
adjusted_analysis,5478,TPEx,accepted,2022-07-11,2026-07-09,969,4,5478.TW:404:HTTP_404;5478.TWO:200:
adjusted_analysis,5465,TPEx,accepted,2022-07-11,2026-07-09,969,4,5465.TW:404:HTTP_404;5465.TWO:200:
adjusted_analysis,5474,TPEx,accepted,2022-07-11,2026-07-09,969,4,5474.TW:404:HTTP_404;5474.TWO:200:
adjusted_analysis,5521,TWSE,accepted,2022-07-11,2026-07-09,969,1,5521.TW:200:
adjusted_analysis,5498,TPEx,accepted,2022-07-11,2026-07-09,969,3,5498.TW:404:HTTP_404;5498.TWO:200:
adjusted_analysis,5522,TWSE,accepted,2022-07-11,2026-07-09,969,7,5522.TW:200:
adjusted_analysis,5508,TPEx,accepted,2022-07-11,2026-07-09,969,3,5508.TW:404:HTTP_404;5508.TWO:200:
adjusted_analysis,5534,TWSE,accepted,2022-07-11,2026-07-09,969,4,5534.TW:200:
adjusted_analysis,5876,TWSE,accepted,2022-07-11,2026-07-09,969,3,5876.TW:200:
adjusted_analysis,5530,TPEx,accepted,2022-07-11,2026-07-09,969,1,5530.TW:404:HTTP_404;5530.TWO:200:
adjusted_analysis,5706,TWSE,accepted,2022-07-11,2026-07-09,969,8,5706.TW:200:
adjusted_analysis,6005,TWSE,accepted,2022-07-11,2026-07-09,969,4,6005.TW:200:
adjusted_analysis,5871,TWSE,accepted,2022-07-11,2026-07-09,969,6,5871.TW:200:
adjusted_analysis,5880,TWSE,accepted,2022-07-11,2026-07-09,969,8,5880.TW:200:
adjusted_analysis,5904,TPEx,accepted,2022-07-11,2026-07-09,969,8,5904.TW:404:HTTP_404;5904.TWO:200:
adjusted_analysis,5536,TPEx,accepted,2022-07-11,2026-07-09,969,8,5536.TW:404:HTTP_404;5536.TWO:200:
adjusted_analysis,6015,TPEx,accepted,2022-07-11,2026-07-09,969,5,6015.TW:404:HTTP_404;6015.TWO:200:
adjusted_analysis,6016,TPEx,accepted,2022-07-11,2026-07-09,969,5,6016.TW:404:HTTP_404;6016.TWO:200:
adjusted_analysis,6117,TWSE,accepted,2022-07-11,2026-07-09,969,1,6117.TW:200:
adjusted_analysis,6104,TPEx,accepted,2022-07-11,2026-07-09,969,4,6104.TW:404:HTTP_404;6104.TWO:200:
adjusted_analysis,6112,TWSE,accepted,2022-07-11,2026-07-09,969,4,6112.TW:200:
adjusted_analysis,6122,TPEx,accepted,2022-07-11,2026-07-09,969,7,6122.TW:404:HTTP_404;6122.TWO:200:
adjusted_analysis,6125,TPEx,accepted,2022-07-11,2026-07-09,969,4,6125.TW:404:HTTP_404;6125.TWO:200:
adjusted_analysis,6026,TPEx,accepted,2022-07-11,2026-07-09,969,5,6026.TW:404:HTTP_404;6026.TWO:200:
adjusted_analysis,6111,TPEx,accepted,2022-07-11,2026-07-09,969,4,6111.TW:404:HTTP_404;6111.TWO:200:
adjusted_analysis,6139,TWSE,accepted,2022-07-11,2026-07-09,969,4,6139.TW:200:
adjusted_analysis,6126,TPEx,accepted,2022-07-11,2026-07-09,969,4,6126.TW:404:HTTP_404;6126.TWO:200:
adjusted_analysis,6138,TPEx,accepted,2022-07-11,2026-07-09,969,4,6138.TW:404:HTTP_404;6138.TWO:200:
adjusted_analysis,6121,TPEx,accepted,2022-07-11,2026-07-09,969,8,6121.TW:404:HTTP_404;6121.TWO:200:
adjusted_analysis,6140,TPEx,accepted,2022-07-11,2026-07-09,969,4,6140.TW:404:HTTP_404;6140.TWO:200:
adjusted_analysis,6143,TPEx,accepted,2022-07-11,2026-07-09,969,5,6143.TW:404:HTTP_404;6143.TWO:200:
adjusted_analysis,6155,TWSE,accepted,2022-07-11,2026-07-09,969,4,6155.TW:200:
adjusted_analysis,6165,TWSE,accepted,2022-07-11,2026-07-09,969,2,6165.TW:200:
adjusted_analysis,6146,TPEx,accepted,2022-07-11,2026-07-09,969,5,6146.TW:404:HTTP_404;6146.TWO:200:
adjusted_analysis,6147,TPEx,accepted,2022-07-11,2026-07-09,969,5,6147.TW:404:HTTP_404;6147.TWO:200:
adjusted_analysis,6151,TPEx,accepted,2022-07-11,2026-07-09,969,4,6151.TW:404:HTTP_404;6151.TWO:200:
adjusted_analysis,6150,TPEx,accepted,2022-07-11,2026-07-09,969,1,6150.TW:404:HTTP_404;6150.TWO:200:
adjusted_analysis,6156,TPEx,accepted,2022-07-11,2026-07-09,969,4,6156.TW:404:HTTP_404;6156.TWO:200:
adjusted_analysis,6148,TPEx,accepted,2022-07-11,2026-07-09,969,4,6148.TW:404:HTTP_404;6148.TWO:200:
adjusted_analysis,6168,TWSE,accepted,2022-07-11,2026-07-09,969,3,6168.TW:200:
adjusted_analysis,6177,TWSE,accepted,2022-07-11,2026-07-09,969,7,6177.TW:200:
adjusted_analysis,6173,TPEx,accepted,2022-07-11,2026-07-09,969,5,6173.TW:404:HTTP_404;6173.TWO:200:
adjusted_analysis,6176,TWSE,accepted,2022-07-11,2026-07-09,969,4,6176.TW:200:
adjusted_analysis,6182,TPEx,accepted,2022-07-11,2026-07-09,969,3,6182.TW:404:HTTP_404;6182.TWO:200:
adjusted_analysis,6179,TPEx,accepted,2022-07-11,2026-07-09,969,3,6179.TW:404:HTTP_404;6179.TWO:200:
adjusted_analysis,6189,TWSE,accepted,2022-07-11,2026-07-09,969,6,6189.TW:200:
adjusted_analysis,6175,TPEx,accepted,2022-07-11,2026-07-09,969,4,6175.TW:404:HTTP_404;6175.TWO:200:
adjusted_analysis,6191,TWSE,accepted,2022-07-11,2026-07-09,969,5,6191.TW:200:
adjusted_analysis,6196,TWSE,accepted,2022-07-11,2026-07-09,969,5,6196.TW:200:
adjusted_analysis,6190,TPEx,accepted,2022-07-11,2026-07-09,969,4,6190.TW:404:HTTP_404;6190.TWO:200:
adjusted_analysis,6202,TWSE,accepted,2022-07-11,2026-07-09,969,3,6202.TW:200:
adjusted_analysis,6197,TWSE,accepted,2022-07-11,2026-07-09,969,5,6197.TW:200:
adjusted_analysis,6187,TPEx,accepted,2022-07-11,2026-07-09,969,4,6187.TW:404:HTTP_404;6187.TWO:200:
adjusted_analysis,6188,TPEx,accepted,2022-07-11,2026-07-09,969,6,6188.TW:404:HTTP_404;6188.TWO:200:
adjusted_analysis,6206,TWSE,accepted,2022-07-11,2026-07-09,969,4,6206.TW:200:
adjusted_analysis,6213,TWSE,accepted,2022-07-11,2026-07-09,969,4,6213.TW:200:
adjusted_analysis,6209,TWSE,accepted,2022-07-11,2026-07-09,969,3,6209.TW:200:
adjusted_analysis,6207,TPEx,accepted,2022-07-11,2026-07-09,969,6,6207.TW:404:HTTP_404;6207.TWO:200:
adjusted_analysis,6214,TWSE,accepted,2022-07-11,2026-07-09,969,4,6214.TW:200:
adjusted_analysis,6203,TPEx,accepted,2022-07-11,2026-07-09,969,4,6203.TW:404:HTTP_404;6203.TWO:200:
adjusted_analysis,6215,TWSE,accepted,2022-07-11,2026-07-09,969,4,6215.TW:200:
adjusted_analysis,6204,TPEx,accepted,2022-07-11,2026-07-09,969,5,6204.TW:404:HTTP_404;6204.TWO:200:
adjusted_analysis,6223,TPEx,accepted,2022-07-11,2026-07-09,969,5,6223.TW:404:HTTP_404;6223.TWO:200:
adjusted_analysis,6235,TWSE,accepted,2022-07-11,2026-07-09,969,4,6235.TW:200:
adjusted_analysis,6231,TPEx,accepted,2022-07-11,2026-07-09,969,5,6231.TW:404:HTTP_404;6231.TWO:200:
adjusted_analysis,6227,TPEx,accepted,2022-07-11,2026-07-09,969,4,6227.TW:404:HTTP_404;6227.TWO:200:
adjusted_analysis,6243,TWSE,accepted,2022-07-11,2026-07-09,969,3,6243.TW:200:
adjusted_analysis,6239,TWSE,accepted,2022-07-11,2026-07-09,969,4,6239.TW:200:
adjusted_analysis,6257,TWSE,accepted,2022-07-11,2026-07-09,969,5,6257.TW:200:
adjusted_analysis,6269,TWSE,accepted,2022-07-11,2026-07-09,969,2,6269.TW:200:
adjusted_analysis,6244,TPEx,accepted,2022-07-11,2026-07-09,969,4,6244.TW:404:HTTP_404;6244.TWO:200:
adjusted_analysis,6271,TWSE,accepted,2022-07-11,2026-07-09,969,7,6271.TW:200:
adjusted_analysis,6261,TPEx,accepted,2022-07-11,2026-07-09,969,4,6261.TW:404:HTTP_404;6261.TWO:200:
adjusted_analysis,6245,TPEx,accepted,2022-07-11,2026-07-09,969,5,6245.TW:404:HTTP_404;6245.TWO:200:
adjusted_analysis,6265,TPEx,accepted,2022-07-11,2026-07-09,969,0,6265.TW:404:HTTP_404;6265.TWO:200:
adjusted_analysis,6275,TPEx,accepted,2022-07-11,2026-07-09,969,4,6275.TW:404:HTTP_404;6275.TWO:200:
adjusted_analysis,6274,TPEx,accepted,2022-07-11,2026-07-09,969,4,6274.TW:404:HTTP_404;6274.TWO:200:
adjusted_analysis,6282,TWSE,accepted,2022-07-11,2026-07-09,969,3,6282.TW:200:
adjusted_analysis,6278,TWSE,accepted,2022-07-11,2026-07-09,969,5,6278.TW:200:
adjusted_analysis,6285,TWSE,accepted,2022-07-11,2026-07-09,969,5,6285.TW:200:
adjusted_analysis,6276,TPEx,accepted,2022-07-11,2026-07-09,969,4,6276.TW:404:HTTP_404;6276.TWO:200:
adjusted_analysis,6409,TWSE,accepted,2022-07-11,2026-07-09,969,4,6409.TW:200:
adjusted_analysis,6279,TPEx,accepted,2022-07-11,2026-07-09,969,6,6279.TW:404:HTTP_404;6279.TWO:200:
adjusted_analysis,6412,TWSE,accepted,2022-07-11,2026-07-09,969,4,6412.TW:200:
adjusted_analysis,6288,TWSE,blocked_no_trusted_free_adjusted_history,,,0,0,6288.TW:404:HTTP_404;6288.TWO:200:
adjusted_analysis,6291,TPEx,accepted,2022-07-11,2026-07-09,969,5,6291.TW:404:HTTP_404;6291.TWO:200:
adjusted_analysis,6284,TPEx,accepted,2022-07-11,2026-07-09,969,5,6284.TW:404:HTTP_404;6284.TWO:200:
adjusted_analysis,6426,TWSE,accepted,2022-07-11,2026-07-09,969,4,6426.TW:200:
adjusted_analysis,6411,TPEx,accepted,2022-07-11,2026-07-09,969,4,6411.TW:404:HTTP_404;6411.TWO:200:
adjusted_analysis,6290,TPEx,accepted,2022-07-11,2026-07-09,969,4,6290.TW:404:HTTP_404;6290.TWO:200:
adjusted_analysis,6414,TWSE,accepted,2022-07-11,2026-07-09,969,5,6414.TW:200:
adjusted_analysis,6442,TWSE,accepted,2022-07-11,2026-07-09,969,4,6442.TW:200:
adjusted_analysis,6435,TPEx,accepted,2022-07-11,2026-07-09,969,5,6435.TW:404:HTTP_404;6435.TWO:200:
adjusted_analysis,6415,TWSE,accepted,2022-07-11,2026-07-09,969,6,6415.TW:200:
adjusted_analysis,6446,TPEx,accepted,2022-07-11,2026-07-09,969,4,6446.TW:200:
adjusted_analysis,6425,TPEx,accepted,2022-07-11,2026-07-09,969,5,6425.TW:404:HTTP_404;6425.TWO:200:
adjusted_analysis,6438,TWSE,accepted,2022-07-11,2026-07-09,969,7,6438.TW:200:
adjusted_analysis,6449,TWSE,accepted,2022-07-11,2026-07-09,969,5,6449.TW:200:
adjusted_analysis,6469,TPEx,accepted,2022-07-11,2026-07-09,969,7,6469.TW:404:HTTP_404;6469.TWO:200:
adjusted_analysis,6451,TWSE,accepted,2022-07-11,2026-07-09,969,4,6451.TW:200:
adjusted_analysis,6470,TPEx,accepted,2022-07-11,2026-07-09,969,3,6470.TW:404:HTTP_404;6470.TWO:200:
adjusted_analysis,6472,TPEx,accepted,2022-07-11,2026-07-09,969,6,6472.TW:200:
adjusted_analysis,6491,TWSE,accepted,2022-07-11,2026-07-09,969,3,6491.TW:200:
adjusted_analysis,6485,TPEx,accepted,2022-07-11,2026-07-09,969,4,6485.TW:404:HTTP_404;6485.TWO:200:
adjusted_analysis,6488,TPEx,accepted,2022-07-11,2026-07-09,969,8,6488.TW:404:HTTP_404;6488.TWO:200:
adjusted_analysis,6505,TWSE,accepted,2022-07-11,2026-07-09,969,4,6505.TW:200:
adjusted_analysis,6515,TWSE,accepted,2022-07-11,2026-07-09,969,3,6515.TW:200:
adjusted_analysis,6510,TPEx,accepted,2022-07-11,2026-07-09,969,4,6510.TW:404:HTTP_404;6510.TWO:200:
adjusted_analysis,6531,TWSE,accepted,2022-07-11,2026-07-09,969,4,6531.TW:200:
adjusted_analysis,6525,TWSE,accepted,2022-07-11,2026-07-09,969,5,6525.TW:200:
adjusted_analysis,6517,TPEx,accepted,2022-07-11,2026-07-09,969,3,6517.TW:404:HTTP_404;6517.TWO:200:
adjusted_analysis,6526,TWSE,accepted,2022-07-11,2026-07-09,969,4,6526.TW:200:
adjusted_analysis,6530,TPEx,accepted,2022-07-11,2026-07-09,969,4,6530.TW:404:HTTP_404;6530.TWO:200:
adjusted_analysis,6533,TWSE,accepted,2022-07-11,2026-07-09,969,1,6533.TW:200:
adjusted_analysis,6546,TPEx,accepted,2022-07-11,2026-07-09,969,4,6546.TW:404:HTTP_404;6546.TWO:200:
adjusted_analysis,6558,TWSE,accepted,2022-07-11,2026-07-09,969,1,6558.TW:200:
adjusted_analysis,6561,TPEx,accepted,2022-07-11,2026-07-09,969,6,6561.TW:404:HTTP_404;6561.TWO:200:
adjusted_analysis,6579,TWSE,accepted,2022-07-11,2026-07-09,969,5,6579.TW:200:
adjusted_analysis,6548,TPEx,accepted,2022-07-11,2026-07-09,969,15,6548.TW:404:HTTP_404;6548.TWO:200:
adjusted_analysis,6591,TWSE,accepted,2022-07-11,2026-07-09,969,4,6591.TW:200:
adjusted_analysis,6585,TWSE,accepted,2022-07-11,2026-07-09,969,4,6585.TW:200:
adjusted_analysis,6538,TPEx,accepted,2022-07-11,2026-07-09,969,5,6538.TW:404:HTTP_404;6538.TWO:200:
adjusted_analysis,6584,TPEx,accepted,2022-07-11,2026-07-09,969,4,6584.TW:404:HTTP_404;6584.TWO:200:
adjusted_analysis,6605,TWSE,accepted,2022-07-11,2026-07-09,969,5,6605.TW:200:
adjusted_analysis,6596,TPEx,accepted,2022-07-11,2026-07-09,969,4,6596.TW:404:HTTP_404;6596.TWO:200:
adjusted_analysis,6609,TPEx,accepted,2022-07-11,2026-07-09,969,4,6609.TW:404:HTTP_404;6609.TWO:200:
adjusted_analysis,6658,TWSE,accepted,2022-07-11,2026-07-09,969,5,6658.TW:200:
adjusted_analysis,6625,TWSE,accepted,2022-07-11,2026-07-09,969,4,6625.TW:200:
adjusted_analysis,6593,TPEx,accepted,2022-07-11,2026-07-09,969,4,6593.TW:404:HTTP_404;6593.TWO:200:
adjusted_analysis,6603,TPEx,accepted,2022-07-11,2026-07-09,969,6,6603.TW:404:HTTP_404;6603.TWO:200:
adjusted_analysis,6664,TPEx,accepted,2022-07-11,2026-07-09,969,4,6664.TW:404:HTTP_404;6664.TWO:200:
adjusted_analysis,6643,TPEx,accepted,2022-07-11,2026-07-09,969,5,6643.TW:404:HTTP_404;6643.TWO:200:
adjusted_analysis,6669,TWSE,accepted,2022-07-11,2026-07-09,969,5,6669.TW:200:
adjusted_analysis,6670,TWSE,accepted,2022-07-11,2026-07-09,969,5,6670.TW:200:
adjusted_analysis,6640,TPEx,accepted,2022-07-11,2026-07-09,969,5,6640.TW:404:HTTP_404;6640.TWO:200:
adjusted_analysis,6667,TPEx,accepted,2022-07-11,2026-07-09,969,4,6667.TW:404:HTTP_404;6667.TWO:200:
adjusted_analysis,6672,TWSE,accepted,2022-07-11,2026-07-09,969,4,6672.TW:200:
adjusted_analysis,6689,TWSE,accepted,2022-07-11,2026-07-09,969,4,6689.TW:200:
adjusted_analysis,6691,TWSE,accepted,2022-07-11,2026-07-09,969,7,6691.TW:200:
adjusted_analysis,6715,TWSE,accepted,2022-07-11,2026-07-09,969,5,6715.TW:200:
adjusted_analysis,6683,TPEx,accepted,2022-07-11,2026-07-09,969,5,6683.TW:404:HTTP_404;6683.TWO:200:
adjusted_analysis,6719,TWSE,accepted,2022-07-11,2026-07-09,969,4,6719.TW:200:
adjusted_analysis,6679,TPEx,accepted,2022-07-11,2026-07-09,969,4,6679.TW:404:HTTP_404;6679.TWO:200:
adjusted_analysis,6725,TPEx,accepted,2023-01-09,2026-07-09,842,3,6725.TW:404:HTTP_404;6725.TWO:200:
adjusted_analysis,6732,TPEx,accepted,2022-07-11,2026-07-09,969,4,6732.TW:404:HTTP_404;6732.TWO:200:
adjusted_analysis,6727,TPEx,accepted,2022-07-11,2026-07-09,969,4,6727.TW:404:HTTP_404;6727.TWO:200:
adjusted_analysis,6703,TPEx,accepted,2022-07-11,2026-07-09,969,10,6703.TW:404:HTTP_404;6703.TWO:200:
adjusted_analysis,6739,TPEx,accepted,2022-07-11,2026-07-09,969,4,6739.TW:404:HTTP_404;6739.TWO:200:
adjusted_analysis,6712,TPEx,accepted,2022-07-11,2026-07-09,969,8,6712.TW:404:HTTP_404;6712.TWO:200:
adjusted_analysis,6756,TWSE,accepted,2022-07-11,2026-07-09,969,4,6756.TW:200:
adjusted_analysis,6757,TWSE,accepted,2022-07-11,2026-07-09,969,1,6757.TW:200:
adjusted_analysis,6753,TWSE,accepted,2022-07-11,2026-07-09,969,6,6753.TW:200:
adjusted_analysis,6742,TWSE,accepted,2022-07-11,2026-07-09,969,5,6742.TW:200:
adjusted_analysis,6768,TWSE,accepted,2022-07-11,2026-07-09,969,4,6768.TW:200:
adjusted_analysis,6763,TPEx,accepted,2022-07-11,2026-07-09,969,10,6763.TW:404:HTTP_404;6763.TWO:200:
adjusted_analysis,6770,TWSE,accepted,2022-07-11,2026-07-09,969,2,6770.TW:200:
adjusted_analysis,6781,TWSE,accepted,2022-07-11,2026-07-09,969,5,6781.TW:200:
adjusted_analysis,6782,TWSE,accepted,2022-07-11,2026-07-09,969,4,6782.TW:200:
adjusted_analysis,6799,TWSE,accepted,2022-07-11,2026-07-09,969,4,6799.TW:200:
adjusted_analysis,6796,TWSE,accepted,2022-07-11,2026-07-09,969,4,6796.TW:200:
adjusted_analysis,6761,TPEx,accepted,2022-07-11,2026-07-09,969,7,6761.TW:404:HTTP_404;6761.TWO:200:
adjusted_analysis,6752,TPEx,accepted,2022-07-11,2026-07-09,969,8,6752.TW:404:HTTP_404;6752.TWO:200:
adjusted_analysis,6805,TWSE,accepted,2022-07-11,2026-07-09,969,3,6805.TW:200:
adjusted_analysis,6789,TWSE,accepted,2022-07-11,2026-07-09,969,5,6789.TW:200:
adjusted_analysis,6788,TPEx,accepted,2022-07-11,2026-07-09,969,5,6788.TW:404:HTTP_404;6788.TWO:200:
adjusted_analysis,6806,TWSE,blocked_no_trusted_free_adjusted_history,,,0,0,6806.TW:200:;6806.TWO:404:HTTP_404
adjusted_analysis,6831,TWSE,accepted,2022-07-11,2026-07-09,969,6,6831.TW:200:
adjusted_analysis,6830,TWSE,accepted,2022-07-11,2026-07-09,969,5,6830.TW:200:
adjusted_analysis,6811,TPEx,accepted,2022-07-11,2026-07-09,969,4,6811.TW:404:HTTP_404;6811.TWO:200:
adjusted_analysis,6829,TPEx,accepted,2022-07-11,2026-07-09,969,5,6829.TW:404:HTTP_404;6829.TWO:200:
adjusted_analysis,6863,TWSE,accepted,2023-03-23,2026-07-09,799,3,6863.TW:200:
adjusted_analysis,6873,TWSE,accepted,2022-07-11,2026-07-09,969,6,6873.TW:200:
adjusted_analysis,6841,TPEx,accepted,2022-07-11,2026-07-09,969,4,6841.TW:404:HTTP_404;6841.TWO:200:
adjusted_analysis,6890,TWSE,accepted,2024-06-12,2026-07-09,503,2,6890.TW:200:
adjusted_analysis,6937,TWSE,accepted,2023-03-30,2026-07-09,794,4,6937.TW:200:
adjusted_analysis,6877,TPEx,accepted,2022-07-11,2026-07-09,969,6,6877.TW:404:HTTP_404;6877.TWO:200:
adjusted_analysis,6944,TWSE,accepted,2023-04-27,2026-07-09,777,4,6944.TW:200:
adjusted_analysis,6962,TWSE,accepted,2024-11-26,2026-07-09,391,1,6962.TW:200:
adjusted_analysis,6913,TPEx,accepted,2022-10-06,2026-07-09,895,6,6913.TW:404:HTTP_404;6913.TWO:200:
adjusted_analysis,6903,TPEx,accepted,2022-07-19,2026-07-09,963,5,6903.TW:404:HTTP_404;6903.TWO:200:
adjusted_analysis,6894,TPEx,accepted,2022-08-01,2026-07-09,954,4,6894.TW:404:HTTP_404;6894.TWO:200:
adjusted_analysis,7722,TWSE,accepted,2024-01-26,2026-07-09,589,2,7722.TW:200:
adjusted_analysis,7610,TWSE,accepted,2023-03-16,2026-07-09,804,6,7610.TW:200:
adjusted_analysis,7749,TWSE,accepted,2025-06-13,2026-07-09,261,0,7749.TW:200:
adjusted_analysis,7402,TPEx,accepted,2022-07-11,2026-07-09,969,6,7402.TW:404:HTTP_404;7402.TWO:200:
adjusted_analysis,7750,TWSE,accepted,2024-06-18,2026-07-09,499,2,7750.TW:200:
adjusted_analysis,7744,TPEx,accepted,2024-09-25,2026-07-09,431,2,7744.TW:404:HTTP_404;7744.TWO:200:
adjusted_analysis,7734,TPEx,accepted,2024-03-14,2026-07-09,563,4,7734.TW:404:HTTP_404;7734.TWO:200:
adjusted_analysis,7795,TWSE,accepted,2024-12-09,2026-07-09,382,2,7795.TW:200:
adjusted_analysis,7769,TWSE,accepted,2024-11-01,2026-07-09,408,1,7769.TW:200:
adjusted_analysis,7728,TPEx,accepted,2024-03-18,2026-07-09,561,3,7728.TW:404:HTTP_404;7728.TWO:200:
adjusted_analysis,7751,TPEx,accepted,2024-06-13,2026-07-09,502,3,7751.TW:404:HTTP_404;7751.TWO:200:
adjusted_analysis,8011,TWSE,accepted,2022-07-11,2026-07-09,969,2,8011.TW:200:
adjusted_analysis,8021,TWSE,accepted,2022-07-11,2026-07-09,969,4,8021.TW:200:
adjusted_analysis,8028,TWSE,accepted,2022-07-11,2026-07-09,969,6,8028.TW:200:
adjusted_analysis,8016,TWSE,accepted,2022-07-11,2026-07-09,969,5,8016.TW:200:
adjusted_analysis,8033,TWSE,accepted,2022-07-11,2026-07-09,969,0,8033.TW:200:
adjusted_analysis,8032,TPEx,accepted,2022-07-11,2026-07-09,969,5,8032.TW:404:HTTP_404;8032.TWO:200:
adjusted_analysis,8039,TWSE,accepted,2022-07-11,2026-07-09,969,6,8039.TW:200:
adjusted_analysis,8046,TWSE,accepted,2022-07-11,2026-07-09,969,4,8046.TW:200:
adjusted_analysis,8042,TPEx,accepted,2022-07-11,2026-07-09,969,4,8042.TW:404:HTTP_404;8042.TWO:200:
adjusted_analysis,8043,TPEx,accepted,2022-07-11,2026-07-09,969,4,8043.TW:404:HTTP_404;8043.TWO:200:
adjusted_analysis,8034,TPEx,accepted,2022-07-11,2026-07-09,969,6,8034.TW:404:HTTP_404;8034.TWO:200:
adjusted_analysis,8040,TPEx,accepted,2022-07-11,2026-07-09,969,1,8040.TW:404:HTTP_404;8040.TWO:200:
adjusted_analysis,8050,TPEx,accepted,2022-07-11,2026-07-09,969,4,8050.TW:404:HTTP_404;8050.TWO:200:
adjusted_analysis,8064,TPEx,accepted,2022-07-11,2026-07-09,969,4,8064.TW:404:HTTP_404;8064.TWO:200:
adjusted_analysis,8070,TWSE,accepted,2022-07-11,2026-07-09,969,8,8070.TW:200:
adjusted_analysis,8048,TPEx,accepted,2022-07-11,2026-07-09,969,5,8048.TW:404:HTTP_404;8048.TWO:200:
adjusted_analysis,8072,TWSE,accepted,2022-07-11,2026-07-09,969,5,8072.TW:200:
adjusted_analysis,8081,TWSE,accepted,2022-07-11,2026-07-09,969,4,8081.TW:200:
adjusted_analysis,8069,TPEx,accepted,2022-07-11,2026-07-09,969,4,8069.TW:404:HTTP_404;8069.TWO:200:
adjusted_analysis,8074,TPEx,accepted,2022-07-11,2026-07-09,969,4,8074.TW:404:HTTP_404;8074.TWO:200:
adjusted_analysis,8088,TPEx,accepted,2022-07-11,2026-07-09,969,4,8088.TW:404:HTTP_404;8088.TWO:200:
adjusted_analysis,8086,TPEx,accepted,2022-07-11,2026-07-09,969,2,8086.TW:404:HTTP_404;8086.TWO:200:
adjusted_analysis,8076,TPEx,accepted,2022-07-11,2026-07-09,969,6,8076.TW:404:HTTP_404;8076.TWO:200:
adjusted_analysis,8091,TPEx,accepted,2022-07-11,2026-07-09,969,5,8091.TW:404:HTTP_404;8091.TWO:200:
adjusted_analysis,8103,TWSE,accepted,2022-07-11,2026-07-09,969,7,8103.TW:200:
adjusted_analysis,8096,TPEx,accepted,2022-07-11,2026-07-09,969,5,8096.TW:404:HTTP_404;8096.TWO:200:
adjusted_analysis,8112,TWSE,accepted,2022-07-11,2026-07-09,969,5,8112.TW:200:
adjusted_analysis,8110,TWSE,accepted,2022-07-11,2026-07-09,969,5,8110.TW:200:
adjusted_analysis,8089,TPEx,accepted,2022-07-11,2026-07-09,969,4,8089.TW:404:HTTP_404;8089.TWO:200:
adjusted_analysis,8150,TWSE,accepted,2022-07-11,2026-07-09,969,4,8150.TW:200:
adjusted_analysis,8131,TWSE,accepted,2022-07-11,2026-07-09,969,4,8131.TW:200:
adjusted_analysis,8114,TWSE,accepted,2022-07-11,2026-07-09,969,4,8114.TW:200:
adjusted_analysis,8111,TPEx,accepted,2022-07-11,2026-07-09,969,4,8111.TW:404:HTTP_404;8111.TWO:200:
adjusted_analysis,8210,TWSE,accepted,2022-07-11,2026-07-09,969,4,8210.TW:200:
adjusted_analysis,8222,TWSE,accepted,2022-07-11,2026-07-09,969,2,8222.TW:200:
adjusted_analysis,8155,TPEx,accepted,2022-07-11,2026-07-09,969,5,8155.TW:404:HTTP_404;8155.TWO:200:
adjusted_analysis,8249,TWSE,accepted,2022-07-11,2026-07-09,969,6,8249.TW:200:
adjusted_analysis,8227,TPEx,accepted,2022-07-11,2026-07-09,969,4,8227.TW:404:HTTP_404;8227.TWO:200:
adjusted_analysis,8147,TPEx,accepted,2022-07-11,2026-07-09,969,5,8147.TW:404:HTTP_404;8147.TWO:200:
adjusted_analysis,8234,TPEx,accepted,2022-07-11,2026-07-09,969,4,8234.TW:404:HTTP_404;8234.TWO:200:
adjusted_analysis,8255,TPEx,accepted,2022-07-11,2026-07-09,969,4,8255.TW:404:HTTP_404;8255.TWO:200:
adjusted_analysis,8271,TWSE,accepted,2022-07-11,2026-07-09,969,4,8271.TW:200:
adjusted_analysis,8261,TWSE,accepted,2022-07-11,2026-07-09,969,4,8261.TW:200:
adjusted_analysis,8374,TWSE,accepted,2022-07-11,2026-07-09,969,5,8374.TW:200:
adjusted_analysis,8422,TWSE,accepted,2022-07-11,2026-07-09,969,5,8422.TW:200:
adjusted_analysis,8289,TPEx,accepted,2022-07-11,2026-07-09,969,5,8289.TW:404:HTTP_404;8289.TWO:200:
adjusted_analysis,8358,TPEx,accepted,2022-07-11,2026-07-09,969,4,8358.TW:404:HTTP_404;8358.TWO:200:
adjusted_analysis,8390,TPEx,accepted,2022-07-11,2026-07-09,969,6,8390.TW:404:HTTP_404;8390.TWO:200:
adjusted_analysis,8467,TWSE,accepted,2022-07-11,2026-07-09,969,4,8467.TW:200:
adjusted_analysis,8454,TWSE,accepted,2022-07-11,2026-07-09,969,7,8454.TW:200:
adjusted_analysis,8299,TPEx,accepted,2022-07-11,2026-07-09,969,8,8299.TW:404:HTTP_404;8299.TWO:200:
adjusted_analysis,8478,TWSE,accepted,2022-07-11,2026-07-09,969,4,8478.TW:200:
adjusted_analysis,8926,TWSE,accepted,2022-07-11,2026-07-09,969,6,8926.TW:200:
adjusted_analysis,8464,TWSE,accepted,2022-07-11,2026-07-09,969,4,8464.TW:200:
adjusted_analysis,8436,TPEx,accepted,2022-07-11,2026-07-09,969,4,8436.TW:404:HTTP_404;8436.TWO:200:
adjusted_analysis,8932,TPEx,accepted,2022-07-11,2026-07-09,969,6,8932.TW:404:HTTP_404;8932.TWO:200:
adjusted_analysis,9105,TWSE,accepted,2022-07-11,2026-07-09,969,9,9105.TW:200:
adjusted_analysis,9802,TWSE,accepted,2022-07-11,2026-07-09,969,8,9802.TW:200:
adjusted_analysis,8927,TPEx,accepted,2022-07-11,2026-07-09,969,8,8927.TW:404:HTTP_404;8927.TWO:200:
adjusted_analysis,8996,TWSE,accepted,2022-07-11,2026-07-09,969,4,8996.TW:200:
adjusted_analysis,9904,TWSE,accepted,2022-07-11,2026-07-09,969,5,9904.TW:200:
adjusted_analysis,9917,TWSE,accepted,2022-07-11,2026-07-09,969,4,9917.TW:200:
adjusted_analysis,9907,TWSE,accepted,2022-07-11,2026-07-09,969,4,9907.TW:200:
adjusted_analysis,9910,TWSE,accepted,2022-07-11,2026-07-09,969,6,9910.TW:200:
adjusted_analysis,9914,TWSE,accepted,2022-07-11,2026-07-09,969,4,9914.TW:200:
adjusted_analysis,9921,TWSE,accepted,2022-07-11,2026-07-09,969,4,9921.TW:200:
adjusted_analysis,8936,TPEx,accepted,2022-07-11,2026-07-09,969,4,8936.TW:404:HTTP_404;8936.TWO:200:
adjusted_analysis,9933,TWSE,accepted,2022-07-11,2026-07-09,969,4,9933.TW:200:
adjusted_analysis,9938,TWSE,accepted,2022-07-11,2026-07-09,969,4,9938.TW:200:
adjusted_analysis,9945,TWSE,accepted,2022-07-11,2026-07-09,969,7,9945.TW:200:
adjusted_analysis,9958,TWSE,accepted,2022-07-11,2026-07-09,969,4,9958.TW:200:
adjusted_analysis,9939,TWSE,accepted,2022-07-11,2026-07-09,969,4,9939.TW:200:
adjusted_analysis,9941,TWSE,accepted,2022-07-11,2026-07-09,969,7,9941.TW:200:
adjusted_analysis,1704,TWSE,blocked_no_trusted_free_adjusted_history,,,0,0,1704.TW:200:;1704.TWO:404:HTTP_404
adjusted_analysis,2311,TWSE,blocked_no_trusted_free_adjusted_history,,,0,0,2311.TW:200:;2311.TWO:404:HTTP_404
adjusted_analysis,2325,TWSE,blocked_no_trusted_free_adjusted_history,,,0,0,2325.TW:200:;2325.TWO:404:HTTP_404
adjusted_analysis,2448,TWSE,blocked_no_trusted_free_adjusted_history,,,0,0,2448.TW:404:HTTP_404;2448.TWO:404:HTTP_404
adjusted_analysis,2809,TWSE,blocked_no_trusted_free_adjusted_history,,,0,0,2809.TW:404:HTTP_404;2809.TWO:404:HTTP_404
adjusted_analysis,2456,TWSE,blocked_no_trusted_free_adjusted_history,,,0,0,2456.TW:404:HTTP_404;2456.TWO:404:HTTP_404
adjusted_analysis,2823,TWSE,blocked_no_trusted_free_adjusted_history,,,0,0,2823.TW:404:HTTP_404;2823.TWO:404:HTTP_404
adjusted_analysis,2888,TWSE,blocked_no_trusted_free_adjusted_history,,,0,0,2888.TW:404:HTTP_404;2888.TWO:404:HTTP_404
adjusted_analysis,3698,TWSE,blocked_no_trusted_free_adjusted_history,,,0,0,3698.TW:404:HTTP_404;3698.TWO:404:HTTP_404
adjusted_analysis,5264,TWSE,blocked_no_trusted_free_adjusted_history,,,0,0,5264.TW:404:HTTP_404;5264.TWO:404:HTTP_404
adjusted_analysis,6288,TWSE,blocked_no_trusted_free_adjusted_history,,,0,0,6288.TW:404:HTTP_404;6288.TWO:200:
adjusted_analysis,6806,TWSE,blocked_no_trusted_free_adjusted_history,,,0,0,6806.TW:200:;6806.TWO:404:HTTP_404
