ticker,name,market,selected_signal_rows,required_start,required_end_with_exit_buffer,row_count,first_date,last_date,required_trading_date_count,missing_trading_date_count,unadjusted_open_close_path_ready,adjusted_close_available,adjusted_close_path_ready,source_quality,blocked_reason
1101,台泥,TWSE,0,2024-01-02,2026-06-05,583,2024-01-02,2026-06-05,586,3,false,false,false,official_unadjusted_ohlcv_pit_daily_full_sweep_shard,missing_unadjusted_trading_dates_or_no_rows
1216,統一,TWSE,0,2024-01-02,2026-06-05,584,2024-01-02,2026-06-05,586,2,false,false,false,official_unadjusted_ohlcv_pit_daily_full_sweep_shard,missing_unadjusted_trading_dates_or_no_rows
1301,台塑,TWSE,0,2024-01-02,2026-06-05,584,2024-01-02,2026-06-05,586,2,false,false,false,official_unadjusted_ohlcv_pit_daily_full_sweep_shard,missing_unadjusted_trading_dates_or_no_rows
1303,南亞,TWSE,0,2024-01-02,2026-06-05,584,2024-01-02,2026-06-05,586,2,false,false,false,official_unadjusted_ohlcv_pit_daily_full_sweep_shard,missing_unadjusted_trading_dates_or_no_rows
1308,亞聚,TWSE,0,2024-01-02,2026-06-05,584,2024-01-02,2026-06-05,586,2,false,false,false,official_unadjusted_ohlcv_pit_daily_full_sweep_shard,missing_unadjusted_trading_dates_or_no_rows
1314,中石化,TWSE,0,2024-01-02,2026-06-05,583,2024-01-02,2026-06-05,586,3,false,false,false,official_unadjusted_ohlcv_pit_daily_full_sweep_shard,missing_unadjusted_trading_dates_or_no_rows
1444,力麗,TWSE,0,2024-01-02,2026-06-05,584,2024-01-02,2026-06-05,586,2,false,false,false,official_unadjusted_ohlcv_pit_daily_full_sweep_shard,missing_unadjusted_trading_dates_or_no_rows
1452,宏益,TWSE,0,2024-01-02,2026-06-05,584,2024-01-02,2026-06-05,586,2,false,false,false,official_unadjusted_ohlcv_pit_daily_full_sweep_shard,missing_unadjusted_trading_dates_or_no_rows
1457,宜進,TWSE,0,2024-01-02,2026-06-05,584,2024-01-02,2026-06-05,586,2,false,false,false,official_unadjusted_ohlcv_pit_daily_full_sweep_shard,missing_unadjusted_trading_dates_or_no_rows
1464,得力,TWSE,0,2024-01-02,2026-06-05,584,2024-01-02,2026-06-05,586,2,false,false,false,official_unadjusted_ohlcv_pit_daily_full_sweep_shard,missing_unadjusted_trading_dates_or_no_rows
1503,士電,TWSE,3,2024-01-02,2026-06-05,584,2024-01-02,2026-06-05,586,2,false,false,false,official_unadjusted_ohlcv_pit_daily_full_sweep_shard,missing_unadjusted_trading_dates_or_no_rows
1504,東元,TWSE,3,2024-01-02,2026-06-05,583,2024-01-02,2026-06-05,586,3,false,false,false,official_unadjusted_ohlcv_pit_daily_full_sweep_shard,missing_unadjusted_trading_dates_or_no_rows
1513,中興電,TWSE,0,2024-01-02,2026-06-05,584,2024-01-02,2026-06-05,586,2,false,false,false,official_unadjusted_ohlcv_pit_daily_full_sweep_shard,missing_unadjusted_trading_dates_or_no_rows
1514,亞力,TWSE,3,2024-01-02,2026-06-05,584,2024-01-02,2026-06-05,586,2,false,false,false,official_unadjusted_ohlcv_pit_daily_full_sweep_shard,missing_unadjusted_trading_dates_or_no_rows
1515,力山,TWSE,0,2024-01-02,2026-06-05,584,2024-01-02,2026-06-05,586,2,false,false,false,official_unadjusted_ohlcv_pit_daily_full_sweep_shard,missing_unadjusted_trading_dates_or_no_rows
1519,華城,TWSE,3,2024-01-02,2026-06-05,584,2024-01-02,2026-06-05,586,2,false,false,false,official_unadjusted_ohlcv_pit_daily_full_sweep_shard,missing_unadjusted_trading_dates_or_no_rows
1522,堤維西,TWSE,0,2024-01-02,2026-06-05,584,2024-01-02,2026-06-05,586,2,false,false,false,official_unadjusted_ohlcv_pit_daily_full_sweep_shard,missing_unadjusted_trading_dates_or_no_rows
1526,日馳,TWSE,0,2024-01-02,2026-06-05,584,2024-01-02,2026-06-05,586,2,false,false,false,official_unadjusted_ohlcv_pit_daily_full_sweep_shard,missing_unadjusted_trading_dates_or_no_rows
1527,鑽全,TWSE,0,2024-01-02,2026-06-05,584,2024-01-02,2026-06-05,586,2,false,false,false,official_unadjusted_ohlcv_pit_daily_full_sweep_shard,missing_unadjusted_trading_dates_or_no_rows
1536,和大,TWSE,0,2024-01-02,2026-06-05,584,2024-01-02,2026-06-05,586,2,false,false,false,official_unadjusted_ohlcv_pit_daily_full_sweep_shard,missing_unadjusted_trading_dates_or_no_rows
1560,中砂,TWSE,6,2024-01-02,2026-06-05,584,2024-01-02,2026-06-05,586,2,false,false,false,official_unadjusted_ohlcv_pit_daily_full_sweep_shard,missing_unadjusted_trading_dates_or_no_rows
1569,濱川,TPEx,0,2024-01-02,2026-06-05,585,2024-01-02,2026-06-05,586,1,false,false,false,official_unadjusted_ohlcv_pit_daily_full_sweep_shard,missing_unadjusted_trading_dates_or_no_rows
1589,永冠-KY,TWSE,0,2024-01-02,2026-06-05,541,2024-01-02,2026-04-02,586,45,false,false,false,official_unadjusted_ohlcv_pit_daily_full_sweep_shard,missing_unadjusted_trading_dates_or_no_rows
1590,亞德客-KY,TWSE,0,2024-01-02,2026-06-05,584,2024-01-02,2026-06-05,586,2,false,false,false,official_unadjusted_ohlcv_pit_daily_full_sweep_shard,missing_unadjusted_trading_dates_or_no_rows
1597,直得,TWSE,3,2024-01-02,2026-06-05,582,2024-01-02,2026-06-05,586,4,false,false,false,official_unadjusted_ohlcv_pit_daily_full_sweep_shard,missing_unadjusted_trading_dates_or_no_rows
1599,宏佳騰,TPEx,0,2024-01-02,2026-06-05,585,2024-01-02,2026-06-05,586,1,false,false,false,official_unadjusted_ohlcv_pit_daily_full_sweep_shard,missing_unadjusted_trading_dates_or_no_rows
1605,華新,TWSE,0,2024-01-02,2026-06-05,584,2024-01-02,2026-06-05,586,2,false,false,false,official_unadjusted_ohlcv_pit_daily_full_sweep_shard,missing_unadjusted_trading_dates_or_no_rows
1608,華榮,TWSE,3,2024-01-02,2026-06-05,584,2024-01-02,2026-06-05,586,2,false,false,false,official_unadjusted_ohlcv_pit_daily_full_sweep_shard,missing_unadjusted_trading_dates_or_no_rows
1609,大亞,TWSE,0,2024-01-02,2026-06-05,584,2024-01-02,2026-06-05,586,2,false,false,false,official_unadjusted_ohlcv_pit_daily_full_sweep_shard,missing_unadjusted_trading_dates_or_no_rows
1707,葡萄王,TWSE,0,2024-01-02,2026-06-05,584,2024-01-02,2026-06-05,586,2,false,false,false,official_unadjusted_ohlcv_pit_daily_full_sweep_shard,missing_unadjusted_trading_dates_or_no_rows
1711,永光,TWSE,0,2024-01-02,2026-06-05,584,2024-01-02,2026-06-05,586,2,false,false,false,official_unadjusted_ohlcv_pit_daily_full_sweep_shard,missing_unadjusted_trading_dates_or_no_rows
1720,生達,TWSE,0,2024-01-02,2026-06-05,584,2024-01-02,2026-06-05,586,2,false,false,false,official_unadjusted_ohlcv_pit_daily_full_sweep_shard,missing_unadjusted_trading_dates_or_no_rows
1727,中華化,TWSE,0,2024-01-02,2026-06-05,584,2024-01-02,2026-06-05,586,2,false,false,false,official_unadjusted_ohlcv_pit_daily_full_sweep_shard,missing_unadjusted_trading_dates_or_no_rows
1732,毛寶,TWSE,0,2024-01-02,2026-06-05,584,2024-01-02,2026-06-05,586,2,false,false,false,official_unadjusted_ohlcv_pit_daily_full_sweep_shard,missing_unadjusted_trading_dates_or_no_rows
1737,臺鹽,TWSE,0,2024-01-02,2026-06-05,584,2024-01-02,2026-06-05,586,2,false,false,false,official_unadjusted_ohlcv_pit_daily_full_sweep_shard,missing_unadjusted_trading_dates_or_no_rows
1760,寶齡富錦,TWSE,0,2024-01-02,2026-06-05,582,2024-01-02,2026-06-05,586,4,false,false,false,official_unadjusted_ohlcv_pit_daily_full_sweep_shard,missing_unadjusted_trading_dates_or_no_rows
1762,中化生,TWSE,0,2024-01-02,2026-06-05,584,2024-01-02,2026-06-05,586,2,false,false,false,official_unadjusted_ohlcv_pit_daily_full_sweep_shard,missing_unadjusted_trading_dates_or_no_rows
1785,光洋科,TPEx,12,2024-01-02,2026-06-05,585,2024-01-02,2026-06-05,586,1,false,false,false,official_unadjusted_ohlcv_pit_daily_full_sweep_shard,missing_unadjusted_trading_dates_or_no_rows
2002,中鋼,TWSE,0,2024-01-02,2026-06-05,584,2024-01-02,2026-06-05,586,2,false,false,false,official_unadjusted_ohlcv_pit_daily_full_sweep_shard,missing_unadjusted_trading_dates_or_no_rows
2006,東和鋼鐵,TWSE,0,2024-01-02,2026-06-05,584,2024-01-02,2026-06-05,586,2,false,false,false,official_unadjusted_ohlcv_pit_daily_full_sweep_shard,missing_unadjusted_trading_dates_or_no_rows
2007,燁興,TWSE,0,2024-01-02,2026-06-05,584,2024-01-02,2026-06-05,586,2,false,false,false,official_unadjusted_ohlcv_pit_daily_full_sweep_shard,missing_unadjusted_trading_dates_or_no_rows
2009,第一銅,TWSE,0,2024-01-02,2026-06-05,584,2024-01-02,2026-06-05,586,2,false,false,false,official_unadjusted_ohlcv_pit_daily_full_sweep_shard,missing_unadjusted_trading_dates_or_no_rows
2013,中鋼構,TWSE,0,2024-01-02,2026-06-05,584,2024-01-02,2026-06-05,586,2,false,false,false,official_unadjusted_ohlcv_pit_daily_full_sweep_shard,missing_unadjusted_trading_dates_or_no_rows
2014,中鴻,TWSE,0,2024-01-02,2026-06-05,584,2024-01-02,2026-06-05,586,2,false,false,false,official_unadjusted_ohlcv_pit_daily_full_sweep_shard,missing_unadjusted_trading_dates_or_no_rows
2023,燁輝,TWSE,0,2024-01-02,2026-06-05,584,2024-01-02,2026-06-05,586,2,false,false,false,official_unadjusted_ohlcv_pit_daily_full_sweep_shard,missing_unadjusted_trading_dates_or_no_rows
2027,大成鋼,TWSE,2,2024-01-02,2026-06-05,584,2024-01-02,2026-06-05,586,2,false,false,false,official_unadjusted_ohlcv_pit_daily_full_sweep_shard,missing_unadjusted_trading_dates_or_no_rows
2029,盛餘,TWSE,0,2024-01-02,2026-06-05,584,2024-01-02,2026-06-05,586,2,false,false,false,official_unadjusted_ohlcv_pit_daily_full_sweep_shard,missing_unadjusted_trading_dates_or_no_rows
2030,彰源,TWSE,0,2024-01-02,2026-06-05,584,2024-01-02,2026-06-05,586,2,false,false,false,official_unadjusted_ohlcv_pit_daily_full_sweep_shard,missing_unadjusted_trading_dates_or_no_rows
2062,橋椿,TWSE,0,2024-01-02,2026-06-05,584,2024-01-02,2026-06-05,586,2,false,false,false,official_unadjusted_ohlcv_pit_daily_full_sweep_shard,missing_unadjusted_trading_dates_or_no_rows
2101,南港,TWSE,3,2024-01-02,2026-06-05,577,2024-01-02,2026-06-05,586,9,false,false,false,official_unadjusted_ohlcv_pit_daily_full_sweep_shard,missing_unadjusted_trading_dates_or_no_rows
2108,南帝,TWSE,0,2024-01-02,2026-06-05,584,2024-01-02,2026-06-05,586,2,false,false,false,official_unadjusted_ohlcv_pit_daily_full_sweep_shard,missing_unadjusted_trading_dates_or_no_rows
2206,三陽工業,TWSE,0,2024-01-02,2026-06-05,584,2024-01-02,2026-06-05,586,2,false,false,false,official_unadjusted_ohlcv_pit_daily_full_sweep_shard,missing_unadjusted_trading_dates_or_no_rows
2207,和泰車,TWSE,0,2024-01-02,2026-06-05,582,2024-01-02,2026-06-05,586,4,false,false,false,official_unadjusted_ohlcv_pit_daily_full_sweep_shard,missing_unadjusted_trading_dates_or_no_rows
2231,為升,TWSE,0,2024-01-02,2026-06-05,584,2024-01-02,2026-06-05,586,2,false,false,false,official_unadjusted_ohlcv_pit_daily_full_sweep_shard,missing_unadjusted_trading_dates_or_no_rows
2233,宇隆,TWSE,2,2024-01-02,2026-06-05,582,2024-01-02,2026-06-05,586,4,false,false,false,official_unadjusted_ohlcv_pit_daily_full_sweep_shard,missing_unadjusted_trading_dates_or_no_rows
2303,聯電,TWSE,0,2024-01-02,2026-06-05,584,2024-01-02,2026-06-05,586,2,false,false,false,official_unadjusted_ohlcv_pit_daily_full_sweep_shard,missing_unadjusted_trading_dates_or_no_rows
2312,金寶,TWSE,3,2024-01-02,2026-06-05,584,2024-01-02,2026-06-05,586,2,false,false,false,official_unadjusted_ohlcv_pit_daily_full_sweep_shard,missing_unadjusted_trading_dates_or_no_rows
2313,華通,TWSE,3,2024-01-02,2026-06-05,584,2024-01-02,2026-06-05,586,2,false,false,false,official_unadjusted_ohlcv_pit_daily_full_sweep_shard,missing_unadjusted_trading_dates_or_no_rows
2327,國巨*,TWSE,0,2024-01-02,2026-06-05,577,2024-01-02,2026-06-05,586,9,false,false,false,official_unadjusted_ohlcv_pit_daily_full_sweep_shard,missing_unadjusted_trading_dates_or_no_rows
2329,華泰,TWSE,0,2024-01-02,2026-06-05,584,2024-01-02,2026-06-05,586,2,false,false,false,official_unadjusted_ohlcv_pit_daily_full_sweep_shard,missing_unadjusted_trading_dates_or_no_rows
2332,友訊,TWSE,0,2024-01-02,2026-06-05,584,2024-01-02,2026-06-05,586,2,false,false,false,official_unadjusted_ohlcv_pit_daily_full_sweep_shard,missing_unadjusted_trading_dates_or_no_rows
2337,旺宏,TWSE,0,2024-01-02,2026-06-05,584,2024-01-02,2026-06-05,586,2,false,false,false,official_unadjusted_ohlcv_pit_daily_full_sweep_shard,missing_unadjusted_trading_dates_or_no_rows
2340,台亞,TWSE,0,2024-01-02,2026-06-05,584,2024-01-02,2026-06-05,586,2,false,false,false,official_unadjusted_ohlcv_pit_daily_full_sweep_shard,missing_unadjusted_trading_dates_or_no_rows
2344,華邦電,TWSE,0,2024-01-02,2026-06-05,584,2024-01-02,2026-06-05,586,2,false,false,false,official_unadjusted_ohlcv_pit_daily_full_sweep_shard,missing_unadjusted_trading_dates_or_no_rows
2351,順德,TWSE,0,2024-01-02,2026-06-05,584,2024-01-02,2026-06-05,586,2,false,false,false,official_unadjusted_ohlcv_pit_daily_full_sweep_shard,missing_unadjusted_trading_dates_or_no_rows
2353,宏碁,TWSE,0,2024-01-02,2026-06-05,584,2024-01-02,2026-06-05,586,2,false,false,false,official_unadjusted_ohlcv_pit_daily_full_sweep_shard,missing_unadjusted_trading_dates_or_no_rows
2354,鴻準,TWSE,0,2024-01-02,2026-06-05,584,2024-01-02,2026-06-05,586,2,false,false,false,official_unadjusted_ohlcv_pit_daily_full_sweep_shard,missing_unadjusted_trading_dates_or_no_rows
2359,所羅門,TWSE,3,2024-01-02,2026-06-05,584,2024-01-02,2026-06-05,586,2,false,false,false,official_unadjusted_ohlcv_pit_daily_full_sweep_shard,missing_unadjusted_trading_dates_or_no_rows
2362,藍天,TWSE,3,2024-01-02,2026-06-05,584,2024-01-02,2026-06-05,586,2,false,false,false,official_unadjusted_ohlcv_pit_daily_full_sweep_shard,missing_unadjusted_trading_dates_or_no_rows
2363,矽統,TWSE,0,2024-01-02,2026-06-05,579,2024-01-02,2026-06-05,586,7,false,false,false,official_unadjusted_ohlcv_pit_daily_full_sweep_shard,missing_unadjusted_trading_dates_or_no_rows
2364,倫飛,TWSE,3,2024-01-02,2026-06-05,584,2024-01-02,2026-06-05,586,2,false,false,false,official_unadjusted_ohlcv_pit_daily_full_sweep_shard,missing_unadjusted_trading_dates_or_no_rows
2368,金像電,TWSE,1,2024-01-02,2026-06-05,584,2024-01-02,2026-06-05,586,2,false,false,false,official_unadjusted_ohlcv_pit_daily_full_sweep_shard,missing_unadjusted_trading_dates_or_no_rows
2374,佳能,TWSE,3,2024-01-02,2026-06-05,584,2024-01-02,2026-06-05,586,2,false,false,false,official_unadjusted_ohlcv_pit_daily_full_sweep_shard,missing_unadjusted_trading_dates_or_no_rows
2376,技嘉,TWSE,0,2024-01-02,2026-06-05,584,2024-01-02,2026-06-05,586,2,false,false,false,official_unadjusted_ohlcv_pit_daily_full_sweep_shard,missing_unadjusted_trading_dates_or_no_rows
2379,瑞昱,TWSE,0,2024-01-02,2026-06-05,584,2024-01-02,2026-06-05,586,2,false,false,false,official_unadjusted_ohlcv_pit_daily_full_sweep_shard,missing_unadjusted_trading_dates_or_no_rows
2383,台光電,TWSE,0,2024-01-02,2026-06-05,584,2024-01-02,2026-06-05,586,2,false,false,false,official_unadjusted_ohlcv_pit_daily_full_sweep_shard,missing_unadjusted_trading_dates_or_no_rows
2387,精元,TWSE,0,2024-01-02,2026-06-05,584,2024-01-02,2026-06-05,586,2,false,false,false,official_unadjusted_ohlcv_pit_daily_full_sweep_shard,missing_unadjusted_trading_dates_or_no_rows
2388,威盛,TWSE,0,2024-01-02,2026-06-05,584,2024-01-02,2026-06-05,586,2,false,false,false,official_unadjusted_ohlcv_pit_daily_full_sweep_shard,missing_unadjusted_trading_dates_or_no_rows
2392,正崴,TWSE,3,2024-01-02,2026-06-05,582,2024-01-02,2026-06-05,586,4,false,false,false,official_unadjusted_ohlcv_pit_daily_full_sweep_shard,missing_unadjusted_trading_dates_or_no_rows
2393,億光,TWSE,0,2024-01-02,2026-06-05,584,2024-01-02,2026-06-05,586,2,false,false,false,official_unadjusted_ohlcv_pit_daily_full_sweep_shard,missing_unadjusted_trading_dates_or_no_rows
2399,映泰,TWSE,0,2024-01-02,2026-06-05,584,2024-01-02,2026-06-05,586,2,false,false,false,official_unadjusted_ohlcv_pit_daily_full_sweep_shard,missing_unadjusted_trading_dates_or_no_rows
2404,漢唐,TWSE,0,2024-01-02,2026-06-05,584,2024-01-02,2026-06-05,586,2,false,false,false,official_unadjusted_ohlcv_pit_daily_full_sweep_shard,missing_unadjusted_trading_dates_or_no_rows
2408,南亞科,TWSE,0,2024-01-02,2026-06-05,584,2024-01-02,2026-06-05,586,2,false,false,false,official_unadjusted_ohlcv_pit_daily_full_sweep_shard,missing_unadjusted_trading_dates_or_no_rows
2419,仲琦,TWSE,0,2024-01-02,2026-06-05,584,2024-01-02,2026-06-05,586,2,false,false,false,official_unadjusted_ohlcv_pit_daily_full_sweep_shard,missing_unadjusted_trading_dates_or_no_rows
2421,建準,TWSE,0,2024-01-02,2026-06-05,584,2024-01-02,2026-06-05,586,2,false,false,false,official_unadjusted_ohlcv_pit_daily_full_sweep_shard,missing_unadjusted_trading_dates_or_no_rows
2436,偉詮電,TWSE,0,2024-01-02,2026-06-05,583,2024-01-02,2026-06-05,586,3,false,false,false,official_unadjusted_ohlcv_pit_daily_full_sweep_shard,missing_unadjusted_trading_dates_or_no_rows
2439,美律,TWSE,0,2024-01-02,2026-06-05,584,2024-01-02,2026-06-05,586,2,false,false,false,official_unadjusted_ohlcv_pit_daily_full_sweep_shard,missing_unadjusted_trading_dates_or_no_rows
2451,創見,TWSE,6,2024-01-02,2026-06-05,584,2024-01-02,2026-06-05,586,2,false,false,false,official_unadjusted_ohlcv_pit_daily_full_sweep_shard,missing_unadjusted_trading_dates_or_no_rows
2453,凌群,TWSE,0,2024-01-02,2026-06-05,584,2024-01-02,2026-06-05,586,2,false,false,false,official_unadjusted_ohlcv_pit_daily_full_sweep_shard,missing_unadjusted_trading_dates_or_no_rows
2455,全新,TWSE,0,2024-01-02,2026-06-05,584,2024-01-02,2026-06-05,586,2,false,false,false,official_unadjusted_ohlcv_pit_daily_full_sweep_shard,missing_unadjusted_trading_dates_or_no_rows
2456,奇力新,TWSE,0,2024-01-02,2026-06-05,2,2025-08-01,2026-02-20,586,584,false,false,false,official_unadjusted_ohlcv_pit_daily_full_sweep_shard,missing_unadjusted_trading_dates_or_no_rows
2461,光群雷,TWSE,0,2024-01-02,2026-06-05,584,2024-01-02,2026-06-05,586,2,false,false,false,official_unadjusted_ohlcv_pit_daily_full_sweep_shard,missing_unadjusted_trading_dates_or_no_rows
2467,志聖,TWSE,0,2024-01-02,2026-06-05,584,2024-01-02,2026-06-05,586,2,false,false,false,official_unadjusted_ohlcv_pit_daily_full_sweep_shard,missing_unadjusted_trading_dates_or_no_rows
2468,華經,TWSE,7,2024-01-02,2026-06-05,584,2024-01-02,2026-06-05,586,2,false,false,false,official_unadjusted_ohlcv_pit_daily_full_sweep_shard,missing_unadjusted_trading_dates_or_no_rows
2476,鉅祥,TWSE,0,2024-01-02,2026-06-05,584,2024-01-02,2026-06-05,586,2,false,false,false,official_unadjusted_ohlcv_pit_daily_full_sweep_shard,missing_unadjusted_trading_dates_or_no_rows
2478,大毅,TWSE,0,2024-01-02,2026-06-05,584,2024-01-02,2026-06-05,586,2,false,false,false,official_unadjusted_ohlcv_pit_daily_full_sweep_shard,missing_unadjusted_trading_dates_or_no_rows
2481,強茂,TWSE,0,2024-01-02,2026-06-05,584,2024-01-02,2026-06-05,586,2,false,false,false,official_unadjusted_ohlcv_pit_daily_full_sweep_shard,missing_unadjusted_trading_dates_or_no_rows
2482,連宇,TWSE,0,2024-01-02,2026-06-05,584,2024-01-02,2026-06-05,586,2,false,false,false,official_unadjusted_ohlcv_pit_daily_full_sweep_shard,missing_unadjusted_trading_dates_or_no_rows
2486,一詮,TWSE,0,2024-01-02,2026-06-05,584,2024-01-02,2026-06-05,586,2,false,false,false,official_unadjusted_ohlcv_pit_daily_full_sweep_shard,missing_unadjusted_trading_dates_or_no_rows
2489,瑞軒,TWSE,3,2024-01-02,2026-06-05,571,2024-01-02,2026-06-05,586,15,false,false,false,official_unadjusted_ohlcv_pit_daily_full_sweep_shard,missing_unadjusted_trading_dates_or_no_rows
2497,怡利電,TWSE,3,2024-01-02,2026-06-05,583,2024-01-02,2026-06-05,586,3,false,false,false,official_unadjusted_ohlcv_pit_daily_full_sweep_shard,missing_unadjusted_trading_dates_or_no_rows
2504,國產,TWSE,0,2024-01-02,2026-06-05,584,2024-01-02,2026-06-05,586,2,false,false,false,official_unadjusted_ohlcv_pit_daily_full_sweep_shard,missing_unadjusted_trading_dates_or_no_rows
2543,皇昌,TWSE,3,2024-01-02,2026-06-05,584,2024-01-02,2026-06-05,586,2,false,false,false,official_unadjusted_ohlcv_pit_daily_full_sweep_shard,missing_unadjusted_trading_dates_or_no_rows
2603,長榮,TWSE,0,2024-01-02,2026-06-05,584,2024-01-02,2026-06-05,586,2,false,false,false,official_unadjusted_ohlcv_pit_daily_full_sweep_shard,missing_unadjusted_trading_dates_or_no_rows
2609,陽明,TWSE,3,2024-01-02,2026-06-05,584,2024-01-02,2026-06-05,586,2,false,false,false,official_unadjusted_ohlcv_pit_daily_full_sweep_shard,missing_unadjusted_trading_dates_or_no_rows
2611,志信,TWSE,3,2024-01-02,2026-06-05,584,2024-01-02,2026-06-05,586,2,false,false,false,official_unadjusted_ohlcv_pit_daily_full_sweep_shard,missing_unadjusted_trading_dates_or_no_rows
2612,中航,TWSE,0,2024-01-02,2026-06-05,584,2024-01-02,2026-06-05,586,2,false,false,false,official_unadjusted_ohlcv_pit_daily_full_sweep_shard,missing_unadjusted_trading_dates_or_no_rows
2615,萬海,TWSE,0,2024-01-02,2026-06-05,584,2024-01-02,2026-06-05,586,2,false,false,false,official_unadjusted_ohlcv_pit_daily_full_sweep_shard,missing_unadjusted_trading_dates_or_no_rows
2636,台驊控股,TWSE,0,2024-01-02,2026-06-05,584,2024-01-02,2026-06-05,586,2,false,false,false,official_unadjusted_ohlcv_pit_daily_full_sweep_shard,missing_unadjusted_trading_dates_or_no_rows
2637,慧洋-KY,TWSE,0,2024-01-02,2026-06-05,584,2024-01-02,2026-06-05,586,2,false,false,false,official_unadjusted_ohlcv_pit_daily_full_sweep_shard,missing_unadjusted_trading_dates_or_no_rows
2707,晶華,TWSE,0,2024-01-02,2026-06-05,584,2024-01-02,2026-06-05,586,2,false,false,false,official_unadjusted_ohlcv_pit_daily_full_sweep_shard,missing_unadjusted_trading_dates_or_no_rows
2723,美食-KY,TWSE,0,2024-01-02,2026-06-05,584,2024-01-02,2026-06-05,586,2,false,false,false,official_unadjusted_ohlcv_pit_daily_full_sweep_shard,missing_unadjusted_trading_dates_or_no_rows
2736,富野,TPEx,0,2024-01-02,2026-06-05,585,2024-01-02,2026-06-05,586,1,false,false,false,official_unadjusted_ohlcv_pit_daily_full_sweep_shard,missing_unadjusted_trading_dates_or_no_rows
2753,八方雲集,TWSE,3,2024-01-02,2026-06-05,582,2024-01-02,2026-06-05,586,4,false,false,false,official_unadjusted_ohlcv_pit_daily_full_sweep_shard,missing_unadjusted_trading_dates_or_no_rows
2816,旺旺保,TWSE,0,2024-01-02,2026-06-05,584,2024-01-02,2026-06-05,586,2,false,false,false,official_unadjusted_ohlcv_pit_daily_full_sweep_shard,missing_unadjusted_trading_dates_or_no_rows
2887,台新新光金,TWSE,0,2024-01-02,2026-06-05,583,2024-01-02,2026-06-05,586,3,false,false,false,official_unadjusted_ohlcv_pit_daily_full_sweep_shard,missing_unadjusted_trading_dates_or_no_rows
2913,農林,TWSE,0,2024-01-02,2026-06-05,584,2024-01-02,2026-06-05,586,2,false,false,false,official_unadjusted_ohlcv_pit_daily_full_sweep_shard,missing_unadjusted_trading_dates_or_no_rows
3004,豐達科,TWSE,3,2024-01-02,2026-06-05,584,2024-01-02,2026-06-05,586,2,false,false,false,official_unadjusted_ohlcv_pit_daily_full_sweep_shard,missing_unadjusted_trading_dates_or_no_rows
3008,大立光,TWSE,0,2024-01-02,2026-06-05,584,2024-01-02,2026-06-05,586,2,false,false,false,official_unadjusted_ohlcv_pit_daily_full_sweep_shard,missing_unadjusted_trading_dates_or_no_rows
3013,晟銘電,TWSE,6,2024-01-02,2026-06-05,584,2024-01-02,2026-06-05,586,2,false,false,false,official_unadjusted_ohlcv_pit_daily_full_sweep_shard,missing_unadjusted_trading_dates_or_no_rows
3016,嘉晶,TWSE,0,2024-01-02,2026-06-05,584,2024-01-02,2026-06-05,586,2,false,false,false,official_unadjusted_ohlcv_pit_daily_full_sweep_shard,missing_unadjusted_trading_dates_or_no_rows
3019,亞光,TWSE,4,2024-01-02,2026-06-05,584,2024-01-02,2026-06-05,586,2,false,false,false,official_unadjusted_ohlcv_pit_daily_full_sweep_shard,missing_unadjusted_trading_dates_or_no_rows
3026,禾伸堂,TWSE,0,2024-01-02,2026-06-05,584,2024-01-02,2026-06-05,586,2,false,false,false,official_unadjusted_ohlcv_pit_daily_full_sweep_shard,missing_unadjusted_trading_dates_or_no_rows
3030,德律,TWSE,0,2024-01-02,2026-06-05,584,2024-01-02,2026-06-05,586,2,false,false,false,official_unadjusted_ohlcv_pit_daily_full_sweep_shard,missing_unadjusted_trading_dates_or_no_rows
3032,偉訓,TWSE,0,2024-01-02,2026-06-05,582,2024-01-02,2026-06-05,586,4,false,false,false,official_unadjusted_ohlcv_pit_daily_full_sweep_shard,missing_unadjusted_trading_dates_or_no_rows
3034,聯詠,TWSE,0,2024-01-02,2026-06-05,584,2024-01-02,2026-06-05,586,2,false,false,false,official_unadjusted_ohlcv_pit_daily_full_sweep_shard,missing_unadjusted_trading_dates_or_no_rows
3035,智原,TWSE,0,2024-01-02,2026-06-05,584,2024-01-02,2026-06-05,586,2,false,false,false,official_unadjusted_ohlcv_pit_daily_full_sweep_shard,missing_unadjusted_trading_dates_or_no_rows
3036,文曄,TWSE,9,2024-01-02,2026-06-05,583,2024-01-02,2026-06-05,586,3,false,false,false,official_unadjusted_ohlcv_pit_daily_full_sweep_shard,missing_unadjusted_trading_dates_or_no_rows
3047,訊舟,TWSE,0,2024-01-02,2026-06-05,584,2024-01-02,2026-06-05,586,2,false,false,false,official_unadjusted_ohlcv_pit_daily_full_sweep_shard,missing_unadjusted_trading_dates_or_no_rows
3078,僑威,TPEx,0,2024-01-02,2026-06-05,585,2024-01-02,2026-06-05,586,1,false,false,false,official_unadjusted_ohlcv_pit_daily_full_sweep_shard,missing_unadjusted_trading_dates_or_no_rows
3081,聯亞,TPEx,6,2024-01-02,2026-06-05,585,2024-01-02,2026-06-05,586,1,false,false,false,official_unadjusted_ohlcv_pit_daily_full_sweep_shard,missing_unadjusted_trading_dates_or_no_rows
3083,網龍,TPEx,0,2024-01-02,2026-06-05,585,2024-01-02,2026-06-05,586,1,false,false,false,official_unadjusted_ohlcv_pit_daily_full_sweep_shard,missing_unadjusted_trading_dates_or_no_rows
3090,日電貿,TWSE,3,2024-01-02,2026-06-05,583,2024-01-02,2026-06-05,586,3,false,false,false,official_unadjusted_ohlcv_pit_daily_full_sweep_shard,missing_unadjusted_trading_dates_or_no_rows
3092,鴻碩,TPEx,0,2024-01-02,2026-06-05,582,2024-01-02,2026-06-05,586,4,false,false,false,official_unadjusted_ohlcv_pit_daily_full_sweep_shard,missing_unadjusted_trading_dates_or_no_rows
3093,港建*,TPEx,0,2024-01-02,2026-06-05,585,2024-01-02,2026-06-05,586,1,false,false,false,official_unadjusted_ohlcv_pit_daily_full_sweep_shard,missing_unadjusted_trading_dates_or_no_rows
3122,笙泉,TPEx,0,2024-01-02,2026-06-05,585,2024-01-02,2026-06-05,586,1,false,false,false,official_unadjusted_ohlcv_pit_daily_full_sweep_shard,missing_unadjusted_trading_dates_or_no_rows
3131,弘塑,TPEx,3,2024-01-02,2026-06-05,585,2024-01-02,2026-06-05,586,1,false,false,false,official_unadjusted_ohlcv_pit_daily_full_sweep_shard,missing_unadjusted_trading_dates_or_no_rows
3141,晶宏,TPEx,0,2024-01-02,2026-06-05,585,2024-01-02,2026-06-05,586,1,false,false,false,official_unadjusted_ohlcv_pit_daily_full_sweep_shard,missing_unadjusted_trading_dates_or_no_rows
3147,大綜,TPEx,6,2024-01-02,2026-06-05,585,2024-01-02,2026-06-05,586,1,false,false,false,official_unadjusted_ohlcv_pit_daily_full_sweep_shard,missing_unadjusted_trading_dates_or_no_rows
3163,波若威,TPEx,3,2024-01-02,2026-06-05,585,2024-01-02,2026-06-05,586,1,false,false,false,official_unadjusted_ohlcv_pit_daily_full_sweep_shard,missing_unadjusted_trading_dates_or_no_rows
3167,大量,TWSE,6,2024-01-02,2026-06-05,584,2024-01-02,2026-06-05,586,2,false,false,false,official_unadjusted_ohlcv_pit_daily_full_sweep_shard,missing_unadjusted_trading_dates_or_no_rows
3169,亞信,TPEx,0,2024-01-02,2026-06-05,585,2024-01-02,2026-06-05,586,1,false,false,false,official_unadjusted_ohlcv_pit_daily_full_sweep_shard,missing_unadjusted_trading_dates_or_no_rows
3218,大學光,TPEx,0,2024-01-02,2026-06-05,585,2024-01-02,2026-06-05,586,1,false,false,false,official_unadjusted_ohlcv_pit_daily_full_sweep_shard,missing_unadjusted_trading_dates_or_no_rows
3221,台嘉碩,TPEx,0,2024-01-02,2026-06-05,585,2024-01-02,2026-06-05,586,1,false,false,false,official_unadjusted_ohlcv_pit_daily_full_sweep_shard,missing_unadjusted_trading_dates_or_no_rows
3231,緯創,TWSE,0,2024-01-02,2026-06-05,584,2024-01-02,2026-06-05,586,2,false,false,false,official_unadjusted_ohlcv_pit_daily_full_sweep_shard,missing_unadjusted_trading_dates_or_no_rows
3257,虹冠電,TWSE,3,2024-01-02,2026-06-05,584,2024-01-02,2026-06-05,586,2,false,false,false,official_unadjusted_ohlcv_pit_daily_full_sweep_shard,missing_unadjusted_trading_dates_or_no_rows
3264,欣銓,TPEx,0,2024-01-02,2026-06-05,585,2024-01-02,2026-06-05,586,1,false,false,false,official_unadjusted_ohlcv_pit_daily_full_sweep_shard,missing_unadjusted_trading_dates_or_no_rows
3272,東碩,TPEx,0,2024-01-02,2026-06-05,585,2024-01-02,2026-06-05,586,1,false,false,false,official_unadjusted_ohlcv_pit_daily_full_sweep_shard,missing_unadjusted_trading_dates_or_no_rows
3293,鈊象,TPEx,0,2024-01-02,2026-06-05,585,2024-01-02,2026-06-05,586,1,false,false,false,official_unadjusted_ohlcv_pit_daily_full_sweep_shard,missing_unadjusted_trading_dates_or_no_rows
3305,昇貿,TWSE,3,2024-01-02,2026-06-05,584,2024-01-02,2026-06-05,586,2,false,false,false,official_unadjusted_ohlcv_pit_daily_full_sweep_shard,missing_unadjusted_trading_dates_or_no_rows
3322,建舜電,TPEx,0,2024-01-02,2026-06-05,585,2024-01-02,2026-06-05,586,1,false,false,false,official_unadjusted_ohlcv_pit_daily_full_sweep_shard,missing_unadjusted_trading_dates_or_no_rows
3324,雙鴻,TPEx,0,2024-01-02,2026-06-05,585,2024-01-02,2026-06-05,586,1,false,false,false,official_unadjusted_ohlcv_pit_daily_full_sweep_shard,missing_unadjusted_trading_dates_or_no_rows
3338,泰碩,TWSE,0,2024-01-02,2026-06-05,584,2024-01-02,2026-06-05,586,2,false,false,false,official_unadjusted_ohlcv_pit_daily_full_sweep_shard,missing_unadjusted_trading_dates_or_no_rows
3346,麗清,TWSE,0,2024-01-02,2026-06-05,584,2024-01-02,2026-06-05,586,2,false,false,false,official_unadjusted_ohlcv_pit_daily_full_sweep_shard,missing_unadjusted_trading_dates_or_no_rows
3356,奇偶,TWSE,0,2024-01-02,2026-06-05,578,2024-01-02,2026-06-05,586,8,false,false,false,official_unadjusted_ohlcv_pit_daily_full_sweep_shard,missing_unadjusted_trading_dates_or_no_rows
3360,尚立,TPEx,0,2024-01-02,2026-06-05,585,2024-01-02,2026-06-05,586,1,false,false,false,official_unadjusted_ohlcv_pit_daily_full_sweep_shard,missing_unadjusted_trading_dates_or_no_rows
3362,先進光,TPEx,0,2024-01-02,2026-06-05,585,2024-01-02,2026-06-05,586,1,false,false,false,official_unadjusted_ohlcv_pit_daily_full_sweep_shard,missing_unadjusted_trading_dates_or_no_rows
3406,玉晶光,TWSE,0,2024-01-02,2026-06-05,584,2024-01-02,2026-06-05,586,2,false,false,false,official_unadjusted_ohlcv_pit_daily_full_sweep_shard,missing_unadjusted_trading_dates_or_no_rows
3413,京鼎,TWSE,0,2024-01-02,2026-06-05,583,2024-01-02,2026-06-05,586,3,false,false,false,official_unadjusted_ohlcv_pit_daily_full_sweep_shard,missing_unadjusted_trading_dates_or_no_rows
3443,創意,TWSE,0,2024-01-02,2026-06-05,584,2024-01-02,2026-06-05,586,2,false,false,false,official_unadjusted_ohlcv_pit_daily_full_sweep_shard,missing_unadjusted_trading_dates_or_no_rows
3455,由田,TPEx,0,2024-01-02,2026-06-05,585,2024-01-02,2026-06-05,586,1,false,false,false,official_unadjusted_ohlcv_pit_daily_full_sweep_shard,missing_unadjusted_trading_dates_or_no_rows
3479,安勤,TPEx,0,2024-01-02,2026-06-05,585,2024-01-02,2026-06-05,586,1,false,false,false,official_unadjusted_ohlcv_pit_daily_full_sweep_shard,missing_unadjusted_trading_dates_or_no_rows
3483,力致,TPEx,0,2024-01-02,2026-06-05,585,2024-01-02,2026-06-05,586,1,false,false,false,official_unadjusted_ohlcv_pit_daily_full_sweep_shard,missing_unadjusted_trading_dates_or_no_rows
3484,崧騰,TPEx,0,2024-01-02,2026-06-05,585,2024-01-02,2026-06-05,586,1,false,false,false,official_unadjusted_ohlcv_pit_daily_full_sweep_shard,missing_unadjusted_trading_dates_or_no_rows
3491,昇達科,TPEx,3,2024-01-02,2026-06-05,584,2024-01-02,2026-06-05,586,2,false,false,false,official_unadjusted_ohlcv_pit_daily_full_sweep_shard,missing_unadjusted_trading_dates_or_no_rows
3504,揚明光,TWSE,0,2024-01-02,2026-06-05,584,2024-01-02,2026-06-05,586,2,false,false,false,official_unadjusted_ohlcv_pit_daily_full_sweep_shard,missing_unadjusted_trading_dates_or_no_rows
3514,昱晶,TWSE,0,2024-01-02,2026-06-05,2,2025-08-01,2026-02-20,586,584,false,false,false,official_unadjusted_ohlcv_pit_daily_full_sweep_shard,missing_unadjusted_trading_dates_or_no_rows
3515,華擎,TWSE,0,2024-01-02,2026-06-05,584,2024-01-02,2026-06-05,586,2,false,false,false,official_unadjusted_ohlcv_pit_daily_full_sweep_shard,missing_unadjusted_trading_dates_or_no_rows
3519,綠能,TWSE,0,2024-01-02,2026-06-05,2,2025-08-01,2026-02-20,586,584,false,false,false,official_unadjusted_ohlcv_pit_daily_full_sweep_shard,missing_unadjusted_trading_dates_or_no_rows
3526,凡甲,TPEx,0,2024-01-02,2026-06-05,585,2024-01-02,2026-06-05,586,1,false,false,false,official_unadjusted_ohlcv_pit_daily_full_sweep_shard,missing_unadjusted_trading_dates_or_no_rows
3527,聚積,TPEx,0,2024-01-02,2026-06-05,585,2024-01-02,2026-06-05,586,1,false,false,false,official_unadjusted_ohlcv_pit_daily_full_sweep_shard,missing_unadjusted_trading_dates_or_no_rows
3528,安馳,TWSE,3,2024-01-02,2026-06-05,584,2024-01-02,2026-06-05,586,2,false,false,false,official_unadjusted_ohlcv_pit_daily_full_sweep_shard,missing_unadjusted_trading_dates_or_no_rows
3529,力旺,TPEx,4,2024-01-02,2026-06-05,585,2024-01-02,2026-06-05,586,1,false,false,false,official_unadjusted_ohlcv_pit_daily_full_sweep_shard,missing_unadjusted_trading_dates_or_no_rows
3530,晶相光,TWSE,0,2024-01-02,2026-06-05,582,2024-01-02,2026-06-05,586,4,false,false,false,official_unadjusted_ohlcv_pit_daily_full_sweep_shard,missing_unadjusted_trading_dates_or_no_rows
3532,台勝科,TWSE,0,2024-01-02,2026-06-05,584,2024-01-02,2026-06-05,586,2,false,false,false,official_unadjusted_ohlcv_pit_daily_full_sweep_shard,missing_unadjusted_trading_dates_or_no_rows
3535,晶彩科,TWSE,0,2024-01-02,2026-06-05,584,2024-01-02,2026-06-05,586,2,false,false,false,official_unadjusted_ohlcv_pit_daily_full_sweep_shard,missing_unadjusted_trading_dates_or_no_rows
3540,曜越,TPEx,0,2024-01-02,2026-06-05,585,2024-01-02,2026-06-05,586,1,false,false,false,official_unadjusted_ohlcv_pit_daily_full_sweep_shard,missing_unadjusted_trading_dates_or_no_rows
3541,西柏,TPEx,0,2024-01-02,2026-06-05,585,2024-01-02,2026-06-05,586,1,false,false,false,official_unadjusted_ohlcv_pit_daily_full_sweep_shard,missing_unadjusted_trading_dates_or_no_rows
3545,敦泰,TWSE,0,2024-01-02,2026-06-05,583,2024-01-02,2026-06-05,586,3,false,false,false,official_unadjusted_ohlcv_pit_daily_full_sweep_shard,missing_unadjusted_trading_dates_or_no_rows
3546,宇峻,TPEx,0,2024-01-02,2026-06-05,585,2024-01-02,2026-06-05,586,1,false,false,false,official_unadjusted_ohlcv_pit_daily_full_sweep_shard,missing_unadjusted_trading_dates_or_no_rows
3548,兆利,TPEx,0,2024-01-02,2026-06-05,585,2024-01-02,2026-06-05,586,1,false,false,false,official_unadjusted_ohlcv_pit_daily_full_sweep_shard,missing_unadjusted_trading_dates_or_no_rows
3550,聯穎,TWSE,0,2024-01-02,2026-06-05,584,2024-01-02,2026-06-05,586,2,false,false,false,official_unadjusted_ohlcv_pit_daily_full_sweep_shard,missing_unadjusted_trading_dates_or_no_rows
3552,同致,TPEx,0,2024-01-02,2026-06-05,585,2024-01-02,2026-06-05,586,1,false,false,false,official_unadjusted_ohlcv_pit_daily_full_sweep_shard,missing_unadjusted_trading_dates_or_no_rows
3556,禾瑞亞,TPEx,0,2024-01-02,2026-06-05,585,2024-01-02,2026-06-05,586,1,false,false,false,official_unadjusted_ohlcv_pit_daily_full_sweep_shard,missing_unadjusted_trading_dates_or_no_rows
3558,神準,TPEx,0,2024-01-02,2026-06-05,585,2024-01-02,2026-06-05,586,1,false,false,false,official_unadjusted_ohlcv_pit_daily_full_sweep_shard,missing_unadjusted_trading_dates_or_no_rows
3563,牧德,TPEx,0,2024-01-02,2026-06-05,582,2024-01-02,2026-06-05,586,4,false,false,false,official_unadjusted_ohlcv_pit_daily_full_sweep_shard,missing_unadjusted_trading_dates_or_no_rows
3583,辛耘,TWSE,3,2024-01-02,2026-06-05,584,2024-01-02,2026-06-05,586,2,false,false,false,official_unadjusted_ohlcv_pit_daily_full_sweep_shard,missing_unadjusted_trading_dates_or_no_rows
3588,通嘉,TWSE,0,2024-01-02,2026-06-05,584,2024-01-02,2026-06-05,586,2,false,false,false,official_unadjusted_ohlcv_pit_daily_full_sweep_shard,missing_unadjusted_trading_dates_or_no_rows
3596,智易,TWSE,0,2024-01-02,2026-06-05,584,2024-01-02,2026-06-05,586,2,false,false,false,official_unadjusted_ohlcv_pit_daily_full_sweep_shard,missing_unadjusted_trading_dates_or_no_rows
3605,宏致,TWSE,0,2024-01-02,2026-06-05,584,2024-01-02,2026-06-05,586,2,false,false,false,official_unadjusted_ohlcv_pit_daily_full_sweep_shard,missing_unadjusted_trading_dates_or_no_rows
3617,碩天,TWSE,0,2024-01-02,2026-06-05,584,2024-01-02,2026-06-05,586,2,false,false,false,official_unadjusted_ohlcv_pit_daily_full_sweep_shard,missing_unadjusted_trading_dates_or_no_rows
3624,光頡,TPEx,0,2024-01-02,2026-06-05,585,2024-01-02,2026-06-05,586,1,false,false,false,official_unadjusted_ohlcv_pit_daily_full_sweep_shard,missing_unadjusted_trading_dates_or_no_rows
3630,新鉅科,TPEx,0,2024-01-02,2026-06-05,584,2024-01-02,2026-06-05,586,2,false,false,false,official_unadjusted_ohlcv_pit_daily_full_sweep_shard,missing_unadjusted_trading_dates_or_no_rows
3653,健策,TWSE,0,2024-01-02,2026-06-05,584,2024-01-02,2026-06-05,586,2,false,false,false,official_unadjusted_ohlcv_pit_daily_full_sweep_shard,missing_unadjusted_trading_dates_or_no_rows
3658,漢微科,TPEx,0,2024-01-02,2026-06-05,0,,,586,586,false,false,false,blocked_missing_local_price_rows,missing_unadjusted_trading_dates_or_no_rows
3661,世芯-KY,TWSE,0,2024-01-02,2026-06-05,584,2024-01-02,2026-06-05,586,2,false,false,false,official_unadjusted_ohlcv_pit_daily_full_sweep_shard,missing_unadjusted_trading_dates_or_no_rows
3665,貿聯-KY,TWSE,3,2024-01-02,2026-06-05,584,2024-01-02,2026-06-05,586,2,false,false,false,official_unadjusted_ohlcv_pit_daily_full_sweep_shard,missing_unadjusted_trading_dates_or_no_rows
3669,圓展,TWSE,0,2024-01-02,2026-06-05,584,2024-01-02,2026-06-05,586,2,false,false,false,official_unadjusted_ohlcv_pit_daily_full_sweep_shard,missing_unadjusted_trading_dates_or_no_rows
3675,德微,TPEx,0,2024-01-02,2026-06-05,585,2024-01-02,2026-06-05,586,1,false,false,false,official_unadjusted_ohlcv_pit_daily_full_sweep_shard,missing_unadjusted_trading_dates_or_no_rows
3680,家登,TPEx,0,2024-01-02,2026-06-05,585,2024-01-02,2026-06-05,586,1,false,false,false,official_unadjusted_ohlcv_pit_daily_full_sweep_shard,missing_unadjusted_trading_dates_or_no_rows
3682,亞太電,TWSE,0,2024-01-02,2026-06-05,2,2025-08-01,2026-02-20,586,584,false,false,false,official_unadjusted_ohlcv_pit_daily_full_sweep_shard,missing_unadjusted_trading_dates_or_no_rows
3693,營邦,TPEx,0,2024-01-02,2026-06-05,585,2024-01-02,2026-06-05,586,1,false,false,false,official_unadjusted_ohlcv_pit_daily_full_sweep_shard,missing_unadjusted_trading_dates_or_no_rows
3694,海華,TWSE,0,2024-01-02,2026-06-05,584,2024-01-02,2026-06-05,586,2,false,false,false,official_unadjusted_ohlcv_pit_daily_full_sweep_shard,missing_unadjusted_trading_dates_or_no_rows
3706,神達,TWSE,3,2024-01-02,2026-06-05,584,2024-01-02,2026-06-05,586,2,false,false,false,official_unadjusted_ohlcv_pit_daily_full_sweep_shard,missing_unadjusted_trading_dates_or_no_rows
3708,上緯投控,TWSE,0,2024-01-02,2026-06-05,584,2024-01-02,2026-06-05,586,2,false,false,false,official_unadjusted_ohlcv_pit_daily_full_sweep_shard,missing_unadjusted_trading_dates_or_no_rows
3709,鑫聯大投控,TPEx,3,2024-01-02,2026-06-05,585,2024-01-02,2026-06-05,586,1,false,false,false,official_unadjusted_ohlcv_pit_daily_full_sweep_shard,missing_unadjusted_trading_dates_or_no_rows
3712,永崴投控,TWSE,3,2024-01-02,2026-06-05,580,2024-01-02,2026-06-05,586,6,false,false,false,official_unadjusted_ohlcv_pit_daily_full_sweep_shard,missing_unadjusted_trading_dates_or_no_rows
3714,富采,TWSE,0,2024-01-02,2026-06-05,582,2024-01-02,2026-06-05,586,4,false,false,false,official_unadjusted_ohlcv_pit_daily_full_sweep_shard,missing_unadjusted_trading_dates_or_no_rows
3715,定穎投控,TWSE,0,2024-01-02,2026-06-05,582,2024-01-02,2026-06-05,586,4,false,false,false,official_unadjusted_ohlcv_pit_daily_full_sweep_shard,missing_unadjusted_trading_dates_or_no_rows
4114,健喬,TPEx,0,2024-01-02,2026-06-05,585,2024-01-02,2026-06-05,586,1,false,false,false,official_unadjusted_ohlcv_pit_daily_full_sweep_shard,missing_unadjusted_trading_dates_or_no_rows
4116,明基醫,TPEx,0,2024-01-02,2026-06-05,585,2024-01-02,2026-06-05,586,1,false,false,false,official_unadjusted_ohlcv_pit_daily_full_sweep_shard,missing_unadjusted_trading_dates_or_no_rows
4119,旭富,TWSE,0,2024-01-02,2026-06-05,584,2024-01-02,2026-06-05,586,2,false,false,false,official_unadjusted_ohlcv_pit_daily_full_sweep_shard,missing_unadjusted_trading_dates_or_no_rows
4129,聯合,TPEx,0,2024-01-02,2026-06-05,585,2024-01-02,2026-06-05,586,1,false,false,false,official_unadjusted_ohlcv_pit_daily_full_sweep_shard,missing_unadjusted_trading_dates_or_no_rows
4130,健亞,TPEx,0,2024-01-02,2026-06-05,584,2024-01-02,2026-06-05,586,2,false,false,false,official_unadjusted_ohlcv_pit_daily_full_sweep_shard,missing_unadjusted_trading_dates_or_no_rows
4153,鈺緯,TPEx,0,2024-01-02,2026-06-05,585,2024-01-02,2026-06-05,586,1,false,false,false,official_unadjusted_ohlcv_pit_daily_full_sweep_shard,missing_unadjusted_trading_dates_or_no_rows
4162,智擎,TPEx,0,2024-01-02,2026-06-05,585,2024-01-02,2026-06-05,586,1,false,false,false,official_unadjusted_ohlcv_pit_daily_full_sweep_shard,missing_unadjusted_trading_dates_or_no_rows
4167,展旺,TPEx,0,2024-01-02,2026-06-05,585,2024-01-02,2026-06-05,586,1,false,false,false,official_unadjusted_ohlcv_pit_daily_full_sweep_shard,missing_unadjusted_trading_dates_or_no_rows
4190,佐登-KY,TWSE,0,2024-01-02,2026-06-05,582,2024-01-02,2026-06-05,586,4,false,false,false,official_unadjusted_ohlcv_pit_daily_full_sweep_shard,missing_unadjusted_trading_dates_or_no_rows
4528,江興鍛,TPEx,0,2024-01-02,2026-06-05,578,2024-01-02,2026-06-05,586,8,false,false,false,official_unadjusted_ohlcv_pit_daily_full_sweep_shard,missing_unadjusted_trading_dates_or_no_rows
4533,協易機,TPEx,3,2024-01-02,2026-06-05,585,2024-01-02,2026-06-05,586,1,false,false,false,official_unadjusted_ohlcv_pit_daily_full_sweep_shard,missing_unadjusted_trading_dates_or_no_rows
4536,拓凱,TWSE,0,2024-01-02,2026-06-05,584,2024-01-02,2026-06-05,586,2,false,false,false,official_unadjusted_ohlcv_pit_daily_full_sweep_shard,missing_unadjusted_trading_dates_or_no_rows
4543,萬在,TPEx,3,2024-01-02,2026-06-05,585,2024-01-02,2026-06-05,586,1,false,false,false,official_unadjusted_ohlcv_pit_daily_full_sweep_shard,missing_unadjusted_trading_dates_or_no_rows
4551,智伸科,TWSE,0,2024-01-02,2026-06-05,584,2024-01-02,2026-06-05,586,2,false,false,false,official_unadjusted_ohlcv_pit_daily_full_sweep_shard,missing_unadjusted_trading_dates_or_no_rows
4563,百德,TPEx,3,2024-01-02,2026-06-05,585,2024-01-02,2026-06-05,586,1,false,false,false,official_unadjusted_ohlcv_pit_daily_full_sweep_shard,missing_unadjusted_trading_dates_or_no_rows
4564,元翎,TWSE,0,2024-01-02,2026-06-05,582,2024-01-02,2026-06-05,586,4,false,false,false,official_unadjusted_ohlcv_pit_daily_full_sweep_shard,missing_unadjusted_trading_dates_or_no_rows
4583,台灣精銳,TWSE,9,2024-01-02,2026-06-05,582,2024-01-02,2026-06-05,586,4,false,false,false,official_unadjusted_ohlcv_pit_daily_full_sweep_shard,missing_unadjusted_trading_dates_or_no_rows
4721,美琪瑪,TPEx,0,2024-01-02,2026-06-05,585,2024-01-02,2026-06-05,586,1,false,false,false,official_unadjusted_ohlcv_pit_daily_full_sweep_shard,missing_unadjusted_trading_dates_or_no_rows
4725,信昌化,TWSE,0,2024-01-02,2026-06-05,2,2025-08-01,2026-02-20,586,584,false,false,false,official_unadjusted_ohlcv_pit_daily_full_sweep_shard,missing_unadjusted_trading_dates_or_no_rows
4728,雙美,TPEx,0,2024-01-02,2026-06-05,573,2024-01-02,2026-06-05,586,13,false,false,false,official_unadjusted_ohlcv_pit_daily_full_sweep_shard,missing_unadjusted_trading_dates_or_no_rows
4733,上緯,TWSE,0,2024-01-02,2026-06-05,0,,,586,586,false,false,false,blocked_missing_local_price_rows,missing_unadjusted_trading_dates_or_no_rows
4736,泰博,TPEx,0,2024-01-02,2026-06-05,582,2024-01-02,2026-06-05,586,4,false,false,false,official_unadjusted_ohlcv_pit_daily_full_sweep_shard,missing_unadjusted_trading_dates_or_no_rows
4743,合一,TPEx,0,2024-01-02,2026-06-05,585,2024-01-02,2026-06-05,586,1,false,false,false,official_unadjusted_ohlcv_pit_daily_full_sweep_shard,missing_unadjusted_trading_dates_or_no_rows
4763,材料*-KY,TWSE,0,2024-01-02,2026-06-05,577,2024-01-02,2026-06-05,586,9,false,false,false,official_unadjusted_ohlcv_pit_daily_full_sweep_shard,missing_unadjusted_trading_dates_or_no_rows
4768,晶呈科技,TPEx,0,2024-01-02,2026-06-05,585,2024-01-02,2026-06-05,586,1,false,false,false,official_unadjusted_ohlcv_pit_daily_full_sweep_shard,missing_unadjusted_trading_dates_or_no_rows
4906,正文,TWSE,0,2024-01-02,2026-06-05,584,2024-01-02,2026-06-05,586,2,false,false,false,official_unadjusted_ohlcv_pit_daily_full_sweep_shard,missing_unadjusted_trading_dates_or_no_rows
4908,前鼎,TPEx,0,2024-01-02,2026-06-05,585,2024-01-02,2026-06-05,586,1,false,false,false,official_unadjusted_ohlcv_pit_daily_full_sweep_shard,missing_unadjusted_trading_dates_or_no_rows
4909,新復興,TPEx,3,2024-01-02,2026-06-05,585,2024-01-02,2026-06-05,586,1,false,false,false,official_unadjusted_ohlcv_pit_daily_full_sweep_shard,missing_unadjusted_trading_dates_or_no_rows
4919,新唐,TWSE,0,2024-01-02,2026-06-05,584,2024-01-02,2026-06-05,586,2,false,false,false,official_unadjusted_ohlcv_pit_daily_full_sweep_shard,missing_unadjusted_trading_dates_or_no_rows
4927,泰鼎-KY,TWSE,0,2024-01-02,2026-06-05,584,2024-01-02,2026-06-05,586,2,false,false,false,official_unadjusted_ohlcv_pit_daily_full_sweep_shard,missing_unadjusted_trading_dates_or_no_rows
4935,茂林-KY,TWSE,0,2024-01-02,2026-06-05,584,2024-01-02,2026-06-05,586,2,false,false,false,official_unadjusted_ohlcv_pit_daily_full_sweep_shard,missing_unadjusted_trading_dates_or_no_rows
4943,康控-KY,TWSE,0,2024-01-02,2026-06-05,579,2024-01-02,2026-06-05,586,7,false,false,false,official_unadjusted_ohlcv_pit_daily_full_sweep_shard,missing_unadjusted_trading_dates_or_no_rows
4953,緯軟,TPEx,0,2024-01-02,2026-06-05,585,2024-01-02,2026-06-05,586,1,false,false,false,official_unadjusted_ohlcv_pit_daily_full_sweep_shard,missing_unadjusted_trading_dates_or_no_rows
4961,天鈺,TWSE,0,2024-01-02,2026-06-05,582,2024-01-02,2026-06-05,586,4,false,false,false,official_unadjusted_ohlcv_pit_daily_full_sweep_shard,missing_unadjusted_trading_dates_or_no_rows
4966,譜瑞-KY,TPEx,0,2024-01-02,2026-06-05,585,2024-01-02,2026-06-05,586,1,false,false,false,official_unadjusted_ohlcv_pit_daily_full_sweep_shard,missing_unadjusted_trading_dates_or_no_rows
4968,立積,TWSE,0,2024-01-02,2026-06-05,584,2024-01-02,2026-06-05,586,2,false,false,false,official_unadjusted_ohlcv_pit_daily_full_sweep_shard,missing_unadjusted_trading_dates_or_no_rows
4971,IET-KY,TPEx,0,2024-01-02,2026-06-05,585,2024-01-02,2026-06-05,586,1,false,false,false,official_unadjusted_ohlcv_pit_daily_full_sweep_shard,missing_unadjusted_trading_dates_or_no_rows
4973,廣穎,TPEx,0,2024-01-02,2026-06-05,585,2024-01-02,2026-06-05,586,1,false,false,false,official_unadjusted_ohlcv_pit_daily_full_sweep_shard,missing_unadjusted_trading_dates_or_no_rows
4977,眾達-KY,TWSE,3,2024-01-02,2026-06-05,583,2024-01-02,2026-06-05,586,3,false,false,false,official_unadjusted_ohlcv_pit_daily_full_sweep_shard,missing_unadjusted_trading_dates_or_no_rows
4979,華星光,TPEx,0,2024-01-02,2026-06-05,585,2024-01-02,2026-06-05,586,1,false,false,false,official_unadjusted_ohlcv_pit_daily_full_sweep_shard,missing_unadjusted_trading_dates_or_no_rows
4991,環宇-KY,TPEx,6,2024-01-02,2026-06-05,585,2024-01-02,2026-06-05,586,1,false,false,false,official_unadjusted_ohlcv_pit_daily_full_sweep_shard,missing_unadjusted_trading_dates_or_no_rows
5014,建錩,TPEx,0,2024-01-02,2026-06-05,585,2024-01-02,2026-06-05,586,1,false,false,false,official_unadjusted_ohlcv_pit_daily_full_sweep_shard,missing_unadjusted_trading_dates_or_no_rows
5243,乙盛-KY,TWSE,0,2024-01-02,2026-06-05,584,2024-01-02,2026-06-05,586,2,false,false,false,official_unadjusted_ohlcv_pit_daily_full_sweep_shard,missing_unadjusted_trading_dates_or_no_rows
5258,虹堡,TWSE,0,2024-01-02,2026-06-05,584,2024-01-02,2026-06-05,586,2,false,false,false,official_unadjusted_ohlcv_pit_daily_full_sweep_shard,missing_unadjusted_trading_dates_or_no_rows
5263,智崴,TPEx,0,2024-01-02,2026-06-05,584,2024-01-02,2026-06-05,586,2,false,false,false,official_unadjusted_ohlcv_pit_daily_full_sweep_shard,missing_unadjusted_trading_dates_or_no_rows
5264,鎧勝-KY,TWSE,0,2024-01-02,2026-06-05,2,2025-08-01,2026-02-20,586,584,false,false,false,official_unadjusted_ohlcv_pit_daily_full_sweep_shard,missing_unadjusted_trading_dates_or_no_rows
5299,杰力,TPEx,0,2024-01-02,2026-06-05,585,2024-01-02,2026-06-05,586,1,false,false,false,official_unadjusted_ohlcv_pit_daily_full_sweep_shard,missing_unadjusted_trading_dates_or_no_rows
5309,系統電,TPEx,3,2024-01-02,2026-06-05,585,2024-01-02,2026-06-05,586,1,false,false,false,official_unadjusted_ohlcv_pit_daily_full_sweep_shard,missing_unadjusted_trading_dates_or_no_rows
5315,光聯,TPEx,0,2024-01-02,2026-06-05,585,2024-01-02,2026-06-05,586,1,false,false,false,official_unadjusted_ohlcv_pit_daily_full_sweep_shard,missing_unadjusted_trading_dates_or_no_rows
5321,美而快,TPEx,0,2024-01-02,2026-06-05,585,2024-01-02,2026-06-05,586,1,false,false,false,official_unadjusted_ohlcv_pit_daily_full_sweep_shard,missing_unadjusted_trading_dates_or_no_rows
5347,世界,TPEx,0,2024-01-02,2026-06-05,584,2024-01-02,2026-06-05,586,2,false,false,false,official_unadjusted_ohlcv_pit_daily_full_sweep_shard,missing_unadjusted_trading_dates_or_no_rows
5349,先豐,TPEx,0,2024-01-02,2026-06-05,0,,,586,586,false,false,false,blocked_missing_local_price_rows,missing_unadjusted_trading_dates_or_no_rows
5353,台林,TPEx,0,2024-01-02,2026-06-05,585,2024-01-02,2026-06-05,586,1,false,false,false,official_unadjusted_ohlcv_pit_daily_full_sweep_shard,missing_unadjusted_trading_dates_or_no_rows
5386,青雲,TPEx,3,2024-01-02,2026-06-05,585,2024-01-02,2026-06-05,586,1,false,false,false,official_unadjusted_ohlcv_pit_daily_full_sweep_shard,missing_unadjusted_trading_dates_or_no_rows
5425,台半,TPEx,0,2024-01-02,2026-06-05,585,2024-01-02,2026-06-05,586,1,false,false,false,official_unadjusted_ohlcv_pit_daily_full_sweep_shard,missing_unadjusted_trading_dates_or_no_rows
5439,高技,TPEx,0,2024-01-02,2026-06-05,585,2024-01-02,2026-06-05,586,1,false,false,false,official_unadjusted_ohlcv_pit_daily_full_sweep_shard,missing_unadjusted_trading_dates_or_no_rows
5443,均豪,TPEx,12,2024-01-02,2026-06-05,585,2024-01-02,2026-06-05,586,1,false,false,false,official_unadjusted_ohlcv_pit_daily_full_sweep_shard,missing_unadjusted_trading_dates_or_no_rows
5469,瀚宇博,TWSE,0,2024-01-02,2026-06-05,577,2024-01-02,2026-06-05,586,9,false,false,false,official_unadjusted_ohlcv_pit_daily_full_sweep_shard,missing_unadjusted_trading_dates_or_no_rows
5471,松翰,TWSE,0,2024-01-02,2026-06-05,584,2024-01-02,2026-06-05,586,2,false,false,false,official_unadjusted_ohlcv_pit_daily_full_sweep_shard,missing_unadjusted_trading_dates_or_no_rows
5474,聰泰,TPEx,0,2024-01-02,2026-06-05,585,2024-01-02,2026-06-05,586,1,false,false,false,official_unadjusted_ohlcv_pit_daily_full_sweep_shard,missing_unadjusted_trading_dates_or_no_rows
5483,中美晶,TPEx,0,2024-01-02,2026-06-05,585,2024-01-02,2026-06-05,586,1,false,false,false,official_unadjusted_ohlcv_pit_daily_full_sweep_shard,missing_unadjusted_trading_dates_or_no_rows
5498,凱崴,TPEx,0,2024-01-02,2026-06-05,585,2024-01-02,2026-06-05,586,1,false,false,false,official_unadjusted_ohlcv_pit_daily_full_sweep_shard,missing_unadjusted_trading_dates_or_no_rows
5608,四維航,TWSE,0,2024-01-02,2026-06-05,584,2024-01-02,2026-06-05,586,2,false,false,false,official_unadjusted_ohlcv_pit_daily_full_sweep_shard,missing_unadjusted_trading_dates_or_no_rows
5904,寶雅,TPEx,0,2024-01-02,2026-06-05,585,2024-01-02,2026-06-05,586,1,false,false,false,official_unadjusted_ohlcv_pit_daily_full_sweep_shard,missing_unadjusted_trading_dates_or_no_rows
6111,大宇資,TPEx,0,2024-01-02,2026-06-05,585,2024-01-02,2026-06-05,586,1,false,false,false,official_unadjusted_ohlcv_pit_daily_full_sweep_shard,missing_unadjusted_trading_dates_or_no_rows
6117,迎廣,TWSE,3,2024-01-02,2026-06-05,584,2024-01-02,2026-06-05,586,2,false,false,false,official_unadjusted_ohlcv_pit_daily_full_sweep_shard,missing_unadjusted_trading_dates_or_no_rows
6121,新普,TPEx,0,2024-01-02,2026-06-05,585,2024-01-02,2026-06-05,586,1,false,false,false,official_unadjusted_ohlcv_pit_daily_full_sweep_shard,missing_unadjusted_trading_dates_or_no_rows
6125,廣運,TPEx,0,2024-01-02,2026-06-05,585,2024-01-02,2026-06-05,586,1,false,false,false,official_unadjusted_ohlcv_pit_daily_full_sweep_shard,missing_unadjusted_trading_dates_or_no_rows
6126,信音,TPEx,0,2024-01-02,2026-06-05,584,2024-01-02,2026-06-05,586,2,false,false,false,official_unadjusted_ohlcv_pit_daily_full_sweep_shard,missing_unadjusted_trading_dates_or_no_rows
6138,茂達,TPEx,0,2024-01-02,2026-06-05,585,2024-01-02,2026-06-05,586,1,false,false,false,official_unadjusted_ohlcv_pit_daily_full_sweep_shard,missing_unadjusted_trading_dates_or_no_rows
6139,亞翔,TWSE,0,2024-01-02,2026-06-05,584,2024-01-02,2026-06-05,586,2,false,false,false,official_unadjusted_ohlcv_pit_daily_full_sweep_shard,missing_unadjusted_trading_dates_or_no_rows
6140,訊達,TPEx,3,2024-01-02,2026-06-05,585,2024-01-02,2026-06-05,586,1,false,false,false,official_unadjusted_ohlcv_pit_daily_full_sweep_shard,missing_unadjusted_trading_dates_or_no_rows
6143,振曜,TPEx,0,2024-01-02,2026-06-05,585,2024-01-02,2026-06-05,586,1,false,false,false,official_unadjusted_ohlcv_pit_daily_full_sweep_shard,missing_unadjusted_trading_dates_or_no_rows
6147,頎邦,TPEx,0,2024-01-02,2026-06-05,585,2024-01-02,2026-06-05,586,1,false,false,false,official_unadjusted_ohlcv_pit_daily_full_sweep_shard,missing_unadjusted_trading_dates_or_no_rows
6148,驊宏資,TPEx,3,2024-01-02,2026-06-05,585,2024-01-02,2026-06-05,586,1,false,false,false,official_unadjusted_ohlcv_pit_daily_full_sweep_shard,missing_unadjusted_trading_dates_or_no_rows
6150,撼訊,TPEx,0,2024-01-02,2026-06-05,585,2024-01-02,2026-06-05,586,1,false,false,false,official_unadjusted_ohlcv_pit_daily_full_sweep_shard,missing_unadjusted_trading_dates_or_no_rows
6166,凌華,TWSE,0,2024-01-02,2026-06-05,584,2024-01-02,2026-06-05,586,2,false,false,false,official_unadjusted_ohlcv_pit_daily_full_sweep_shard,missing_unadjusted_trading_dates_or_no_rows
6173,信昌電,TPEx,6,2024-01-02,2026-06-05,585,2024-01-02,2026-06-05,586,1,false,false,false,official_unadjusted_ohlcv_pit_daily_full_sweep_shard,missing_unadjusted_trading_dates_or_no_rows
6176,瑞儀,TWSE,0,2024-01-02,2026-06-05,584,2024-01-02,2026-06-05,586,2,false,false,false,official_unadjusted_ohlcv_pit_daily_full_sweep_shard,missing_unadjusted_trading_dates_or_no_rows
6182,合晶,TPEx,3,2024-01-02,2026-06-05,585,2024-01-02,2026-06-05,586,1,false,false,false,official_unadjusted_ohlcv_pit_daily_full_sweep_shard,missing_unadjusted_trading_dates_or_no_rows
6187,萬潤,TPEx,3,2024-01-02,2026-06-05,585,2024-01-02,2026-06-05,586,1,false,false,false,official_unadjusted_ohlcv_pit_daily_full_sweep_shard,missing_unadjusted_trading_dates_or_no_rows
6196,帆宣,TWSE,0,2024-01-02,2026-06-05,584,2024-01-02,2026-06-05,586,2,false,false,false,official_unadjusted_ohlcv_pit_daily_full_sweep_shard,missing_unadjusted_trading_dates_or_no_rows
6205,詮欣,TWSE,0,2024-01-02,2026-06-05,584,2024-01-02,2026-06-05,586,2,false,false,false,official_unadjusted_ohlcv_pit_daily_full_sweep_shard,missing_unadjusted_trading_dates_or_no_rows
6206,飛捷,TWSE,3,2024-01-02,2026-06-05,584,2024-01-02,2026-06-05,586,2,false,false,false,official_unadjusted_ohlcv_pit_daily_full_sweep_shard,missing_unadjusted_trading_dates_or_no_rows
6215,和椿,TWSE,3,2024-01-02,2026-06-05,584,2024-01-02,2026-06-05,586,2,false,false,false,official_unadjusted_ohlcv_pit_daily_full_sweep_shard,missing_unadjusted_trading_dates_or_no_rows
6217,中探針,TPEx,0,2024-01-02,2026-06-05,585,2024-01-02,2026-06-05,586,1,false,false,false,official_unadjusted_ohlcv_pit_daily_full_sweep_shard,missing_unadjusted_trading_dates_or_no_rows
6220,岳豐,TPEx,0,2024-01-02,2026-06-05,585,2024-01-02,2026-06-05,586,1,false,false,false,official_unadjusted_ohlcv_pit_daily_full_sweep_shard,missing_unadjusted_trading_dates_or_no_rows
6227,茂綸,TPEx,3,2024-01-02,2026-06-05,585,2024-01-02,2026-06-05,586,1,false,false,false,official_unadjusted_ohlcv_pit_daily_full_sweep_shard,missing_unadjusted_trading_dates_or_no_rows
6230,尼得科超眾,TWSE,0,2024-01-02,2026-06-05,583,2024-01-02,2026-06-05,586,3,false,false,false,official_unadjusted_ohlcv_pit_daily_full_sweep_shard,missing_unadjusted_trading_dates_or_no_rows
6235,華孚,TWSE,0,2024-01-02,2026-06-05,584,2024-01-02,2026-06-05,586,2,false,false,false,official_unadjusted_ohlcv_pit_daily_full_sweep_shard,missing_unadjusted_trading_dates_or_no_rows
6237,驊訊,TPEx,0,2024-01-02,2026-06-05,585,2024-01-02,2026-06-05,586,1,false,false,false,official_unadjusted_ohlcv_pit_daily_full_sweep_shard,missing_unadjusted_trading_dates_or_no_rows
6238,勝麗,TPEx,0,2024-01-02,2026-06-05,0,,,586,586,false,false,false,blocked_missing_local_price_rows,missing_unadjusted_trading_dates_or_no_rows
6239,力成,TWSE,0,2024-01-02,2026-06-05,584,2024-01-02,2026-06-05,586,2,false,false,false,official_unadjusted_ohlcv_pit_daily_full_sweep_shard,missing_unadjusted_trading_dates_or_no_rows
6251,定穎,TWSE,0,2024-01-02,2026-06-05,2,2025-08-01,2026-02-20,586,584,false,false,false,official_unadjusted_ohlcv_pit_daily_full_sweep_shard,missing_unadjusted_trading_dates_or_no_rows
6266,泰詠,TPEx,0,2024-01-02,2026-06-05,585,2024-01-02,2026-06-05,586,1,false,false,false,official_unadjusted_ohlcv_pit_daily_full_sweep_shard,missing_unadjusted_trading_dates_or_no_rows
6271,同欣電,TWSE,0,2024-01-02,2026-06-05,584,2024-01-02,2026-06-05,586,2,false,false,false,official_unadjusted_ohlcv_pit_daily_full_sweep_shard,missing_unadjusted_trading_dates_or_no_rows
6274,台燿,TPEx,0,2024-01-02,2026-06-05,585,2024-01-02,2026-06-05,586,1,false,false,false,official_unadjusted_ohlcv_pit_daily_full_sweep_shard,missing_unadjusted_trading_dates_or_no_rows
6278,台表科,TWSE,0,2024-01-02,2026-06-05,584,2024-01-02,2026-06-05,586,2,false,false,false,official_unadjusted_ohlcv_pit_daily_full_sweep_shard,missing_unadjusted_trading_dates_or_no_rows
6279,胡連,TPEx,0,2024-01-02,2026-06-05,585,2024-01-02,2026-06-05,586,1,false,false,false,official_unadjusted_ohlcv_pit_daily_full_sweep_shard,missing_unadjusted_trading_dates_or_no_rows
6291,沛亨,TPEx,2,2024-01-02,2026-06-05,585,2024-01-02,2026-06-05,586,1,false,false,false,official_unadjusted_ohlcv_pit_daily_full_sweep_shard,missing_unadjusted_trading_dates_or_no_rows
6411,晶焱,TPEx,0,2024-01-02,2026-06-05,585,2024-01-02,2026-06-05,586,1,false,false,false,official_unadjusted_ohlcv_pit_daily_full_sweep_shard,missing_unadjusted_trading_dates_or_no_rows
6412,群電,TWSE,0,2024-01-02,2026-06-05,584,2024-01-02,2026-06-05,586,2,false,false,false,official_unadjusted_ohlcv_pit_daily_full_sweep_shard,missing_unadjusted_trading_dates_or_no_rows
6414,樺漢,TWSE,0,2024-01-02,2026-06-05,584,2024-01-02,2026-06-05,586,2,false,false,false,official_unadjusted_ohlcv_pit_daily_full_sweep_shard,missing_unadjusted_trading_dates_or_no_rows
6415,矽力*-KY,TWSE,0,2024-01-02,2026-06-05,584,2024-01-02,2026-06-05,586,2,false,false,false,official_unadjusted_ohlcv_pit_daily_full_sweep_shard,missing_unadjusted_trading_dates_or_no_rows
6435,大中,TPEx,0,2024-01-02,2026-06-05,585,2024-01-02,2026-06-05,586,1,false,false,false,official_unadjusted_ohlcv_pit_daily_full_sweep_shard,missing_unadjusted_trading_dates_or_no_rows
6438,迅得,TWSE,3,2024-01-02,2026-06-05,582,2024-01-02,2026-06-05,586,4,false,false,false,official_unadjusted_ohlcv_pit_daily_full_sweep_shard,missing_unadjusted_trading_dates_or_no_rows
6441,廣錠,TPEx,0,2024-01-02,2026-06-05,585,2024-01-02,2026-06-05,586,1,false,false,false,official_unadjusted_ohlcv_pit_daily_full_sweep_shard,missing_unadjusted_trading_dates_or_no_rows
6442,光聖,TWSE,0,2024-01-02,2026-06-05,584,2024-01-02,2026-06-05,586,2,false,false,false,official_unadjusted_ohlcv_pit_daily_full_sweep_shard,missing_unadjusted_trading_dates_or_no_rows
6451,訊芯-KY,TWSE,0,2024-01-02,2026-06-05,584,2024-01-02,2026-06-05,586,2,false,false,false,official_unadjusted_ohlcv_pit_daily_full_sweep_shard,missing_unadjusted_trading_dates_or_no_rows
6470,宇智,TPEx,0,2024-01-02,2026-06-05,585,2024-01-02,2026-06-05,586,1,false,false,false,official_unadjusted_ohlcv_pit_daily_full_sweep_shard,missing_unadjusted_trading_dates_or_no_rows
6472,保瑞,TPEx,0,2024-01-02,2026-06-05,580,2024-01-02,2026-06-05,586,6,false,false,false,official_unadjusted_ohlcv_pit_daily_full_sweep_shard,missing_unadjusted_trading_dates_or_no_rows
6488,環球晶,TPEx,0,2024-01-02,2026-06-05,585,2024-01-02,2026-06-05,586,1,false,false,false,official_unadjusted_ohlcv_pit_daily_full_sweep_shard,missing_unadjusted_trading_dates_or_no_rows
6508,惠光,TPEx,0,2024-01-02,2026-06-05,585,2024-01-02,2026-06-05,586,1,false,false,false,official_unadjusted_ohlcv_pit_daily_full_sweep_shard,missing_unadjusted_trading_dates_or_no_rows
6510,精測,TPEx,0,2024-01-02,2026-06-05,585,2024-01-02,2026-06-05,586,1,false,false,false,official_unadjusted_ohlcv_pit_daily_full_sweep_shard,missing_unadjusted_trading_dates_or_no_rows
6515,穎崴,TWSE,3,2024-01-02,2026-06-05,582,2024-01-02,2026-06-05,586,4,false,false,false,official_unadjusted_ohlcv_pit_daily_full_sweep_shard,missing_unadjusted_trading_dates_or_no_rows
6525,捷敏-KY,TWSE,0,2024-01-02,2026-06-05,584,2024-01-02,2026-06-05,586,2,false,false,false,official_unadjusted_ohlcv_pit_daily_full_sweep_shard,missing_unadjusted_trading_dates_or_no_rows
6531,愛普*,TWSE,3,2024-01-02,2026-06-05,584,2024-01-02,2026-06-05,586,2,false,false,false,official_unadjusted_ohlcv_pit_daily_full_sweep_shard,missing_unadjusted_trading_dates_or_no_rows
6548,長華科,TPEx,0,2024-01-02,2026-06-05,585,2024-01-02,2026-06-05,586,1,false,false,false,official_unadjusted_ohlcv_pit_daily_full_sweep_shard,missing_unadjusted_trading_dates_or_no_rows
6552,易華電,TWSE,0,2024-01-02,2026-06-05,584,2024-01-02,2026-06-05,586,2,false,false,false,official_unadjusted_ohlcv_pit_daily_full_sweep_shard,missing_unadjusted_trading_dates_or_no_rows
6558,興能高,TWSE,0,2024-01-02,2026-06-05,582,2024-01-02,2026-06-05,586,4,false,false,false,official_unadjusted_ohlcv_pit_daily_full_sweep_shard,missing_unadjusted_trading_dates_or_no_rows
6568,宏觀,TPEx,0,2024-01-02,2026-06-05,585,2024-01-02,2026-06-05,586,1,false,false,false,official_unadjusted_ohlcv_pit_daily_full_sweep_shard,missing_unadjusted_trading_dates_or_no_rows
6593,台灣銘板,TPEx,0,2024-01-02,2026-06-05,585,2024-01-02,2026-06-05,586,1,false,false,false,official_unadjusted_ohlcv_pit_daily_full_sweep_shard,missing_unadjusted_trading_dates_or_no_rows
6612,奈米醫材,TPEx,0,2024-01-02,2026-06-05,584,2024-01-02,2026-06-05,586,2,false,false,false,official_unadjusted_ohlcv_pit_daily_full_sweep_shard,missing_unadjusted_trading_dates_or_no_rows
6643,M31,TPEx,0,2024-01-02,2026-06-05,585,2024-01-02,2026-06-05,586,1,false,false,false,official_unadjusted_ohlcv_pit_daily_full_sweep_shard,missing_unadjusted_trading_dates_or_no_rows
6666,羅麗芬-KY,TWSE,0,2024-01-02,2026-06-05,581,2024-01-02,2026-06-05,586,5,false,false,false,official_unadjusted_ohlcv_pit_daily_full_sweep_shard,missing_unadjusted_trading_dates_or_no_rows
6667,信紘科,TPEx,0,2024-01-02,2026-06-05,585,2024-01-02,2026-06-05,586,1,false,false,false,official_unadjusted_ohlcv_pit_daily_full_sweep_shard,missing_unadjusted_trading_dates_or_no_rows
6679,鈺太,TPEx,0,2024-01-02,2026-06-05,585,2024-01-02,2026-06-05,586,1,false,false,false,official_unadjusted_ohlcv_pit_daily_full_sweep_shard,missing_unadjusted_trading_dates_or_no_rows
6691,洋基工程,TWSE,2,2024-01-02,2026-06-05,582,2024-01-02,2026-06-05,586,4,false,false,false,official_unadjusted_ohlcv_pit_daily_full_sweep_shard,missing_unadjusted_trading_dates_or_no_rows
6698,旭暉應材,TWSE,0,2024-01-02,2026-06-05,582,2024-01-02,2026-06-05,586,4,false,false,false,official_unadjusted_ohlcv_pit_daily_full_sweep_shard,missing_unadjusted_trading_dates_or_no_rows
6719,力智,TWSE,0,2024-01-02,2026-06-05,582,2024-01-02,2026-06-05,586,4,false,false,false,official_unadjusted_ohlcv_pit_daily_full_sweep_shard,missing_unadjusted_trading_dates_or_no_rows
6753,龍德造船,TWSE,3,2024-01-02,2026-06-05,582,2024-01-02,2026-06-05,586,4,false,false,false,official_unadjusted_ohlcv_pit_daily_full_sweep_shard,missing_unadjusted_trading_dates_or_no_rows
6782,視陽,TWSE,0,2024-01-02,2026-06-05,582,2024-01-02,2026-06-05,586,4,false,false,false,official_unadjusted_ohlcv_pit_daily_full_sweep_shard,missing_unadjusted_trading_dates_or_no_rows
6788,華景電,TPEx,6,2024-01-02,2026-06-05,585,2024-01-02,2026-06-05,586,1,false,false,false,official_unadjusted_ohlcv_pit_daily_full_sweep_shard,missing_unadjusted_trading_dates_or_no_rows
6799,來頡,TWSE,0,2024-01-02,2026-06-05,582,2024-01-02,2026-06-05,586,4,false,false,false,official_unadjusted_ohlcv_pit_daily_full_sweep_shard,missing_unadjusted_trading_dates_or_no_rows
6805,富世達,TWSE,6,2024-01-02,2026-06-05,582,2024-01-02,2026-06-05,586,4,false,false,false,official_unadjusted_ohlcv_pit_daily_full_sweep_shard,missing_unadjusted_trading_dates_or_no_rows
6829,千附精密,TPEx,0,2024-01-02,2026-06-05,585,2024-01-02,2026-06-05,586,1,false,false,false,official_unadjusted_ohlcv_pit_daily_full_sweep_shard,missing_unadjusted_trading_dates_or_no_rows
6863,永道-KY,TWSE,3,2024-01-02,2026-06-05,582,2024-01-02,2026-06-05,586,4,false,false,false,official_unadjusted_ohlcv_pit_daily_full_sweep_shard,missing_unadjusted_trading_dates_or_no_rows
6903,巨漢,TPEx,3,2024-01-02,2026-06-05,481,2024-06-12,2026-06-05,586,105,false,false,false,official_unadjusted_ohlcv_pit_daily_full_sweep_shard,missing_unadjusted_trading_dates_or_no_rows
7610,聯友金屬-創,TWSE,3,2024-01-02,2026-06-05,177,2025-07-10,2026-06-05,586,409,false,false,false,official_unadjusted_ohlcv_pit_daily_full_sweep_shard,missing_unadjusted_trading_dates_or_no_rows
7722,LINEPAY,TWSE,3,2024-01-02,2026-06-05,360,2024-12-05,2026-06-05,586,226,false,false,false,official_unadjusted_ohlcv_pit_daily_full_sweep_shard,missing_unadjusted_trading_dates_or_no_rows
7734,印能科技,TPEx,3,2024-01-02,2026-06-05,311,2025-02-26,2026-06-05,586,275,false,false,false,official_unadjusted_ohlcv_pit_daily_full_sweep_shard,missing_unadjusted_trading_dates_or_no_rows
8016,矽創,TWSE,0,2024-01-02,2026-06-05,584,2024-01-02,2026-06-05,586,2,false,false,false,official_unadjusted_ohlcv_pit_daily_full_sweep_shard,missing_unadjusted_trading_dates_or_no_rows
8028,昇陽半導體,TWSE,3,2024-01-02,2026-06-05,582,2024-01-02,2026-06-05,586,4,false,false,false,official_unadjusted_ohlcv_pit_daily_full_sweep_shard,missing_unadjusted_trading_dates_or_no_rows
8039,台虹,TWSE,3,2024-01-02,2026-06-05,584,2024-01-02,2026-06-05,586,2,false,false,false,official_unadjusted_ohlcv_pit_daily_full_sweep_shard,missing_unadjusted_trading_dates_or_no_rows
8044,網家,TPEx,0,2024-01-02,2026-06-05,585,2024-01-02,2026-06-05,586,1,false,false,false,official_unadjusted_ohlcv_pit_daily_full_sweep_shard,missing_unadjusted_trading_dates_or_no_rows
8046,南電,TWSE,3,2024-01-02,2026-06-05,584,2024-01-02,2026-06-05,586,2,false,false,false,official_unadjusted_ohlcv_pit_daily_full_sweep_shard,missing_unadjusted_trading_dates_or_no_rows
8069,元太,TPEx,0,2024-01-02,2026-06-05,585,2024-01-02,2026-06-05,586,1,false,false,false,official_unadjusted_ohlcv_pit_daily_full_sweep_shard,missing_unadjusted_trading_dates_or_no_rows
8076,伍豐,TPEx,0,2024-01-02,2026-06-05,585,2024-01-02,2026-06-05,586,1,false,false,false,official_unadjusted_ohlcv_pit_daily_full_sweep_shard,missing_unadjusted_trading_dates_or_no_rows
8088,品安,TPEx,3,2024-01-02,2026-06-05,585,2024-01-02,2026-06-05,586,1,false,false,false,official_unadjusted_ohlcv_pit_daily_full_sweep_shard,missing_unadjusted_trading_dates_or_no_rows
8096,擎亞,TPEx,0,2024-01-02,2026-06-05,585,2024-01-02,2026-06-05,586,1,false,false,false,official_unadjusted_ohlcv_pit_daily_full_sweep_shard,missing_unadjusted_trading_dates_or_no_rows
8103,瀚荃,TWSE,3,2024-01-02,2026-06-05,577,2024-01-02,2026-06-05,586,9,false,false,false,official_unadjusted_ohlcv_pit_daily_full_sweep_shard,missing_unadjusted_trading_dates_or_no_rows
8114,振樺電,TWSE,3,2024-01-02,2026-06-05,584,2024-01-02,2026-06-05,586,2,false,false,false,official_unadjusted_ohlcv_pit_daily_full_sweep_shard,missing_unadjusted_trading_dates_or_no_rows
8150,南茂,TWSE,0,2024-01-02,2026-06-05,584,2024-01-02,2026-06-05,586,2,false,false,false,official_unadjusted_ohlcv_pit_daily_full_sweep_shard,missing_unadjusted_trading_dates_or_no_rows
8182,加高,TPEx,0,2024-01-02,2026-06-05,585,2024-01-02,2026-06-05,586,1,false,false,false,official_unadjusted_ohlcv_pit_daily_full_sweep_shard,missing_unadjusted_trading_dates_or_no_rows
8183,精星,TPEx,0,2024-01-02,2026-06-05,585,2024-01-02,2026-06-05,586,1,false,false,false,official_unadjusted_ohlcv_pit_daily_full_sweep_shard,missing_unadjusted_trading_dates_or_no_rows
8210,勤誠,TWSE,3,2024-01-02,2026-06-05,584,2024-01-02,2026-06-05,586,2,false,false,false,official_unadjusted_ohlcv_pit_daily_full_sweep_shard,missing_unadjusted_trading_dates_or_no_rows
8227,巨有科技,TPEx,3,2024-01-02,2026-06-05,585,2024-01-02,2026-06-05,586,1,false,false,false,official_unadjusted_ohlcv_pit_daily_full_sweep_shard,missing_unadjusted_trading_dates_or_no_rows
8249,菱光,TWSE,3,2024-01-02,2026-06-05,577,2024-01-02,2026-06-05,586,9,false,false,false,official_unadjusted_ohlcv_pit_daily_full_sweep_shard,missing_unadjusted_trading_dates_or_no_rows
8261,富鼎,TWSE,0,2024-01-02,2026-06-05,584,2024-01-02,2026-06-05,586,2,false,false,false,official_unadjusted_ohlcv_pit_daily_full_sweep_shard,missing_unadjusted_trading_dates_or_no_rows
8271,宇瞻,TWSE,9,2024-01-02,2026-06-05,584,2024-01-02,2026-06-05,586,2,false,false,false,official_unadjusted_ohlcv_pit_daily_full_sweep_shard,missing_unadjusted_trading_dates_or_no_rows
8299,群聯,TPEx,6,2024-01-02,2026-06-05,585,2024-01-02,2026-06-05,586,1,false,false,false,official_unadjusted_ohlcv_pit_daily_full_sweep_shard,missing_unadjusted_trading_dates_or_no_rows
8341,日友,TWSE,0,2024-01-02,2026-06-05,584,2024-01-02,2026-06-05,586,2,false,false,false,official_unadjusted_ohlcv_pit_daily_full_sweep_shard,missing_unadjusted_trading_dates_or_no_rows
8358,金居,TPEx,15,2024-01-02,2026-06-05,585,2024-01-02,2026-06-05,586,1,false,false,false,official_unadjusted_ohlcv_pit_daily_full_sweep_shard,missing_unadjusted_trading_dates_or_no_rows
8433,弘帆,TPEx,0,2024-01-02,2026-06-05,585,2024-01-02,2026-06-05,586,1,false,false,false,official_unadjusted_ohlcv_pit_daily_full_sweep_shard,missing_unadjusted_trading_dates_or_no_rows
8436,大江,TPEx,0,2024-01-02,2026-06-05,585,2024-01-02,2026-06-05,586,1,false,false,false,official_unadjusted_ohlcv_pit_daily_full_sweep_shard,missing_unadjusted_trading_dates_or_no_rows
8440,綠電,TPEx,0,2024-01-02,2026-06-05,585,2024-01-02,2026-06-05,586,1,false,false,false,official_unadjusted_ohlcv_pit_daily_full_sweep_shard,missing_unadjusted_trading_dates_or_no_rows
8454,富邦媒,TWSE,0,2024-01-02,2026-06-05,584,2024-01-02,2026-06-05,586,2,false,false,false,official_unadjusted_ohlcv_pit_daily_full_sweep_shard,missing_unadjusted_trading_dates_or_no_rows
8464,億豐,TWSE,3,2024-01-02,2026-06-05,584,2024-01-02,2026-06-05,586,2,false,false,false,official_unadjusted_ohlcv_pit_daily_full_sweep_shard,missing_unadjusted_trading_dates_or_no_rows
8478,東哥遊艇,TWSE,0,2024-01-02,2026-06-05,584,2024-01-02,2026-06-05,586,2,false,false,false,official_unadjusted_ohlcv_pit_daily_full_sweep_shard,missing_unadjusted_trading_dates_or_no_rows
8996,高力,TWSE,3,2024-01-02,2026-06-05,584,2024-01-02,2026-06-05,586,2,false,false,false,official_unadjusted_ohlcv_pit_daily_full_sweep_shard,missing_unadjusted_trading_dates_or_no_rows
9103,美德醫療-DR,TWSE,0,2024-01-02,2026-06-05,584,2024-01-02,2026-06-05,586,2,false,false,false,official_unadjusted_ohlcv_pit_daily_full_sweep_shard,missing_unadjusted_trading_dates_or_no_rows
9105,泰金寶-DR,TWSE,3,2024-01-02,2026-06-05,584,2024-01-02,2026-06-05,586,2,false,false,false,official_unadjusted_ohlcv_pit_daily_full_sweep_shard,missing_unadjusted_trading_dates_or_no_rows
9802,鈺齊-KY,TWSE,0,2024-01-02,2026-06-05,584,2024-01-02,2026-06-05,586,2,false,false,false,official_unadjusted_ohlcv_pit_daily_full_sweep_shard,missing_unadjusted_trading_dates_or_no_rows
9919,康那香,TWSE,0,2024-01-02,2026-06-05,584,2024-01-02,2026-06-05,586,2,false,false,false,official_unadjusted_ohlcv_pit_daily_full_sweep_shard,missing_unadjusted_trading_dates_or_no_rows
9935,慶豐富,TWSE,0,2024-01-02,2026-06-05,584,2024-01-02,2026-06-05,586,2,false,false,false,official_unadjusted_ohlcv_pit_daily_full_sweep_shard,missing_unadjusted_trading_dates_or_no_rows
9938,百和,TWSE,0,2024-01-02,2026-06-05,584,2024-01-02,2026-06-05,586,2,false,false,false,official_unadjusted_ohlcv_pit_daily_full_sweep_shard,missing_unadjusted_trading_dates_or_no_rows
9945,潤泰新,TWSE,0,2024-01-02,2026-06-05,584,2024-01-02,2026-06-05,586,2,false,false,false,official_unadjusted_ohlcv_pit_daily_full_sweep_shard,missing_unadjusted_trading_dates_or_no_rows
9951,皇田,TPEx,0,2024-01-02,2026-06-05,585,2024-01-02,2026-06-05,586,1,false,false,false,official_unadjusted_ohlcv_pit_daily_full_sweep_shard,missing_unadjusted_trading_dates_or_no_rows
9958,世紀鋼,TWSE,3,2024-01-02,2026-06-05,584,2024-01-02,2026-06-05,586,2,false,false,false,official_unadjusted_ohlcv_pit_daily_full_sweep_shard,missing_unadjusted_trading_dates_or_no_rows
