family,publication_date,ticker,status,filtered_rows,http_status,response_bytes,source_url,source_hash,retrieval_time_utc,error
tdcc,2025-07-25,2308,accepted,15,200,76794,https://www.tdcc.com.tw/portal/zh/smWeb/qryStock,270ccc5c6374332541c05ef9a16b10b979adf5c777545901f6b1b0df3d311198,2026-07-21T11:10:28+00:00,
tdcc,2025-07-25,2317,accepted,16,200,77488,https://www.tdcc.com.tw/portal/zh/smWeb/qryStock,f2454f78c6d050d8a1d9d8156d004468000f6c000024a3ae581079e9c7f70564,2026-07-21T11:10:29+00:00,
tdcc,2025-07-25,2382,accepted,16,200,77456,https://www.tdcc.com.tw/portal/zh/smWeb/qryStock,b7b3d880528acf367f95b8eff03b4473c7bd5c9b1b614ccc63d2c41b60e6ef67,2026-07-21T11:10:29+00:00,
tdcc,2025-07-25,3231,accepted,16,200,77461,https://www.tdcc.com.tw/portal/zh/smWeb/qryStock,219c12c57dcda59f1de7d5fcac1146ceb793980c70d2c65cd9656e1da5379b37,2026-07-21T11:10:29+00:00,
tdcc,2025-08-01,2308,accepted,15,200,76794,https://www.tdcc.com.tw/portal/zh/smWeb/qryStock,7cd8428356849f724e9f2bca22071c8cc97f09040cad3b7407c67960a638072a,2026-07-21T11:10:30+00:00,
tdcc,2025-08-01,2330,accepted,16,200,77496,https://www.tdcc.com.tw/portal/zh/smWeb/qryStock,1b37e477bf4a54ccd66c98155e1535f96a8b999c149b55a43f208516633bcf15,2026-07-21T11:10:30+00:00,
tdcc,2025-08-01,2382,accepted,15,200,76804,https://www.tdcc.com.tw/portal/zh/smWeb/qryStock,ceba9bd1bf072203fd17e8624ee8caef8f96b218c674f3d872b2560437e340d9,2026-07-21T11:10:30+00:00,
tdcc,2025-08-01,2454,accepted,15,200,76797,https://www.tdcc.com.tw/portal/zh/smWeb/qryStock,9b31021171333b9e7f5887fda66f3f7257bb3810e5efd49c889fea2d9c7c31cd,2026-07-21T11:10:31+00:00,
tdcc,2025-08-01,3231,accepted,16,200,77464,https://www.tdcc.com.tw/portal/zh/smWeb/qryStock,3064586da46460bb409f559a51b7bb75f596c8eb3c90585f2eb2cfcd271170d8,2026-07-21T11:10:31+00:00,
tdcc,2025-08-01,6669,accepted,16,200,77424,https://www.tdcc.com.tw/portal/zh/smWeb/qryStock,1d2578f1fbeae9b88671ad0d43c154d28a9a4bca1aff56cc5d8b41d927fce082,2026-07-21T11:10:31+00:00,
tdcc,2025-08-08,2317,accepted,16,200,77491,https://www.tdcc.com.tw/portal/zh/smWeb/qryStock,2a3e763fbdf3bf5d7f77bc98ed430101f7b604856ef77bec57ac2c07b6dd8bbd,2026-07-21T11:10:32+00:00,
tdcc,2025-08-08,2382,accepted,16,200,77461,https://www.tdcc.com.tw/portal/zh/smWeb/qryStock,691ccc42fd7d780b03a8d3b3fd1cd390bcaff0dbf8a90a4a3156e9c22b158663,2026-07-21T11:10:32+00:00,
tdcc,2025-08-08,2454,accepted,16,200,77452,https://www.tdcc.com.tw/portal/zh/smWeb/qryStock,69b26dbe14a5be978f06bad2acf3129eb7df5e10da93af844403c4363b2b0a77,2026-07-21T11:10:32+00:00,
tdcc,2025-08-08,3231,accepted,15,200,76809,https://www.tdcc.com.tw/portal/zh/smWeb/qryStock,a48cef6068104b31cfcac0b3bca6a92cf6d3f1775220e5d5377c54c383a79664,2026-07-21T11:10:34+00:00,
tdcc,2025-08-08,6669,accepted,16,200,77425,https://www.tdcc.com.tw/portal/zh/smWeb/qryStock,272b4aa3df217fffa1657677344cd2bddb6275b8d560e76a0205e6e124b4faf3,2026-07-21T11:10:34+00:00,
tdcc,2025-08-15,2330,accepted,16,200,77495,https://www.tdcc.com.tw/portal/zh/smWeb/qryStock,73c1e44736639b83e86fa7109ef96305701d3ce4e7cc027109a639ff3fb3f260,2026-07-21T11:10:34+00:00,
tdcc,2025-08-15,2382,accepted,16,200,77459,https://www.tdcc.com.tw/portal/zh/smWeb/qryStock,a34223adeea9a5306b58242dfe57bae5122118c22a94d4407ec3dee00f6b5c0e,2026-07-21T11:10:35+00:00,
tdcc,2025-08-15,2454,accepted,15,200,76797,https://www.tdcc.com.tw/portal/zh/smWeb/qryStock,2f87d31696c874204181834d0e4257464d5c5c2634264975a5ebbea653075633,2026-07-21T11:10:35+00:00,
tdcc,2025-08-22,2308,accepted,15,200,76796,https://www.tdcc.com.tw/portal/zh/smWeb/qryStock,7de65a382ec3ffa7cbec702a0e19fd0ddfb3fec811a688d50fc47e9c7e9ef497,2026-07-21T11:10:36+00:00,
tdcc,2025-08-22,2382,accepted,15,200,76805,https://www.tdcc.com.tw/portal/zh/smWeb/qryStock,421c60146eb49f101a229fa49453af1aeb2dc70997260fc74872489f1ec31f39,2026-07-21T11:10:36+00:00,
tdcc,2025-08-22,2454,accepted,15,200,76797,https://www.tdcc.com.tw/portal/zh/smWeb/qryStock,a1049dd4ae5a954ac6541ad7f7619fc94c71fe27328559533329c729796e8480,2026-07-21T11:10:37+00:00,
tdcc,2025-08-22,3231,accepted,15,200,76809,https://www.tdcc.com.tw/portal/zh/smWeb/qryStock,502a4fd07e8f2328b357839dbc067a63225db2e8e14eb452fc2a0b4f16f4d943,2026-07-21T11:10:37+00:00,
tdcc,2025-09-05,2308,accepted,15,200,76796,https://www.tdcc.com.tw/portal/zh/smWeb/qryStock,a8ea0d4b8ca71682502ff053b5569f2392453d04f4722767a40f1ee39fece4fd,2026-07-21T11:10:38+00:00,
tdcc,2025-09-05,2382,accepted,15,200,76805,https://www.tdcc.com.tw/portal/zh/smWeb/qryStock,34b979622dcf036d37f8ab2c3e46aff9a1883e9206f0a808fc92a330b3369563,2026-07-21T11:10:38+00:00,
tdcc,2025-09-05,3231,accepted,15,200,76805,https://www.tdcc.com.tw/portal/zh/smWeb/qryStock,d783047cc19299b3e97cafe0e02ea611bac47c7b3264ec6b5b356df5fa6e196e,2026-07-21T11:10:39+00:00,
tdcc,2025-09-12,2308,accepted,16,200,77448,https://www.tdcc.com.tw/portal/zh/smWeb/qryStock,e3dcbea93077baf88ab09bee924f621d7736cf1ea434b2d0c0cac027089858b3,2026-07-21T11:10:39+00:00,
tdcc,2025-09-12,3231,accepted,16,200,77465,https://www.tdcc.com.tw/portal/zh/smWeb/qryStock,b6458b5caacb76e2057b0bfb80f5e70443767e0df4c43d79ee1b80d6daef872d,2026-07-21T11:10:40+00:00,
tdcc,2025-09-12,6669,accepted,15,200,76769,https://www.tdcc.com.tw/portal/zh/smWeb/qryStock,58bc185d641c7e43f551f98c3d87cbfa277db976809ebc37312bac98fc28d1ee,2026-07-21T11:10:40+00:00,
tdcc,2025-09-19,2308,accepted,15,200,76797,https://www.tdcc.com.tw/portal/zh/smWeb/qryStock,0113d0c9d8fa78e06ed35bbbbf1d73b59e9514f530f6d972f8145fadc6af679e,2026-07-21T11:10:41+00:00,
tdcc,2025-09-19,3231,accepted,15,200,76809,https://www.tdcc.com.tw/portal/zh/smWeb/qryStock,b19ea2a979fd5f916669d2700cbe29218bf5b2f97ef1ef545ef4c20739f0f2bf,2026-07-21T11:10:41+00:00,
tdcc,2025-09-26,2308,accepted,15,200,76798,https://www.tdcc.com.tw/portal/zh/smWeb/qryStock,6411ae12b29b02d1b6bcdc5aefe023582b33bebac0acca44db56a00fb3292a6c,2026-07-21T11:10:42+00:00,
tdcc,2025-09-26,6669,accepted,15,200,76769,https://www.tdcc.com.tw/portal/zh/smWeb/qryStock,090c16f484a490006a1bd2532f7a1e9a6619a1c5eb0d97659d99954ec6279088,2026-07-21T11:10:42+00:00,
tdcc,2025-10-03,2454,accepted,15,200,76799,https://www.tdcc.com.tw/portal/zh/smWeb/qryStock,9a310947470444bc7c1f0c1da4a8d1686561b89e873572726dbb6271fa0169bc,2026-07-21T11:10:43+00:00,
tdcc,2025-10-09,2454,accepted,15,200,76799,https://www.tdcc.com.tw/portal/zh/smWeb/qryStock,4cf116616e0a52c14c1002c93b8692c1e1822c23f6aa249e1beea684919e2bdb,2026-07-21T11:10:43+00:00,
tdcc,2025-10-17,2308,accepted,15,200,76798,https://www.tdcc.com.tw/portal/zh/smWeb/qryStock,92e2d5a44cadf7f370b2183f9d788b70481d39e1b91ae6f58aabe6eeeed3cb19,2026-07-21T11:10:44+00:00,
tdcc,2025-10-17,2454,accepted,15,200,76799,https://www.tdcc.com.tw/portal/zh/smWeb/qryStock,e16efb007b2b9d63ec1a263d53549d835c6983910a044ee3c2f089a2862c57d4,2026-07-21T11:10:44+00:00,
tdcc,2025-10-23,2308,accepted,15,200,76798,https://www.tdcc.com.tw/portal/zh/smWeb/qryStock,c4a30e9b028da734ddb57229cb48883905f0d8a6da1354267510528938278602,2026-07-21T11:10:45+00:00,
tdcc,2025-10-23,2454,accepted,15,200,76799,https://www.tdcc.com.tw/portal/zh/smWeb/qryStock,71f236cc7640c5b60d9a16f76ab64f6c613af3bedc6fa32b45715b83c6f1b42c,2026-07-21T11:10:45+00:00,
tdcc,2025-10-23,6669,accepted,15,200,76768,https://www.tdcc.com.tw/portal/zh/smWeb/qryStock,da64d8c34a2f8eee8071006d1e4471f5b1657f6f492040eb567da79f07f0d92f,2026-07-21T11:10:45+00:00,
tdcc,2025-10-31,6669,accepted,15,200,76768,https://www.tdcc.com.tw/portal/zh/smWeb/qryStock,346080d17ef2a2702c40ed90713f5b2e8e95c0d69762a1f8755d5dd882bb6e94,2026-07-21T11:10:46+00:00,
tdcc,2025-11-07,2454,accepted,15,200,76800,https://www.tdcc.com.tw/portal/zh/smWeb/qryStock,099e9a93d8980e647b9cb569a64b32a22197ad3fce90fd2d7d73174ff1d25826,2026-07-21T11:10:46+00:00,
tdcc,2025-11-07,6669,accepted,16,200,77423,https://www.tdcc.com.tw/portal/zh/smWeb/qryStock,24e67572fa548ae9281bc4f8d071b30da372200eb72c408e0c4623e00043792f,2026-07-21T11:10:47+00:00,
tdcc,2025-11-14,2454,accepted,15,200,76800,https://www.tdcc.com.tw/portal/zh/smWeb/qryStock,58b7769d9302ca8dfc70dbbde35638abf3161f72bd44567fc4bb183879855a79,2026-07-21T11:10:47+00:00,
tdcc,2025-11-21,2454,accepted,15,200,76800,https://www.tdcc.com.tw/portal/zh/smWeb/qryStock,674e527b898c86345e57dac481866d681025871ea4e143f7a3bbd5d993857f02,2026-07-21T11:10:48+00:00,
tdcc,2025-11-28,6669,accepted,16,200,77424,https://www.tdcc.com.tw/portal/zh/smWeb/qryStock,6f9c1c939fc2cc840f3095d04a056199026a58dcb16add3f55720ec448a3a770,2026-07-21T11:10:48+00:00,
tdcc,2025-12-05,6669,accepted,15,200,76764,https://www.tdcc.com.tw/portal/zh/smWeb/qryStock,aa388e1fddca7be4c23d0acd0194df2fce228ec463b1134424b5a380823da398,2026-07-21T11:10:49+00:00,
tdcc,2025-12-12,2308,accepted,15,200,76797,https://www.tdcc.com.tw/portal/zh/smWeb/qryStock,587ad8b8b7c2dc6213637e7ac817459b5d727339ee264f9a4ac37446aed0fa76,2026-07-21T11:10:49+00:00,
tdcc,2025-12-19,2308,accepted,15,200,76801,https://www.tdcc.com.tw/portal/zh/smWeb/qryStock,51863f9938a072e197fd4112e919b8ef7f755bfa700a9916ad9364da718a74cf,2026-07-21T11:10:50+00:00,
tdcc,2025-12-19,2382,accepted,15,200,76804,https://www.tdcc.com.tw/portal/zh/smWeb/qryStock,8425dd143142ee86b81b8a65c4b33946abbe4736c89253a066ae8761e9bc409f,2026-07-21T11:10:50+00:00,
tdcc,2025-12-26,2382,accepted,15,200,76804,https://www.tdcc.com.tw/portal/zh/smWeb/qryStock,ea7f258d50a669fb9fc4b2cd0baa6b2847f9f5523ea700811c78fc6a1d35625a,2026-07-21T11:10:51+00:00,
tdcc,2026-01-02,2308,accepted,16,200,77456,https://www.tdcc.com.tw/portal/zh/smWeb/qryStock,85f8165f89ade7e3f7549ccd6cce1caaa5bc115ddb2dc037981169d71d080c52,2026-07-21T11:10:51+00:00,
tdcc,2026-01-02,2382,accepted,15,200,76805,https://www.tdcc.com.tw/portal/zh/smWeb/qryStock,1254efe398cb2c150bc699e1509d000538ce4bd313bc2f67716c86b86fef78c9,2026-07-21T11:10:52+00:00,
tdcc,2026-01-09,2382,accepted,16,200,77461,https://www.tdcc.com.tw/portal/zh/smWeb/qryStock,c82fa206374a3bf2d73e56f5d30589d0b30d69380a4bfbd66869fd89ae3f757e,2026-07-21T11:10:52+00:00,
tdcc,2026-01-09,6669,accepted,15,200,76768,https://www.tdcc.com.tw/portal/zh/smWeb/qryStock,ed4756c5661341fdbb4a6019f54f9caccebe0af8f108d240b3a80b2e0cd8bb5e,2026-07-21T11:10:53+00:00,
tdcc,2026-01-16,3231,accepted,15,200,76810,https://www.tdcc.com.tw/portal/zh/smWeb/qryStock,893196cb6a2867a1d73a35897a20df98b5b26345b852416ac4c91f56c66b0f8f,2026-07-21T11:10:53+00:00,
tdcc,2026-01-16,6669,accepted,15,200,76767,https://www.tdcc.com.tw/portal/zh/smWeb/qryStock,4b8546fc4f61ae89c4070fb718196dcb3701f19d27c64e18f7629f221aa5d30e,2026-07-21T11:10:54+00:00,
tdcc,2026-01-23,2317,accepted,16,200,77491,https://www.tdcc.com.tw/portal/zh/smWeb/qryStock,96485c4bc366df113e8c39894462a8787cdea3de5c1e7a9fa7e92db21aea94de,2026-07-21T11:10:54+00:00,
tdcc,2026-01-23,3231,accepted,15,200,76810,https://www.tdcc.com.tw/portal/zh/smWeb/qryStock,cc45dede90504dc70578e202372b2d6fe6fdd3a2df59829c53a05aeccf7d0378,2026-07-21T11:10:55+00:00,
tdcc,2026-01-23,6669,accepted,15,200,76767,https://www.tdcc.com.tw/portal/zh/smWeb/qryStock,491fa89a90a2f6381b6bdcaec7c05da61dd91521d86f61f2b879920a88aa1039,2026-07-21T11:10:55+00:00,
tdcc,2026-01-30,2317,accepted,16,200,77492,https://www.tdcc.com.tw/portal/zh/smWeb/qryStock,0c1195b1324b29f0b8ae8d56bd8713c727d55d63e4b13414ed30b98bb49ccd5f,2026-07-21T11:10:56+00:00,
tdcc,2026-01-30,2382,accepted,16,200,77459,https://www.tdcc.com.tw/portal/zh/smWeb/qryStock,c3236e956510f6024ce614e442f4f6cb051c5cd787d6bde55d58afaa36bb880b,2026-07-21T11:10:56+00:00,
tdcc,2026-01-30,6669,accepted,15,200,76767,https://www.tdcc.com.tw/portal/zh/smWeb/qryStock,8b0243c2a57130239635616eab9d26e9b89e5649ea059277d65777ae6f7221d2,2026-07-21T11:10:56+00:00,
tdcc,2026-02-06,2308,accepted,16,200,77455,https://www.tdcc.com.tw/portal/zh/smWeb/qryStock,79f09f462d985e2d37ca7b0fcfa176d39aa0778a4dbe62a091cc0c1e883e7839,2026-07-21T11:10:57+00:00,
tdcc,2026-02-06,2317,accepted,15,200,76836,https://www.tdcc.com.tw/portal/zh/smWeb/qryStock,49cdd50d58d50babe7846c824115589f23b9c3d1b982e257b81df6e7714f8709,2026-07-21T11:10:57+00:00,
tdcc,2026-02-06,2330,accepted,16,200,77496,https://www.tdcc.com.tw/portal/zh/smWeb/qryStock,d43e2240e2cdffba6d5c31f75008e1b42351148f8248e6350836055c03bf8db3,2026-07-21T11:10:58+00:00,
tdcc,2026-02-06,2382,accepted,16,200,77458,https://www.tdcc.com.tw/portal/zh/smWeb/qryStock,c1b767a53767c32afb9e1360a5e2bd92515da4402e3bb224a449f66defc9af8a,2026-07-21T11:10:58+00:00,
tdcc,2026-02-06,2454,accepted,16,200,77452,https://www.tdcc.com.tw/portal/zh/smWeb/qryStock,00036577f1f08cc0077405b75dd55042d2626be105a1ec306e94f4228a40fa90,2026-07-21T11:10:58+00:00,
tdcc,2026-02-06,3231,accepted,15,200,76807,https://www.tdcc.com.tw/portal/zh/smWeb/qryStock,90c29f626ab66bcd4a345afb290bdb3cb1400f68a488021874936c3b331bec24,2026-07-21T11:10:59+00:00,
tdcc,2026-02-06,6669,accepted,16,200,77418,https://www.tdcc.com.tw/portal/zh/smWeb/qryStock,0114f5cd5a059a063f553741719118a90cf262a7a9f7ff34a3b3dc06f6fcef51,2026-07-21T11:10:59+00:00,
tdcc,2026-02-13,2454,accepted,15,200,76793,https://www.tdcc.com.tw/portal/zh/smWeb/qryStock,8d43bdae2f5cffe6e2ece275678bec7592f8b020f29eb877afe8d7e6eea90fa1,2026-07-21T11:10:59+00:00,
tdcc,2026-02-13,3231,accepted,15,200,76811,https://www.tdcc.com.tw/portal/zh/smWeb/qryStock,20afa53051983cb7497455f6e9e536ddc245ff4f3d23dc70696f97894be1f7dd,2026-07-21T11:11:00+00:00,
tdcc,2026-02-13,6669,accepted,15,200,76768,https://www.tdcc.com.tw/portal/zh/smWeb/qryStock,5bd05ed2920cc347f960c5b098631eb334d134f192a3c876590557db22c45d8a,2026-07-21T11:11:00+00:00,
tdcc,2026-02-26,2308,accepted,16,200,77454,https://www.tdcc.com.tw/portal/zh/smWeb/qryStock,45285a58b361b50bd3ce1de796d26a10091d3e3dc7bfb43a8bc1b91221e06566,2026-07-21T11:11:01+00:00,
tdcc,2026-02-26,2382,accepted,16,200,77460,https://www.tdcc.com.tw/portal/zh/smWeb/qryStock,82f2abb91e57b9dd34c0e48dca5ea7e9e641d30c3e651779793c537c18cd6cb2,2026-07-21T11:11:01+00:00,
tdcc,2026-02-26,3231,accepted,16,200,77466,https://www.tdcc.com.tw/portal/zh/smWeb/qryStock,663e2edb6d3f168e78ea8731b94927acd209235c047aa6863d501404222e74dc,2026-07-21T11:11:02+00:00,
tdcc,2026-03-06,2317,accepted,16,200,77491,https://www.tdcc.com.tw/portal/zh/smWeb/qryStock,f492fc2ab26fc98251c29220bad71a9ff666128ccecab85ae1b51e60060cd1c5,2026-07-21T11:11:02+00:00,
tdcc,2026-03-06,2382,accepted,15,200,76804,https://www.tdcc.com.tw/portal/zh/smWeb/qryStock,8e773f2270e5fe24e82accfb8a52c85500a16284e041f62c40f1f7ee084519cc,2026-07-21T11:11:03+00:00,
tdcc,2026-03-06,3231,accepted,15,200,76811,https://www.tdcc.com.tw/portal/zh/smWeb/qryStock,f01c0f3f06ff1c771bebdfb7cdd81d923ef5e405cc617d018268a368272f2a8e,2026-07-21T11:11:03+00:00,
tdcc,2026-03-06,6669,accepted,15,200,76768,https://www.tdcc.com.tw/portal/zh/smWeb/qryStock,bca2965a60a01f840802ecc4ba327a88b50afc1769d0a9ef58c7a4ac54950758,2026-07-21T11:11:04+00:00,
tdcc,2026-03-13,2454,accepted,15,200,76796,https://www.tdcc.com.tw/portal/zh/smWeb/qryStock,41648d4f671075c0abf1a0c69a6068c80b3c7dca7c16730f8bafec49e1ae3370,2026-07-21T11:11:06+00:00,
tdcc,2026-03-13,3231,accepted,15,200,76811,https://www.tdcc.com.tw/portal/zh/smWeb/qryStock,3a2587d6ec0881a15b41b1f6e4265fbd40ef08232af27d3e1ce4c16c2eaa154e,2026-07-21T11:11:06+00:00,
tdcc,2026-03-20,2308,accepted,15,200,76799,https://www.tdcc.com.tw/portal/zh/smWeb/qryStock,5365df405ecab002924b31c1443858f645e59465973fa7bddc2cd361535d1c41,2026-07-21T11:11:07+00:00,
tdcc,2026-03-20,2317,accepted,16,200,77492,https://www.tdcc.com.tw/portal/zh/smWeb/qryStock,751016305afdbb98ed2666c7a4478010302f1b5cb4893cd53b51b5068ac71dd4,2026-07-21T11:11:07+00:00,
tdcc,2026-03-20,2330,accepted,15,200,76840,https://www.tdcc.com.tw/portal/zh/smWeb/qryStock,d2d8d1f15c871d8110017886ecc3d86b608e4a12fd334c3de0e393358203c03f,2026-07-21T11:11:08+00:00,
tdcc,2026-03-20,2382,accepted,15,200,76800,https://www.tdcc.com.tw/portal/zh/smWeb/qryStock,bed99a4a38f4672e432316bd50795cb727a8646fa94634a5cd3dba76d28d5a9f,2026-07-21T11:11:09+00:00,
tdcc,2026-03-20,2454,accepted,15,200,76793,https://www.tdcc.com.tw/portal/zh/smWeb/qryStock,d4add8788be475cc6f203a887a28ffb7ed34d846a04503f546aa00b17fc7a56f,2026-07-21T11:11:09+00:00,
tdcc,2026-03-20,3231,accepted,15,200,76812,https://www.tdcc.com.tw/portal/zh/smWeb/qryStock,925ec3a680e0735dd7a7e6eb6b7ac69097e0ec8ea3d71929a23e394134324335,2026-07-21T11:11:10+00:00,
tdcc,2026-03-27,2317,accepted,16,200,77492,https://www.tdcc.com.tw/portal/zh/smWeb/qryStock,55743eef2dca00bf8b1134f5712b53687bd48b324cc05e9908544bb00456052d,2026-07-21T11:11:10+00:00,
tdcc,2026-03-27,2454,accepted,15,200,76799,https://www.tdcc.com.tw/portal/zh/smWeb/qryStock,9f5e4fde10947be3ce4ce081d9f4340caf321c1a2b69834efad17c43a22687ca,2026-07-21T11:11:11+00:00,
tdcc,2026-03-27,6669,accepted,15,200,76766,https://www.tdcc.com.tw/portal/zh/smWeb/qryStock,2c82c629e5dc23e23e324c3611d17e080a59977ce51d172cb5c062443c4c8cf2,2026-07-21T11:11:11+00:00,
tdcc,2026-04-02,2308,accepted,15,200,76800,https://www.tdcc.com.tw/portal/zh/smWeb/qryStock,ae859bae2f55696d3e95a43758fcac704298fcfc138cd5551aa109e29d6268bf,2026-07-21T11:11:12+00:00,
tdcc,2026-04-02,2317,accepted,16,200,77492,https://www.tdcc.com.tw/portal/zh/smWeb/qryStock,9d0c65405cfd858deb1ccbacbee43aeb5a8a7a3a83272f4a51f1b77c3a873b4d,2026-07-21T11:11:12+00:00,
tdcc,2026-04-02,2454,accepted,15,200,76799,https://www.tdcc.com.tw/portal/zh/smWeb/qryStock,ee69c6342ed505d497d34506f1f874c6ad834ce4d4406d3ea9e7d8bf0bdded98,2026-07-21T11:11:12+00:00,
tdcc,2026-04-10,2317,accepted,15,200,76837,https://www.tdcc.com.tw/portal/zh/smWeb/qryStock,8aca56fc6421eacd47ee54ad4a8acaf319d77a7547a15cb61006fecd11734b9c,2026-07-21T11:11:13+00:00,
tdcc,2026-04-10,2454,accepted,15,200,76798,https://www.tdcc.com.tw/portal/zh/smWeb/qryStock,93a63551df7cd922e0ab2e8c7d85e40c9893cb6aac5828e7ce6e6aa8a0ec4db4,2026-07-21T11:11:13+00:00,
tdcc,2026-04-10,3231,accepted,15,200,76811,https://www.tdcc.com.tw/portal/zh/smWeb/qryStock,c94e7d0061dd0484e42e60e884d32e2325630c5e1ada52207d17a600bc410bc5,2026-07-21T11:11:14+00:00,
tdcc,2026-04-10,6669,accepted,15,200,76767,https://www.tdcc.com.tw/portal/zh/smWeb/qryStock,78449b5a3aa2b5715c5974f3120253e20fc7ff9e9af9af7ebe0cd13fded61925,2026-07-21T11:11:14+00:00,
tdcc,2026-04-17,2454,accepted,16,200,77452,https://www.tdcc.com.tw/portal/zh/smWeb/qryStock,d74fab8c4dfedf6a1cf15a4adf29f47f89c70df2bea0b2c7a579fd4b90c59308,2026-07-21T11:11:15+00:00,
tdcc,2026-04-17,3231,accepted,16,200,77466,https://www.tdcc.com.tw/portal/zh/smWeb/qryStock,cb8be4db7db034305d4ad9e60e7ef96926aa2aa1542edc7781b76f515ffd6551,2026-07-21T11:11:15+00:00,
tdcc,2026-04-17,6669,accepted,15,200,76767,https://www.tdcc.com.tw/portal/zh/smWeb/qryStock,423757af7dd8ee0da93cacb6c40abf14e37386f8916710b5451bfbb88180e951,2026-07-21T11:11:16+00:00,
tdcc,2026-04-24,2308,accepted,15,200,76800,https://www.tdcc.com.tw/portal/zh/smWeb/qryStock,e0afedb9d2be28a7bf5311550adb9cf06bfb9bd8a9b780344acb720a1edabf5f,2026-07-21T11:11:16+00:00,
tdcc,2026-04-24,2454,accepted,16,200,77451,https://www.tdcc.com.tw/portal/zh/smWeb/qryStock,1eb0d0467a30fe67240c1bd755ae3bbcba6b69c89f2187411ec98765c712e70a,2026-07-21T11:11:17+00:00,
tdcc,2026-04-30,2454,accepted,15,200,76797,https://www.tdcc.com.tw/portal/zh/smWeb/qryStock,3d8e283aacbafb5e7b0154c016cca509d9cfe7825ea277aa1dee1ebf5511a864,2026-07-21T11:11:18+00:00,
tdcc,2026-04-30,3231,accepted,16,200,77467,https://www.tdcc.com.tw/portal/zh/smWeb/qryStock,d7c954488cb25b8d2a3fe52f5b05f9f4a51a112ec0b320a103b4c89a0395a58d,2026-07-21T11:11:18+00:00,
tdcc,2026-05-08,2308,accepted,16,200,77453,https://www.tdcc.com.tw/portal/zh/smWeb/qryStock,a4e824f6bd9eb0141246e450a13925d94475f69540c2079b585162a811ee690b,2026-07-21T11:11:18+00:00,
tdcc,2026-05-08,2454,accepted,16,200,77448,https://www.tdcc.com.tw/portal/zh/smWeb/qryStock,8cef388427bf455ed4bb877b4b50726a43fd525a257b44d8b40c8d4cd278d8be,2026-07-21T11:11:19+00:00,
tdcc,2026-05-08,3231,accepted,15,200,76806,https://www.tdcc.com.tw/portal/zh/smWeb/qryStock,80ed41ebdff9ac0103261060bb4b19445bc2b8db04e7cb222d0d8285432bdecd,2026-07-21T11:11:19+00:00,
tdcc,2026-05-08,6669,accepted,16,200,77423,https://www.tdcc.com.tw/portal/zh/smWeb/qryStock,f0d8d633f01e8da3aaee7b9890f3bfa005715a1fe7019ac40a18178f3273490b,2026-07-21T11:11:20+00:00,
tdcc,2026-05-15,2382,accepted,15,200,76801,https://www.tdcc.com.tw/portal/zh/smWeb/qryStock,c026233ec20b86592001f6fef1005b540b2800fe7a7f79cf9d7d66f7f6186792,2026-07-21T11:11:20+00:00,
tdcc,2026-05-15,2454,accepted,15,200,76797,https://www.tdcc.com.tw/portal/zh/smWeb/qryStock,26ba1aaff209073d0c55cbe38c745ce4684ad02f19adbf86557919f0e25d9d01,2026-07-21T11:11:21+00:00,
tdcc,2026-05-15,3231,accepted,16,200,77466,https://www.tdcc.com.tw/portal/zh/smWeb/qryStock,d76397e34587358c3578bcc7c2a41a1b7e2a6192b4576981b3d1cfd8b10de371,2026-07-21T11:11:21+00:00,
tdcc,2026-05-22,2382,accepted,16,200,77458,https://www.tdcc.com.tw/portal/zh/smWeb/qryStock,afa0b73d742c003d8896aa0559bae2f3e73f2d27b3252bb63c9b2bc01ccc6686,2026-07-21T11:11:22+00:00,
tdcc,2026-05-22,2454,accepted,15,200,76797,https://www.tdcc.com.tw/portal/zh/smWeb/qryStock,86f6137514272898ddc8996e97bcf58754f75e28477090663844db8e2479a7fb,2026-07-21T11:11:22+00:00,
tdcc,2026-05-22,3231,accepted,16,200,77468,https://www.tdcc.com.tw/portal/zh/smWeb/qryStock,d177ffe969130726ffad78a352b873eba3310e833110647206f817f1324961e8,2026-07-21T11:11:23+00:00,
tdcc,2026-05-29,2382,accepted,15,200,76804,https://www.tdcc.com.tw/portal/zh/smWeb/qryStock,d76d6a6d206c4fa94e793cdfa35032d3e83b81f81fb5813b5215a170fc63c20d,2026-07-21T11:11:23+00:00,
tdcc,2026-05-29,2454,accepted,16,200,77453,https://www.tdcc.com.tw/portal/zh/smWeb/qryStock,c73a3a6270e2cfc2ce21bb2b6833ada36f1009aef14572928e04e6b4864f1af1,2026-07-21T11:11:24+00:00,
tdcc,2026-05-29,3231,accepted,15,200,76810,https://www.tdcc.com.tw/portal/zh/smWeb/qryStock,1e5108dc622947b8e4405927417a3109b28a25840eca10e347c74235df0f7fbe,2026-07-21T11:11:24+00:00,
tdcc,2026-05-29,6669,accepted,15,200,76767,https://www.tdcc.com.tw/portal/zh/smWeb/qryStock,3950eeca6fa5e6dff6eab46436b0c3b61e5f0ad94bc74f31f6e386fc4969e487,2026-07-21T11:11:25+00:00,
tdcc,2026-06-05,2454,accepted,16,200,77454,https://www.tdcc.com.tw/portal/zh/smWeb/qryStock,f4cc8722764bd8d55a71c4a33adb96c3d3bfba549374842a665afc2afbe7221a,2026-07-21T11:11:25+00:00,
tdcc,2026-06-12,2454,accepted,15,200,76797,https://www.tdcc.com.tw/portal/zh/smWeb/qryStock,5c0825614e02bd4cffae5f237e44e31e42a1e2ae42bfe9a5f9e4d19169792b65,2026-07-21T11:11:25+00:00,
tdcc,2026-06-12,6669,accepted,15,200,76766,https://www.tdcc.com.tw/portal/zh/smWeb/qryStock,e1d2cd7d3a723d95143edebea935d1c4a94cb9de54f24b029aae9f80061254cb,2026-07-21T11:11:26+00:00,
tdcc,2026-06-26,2308,accepted,15,200,76801,https://www.tdcc.com.tw/portal/zh/smWeb/qryStock,c4a2cba18ecaa44feb3735140b8bee7197a45e8ef3fe661bf4a19924450c3b3f,2026-07-21T11:11:26+00:00,
tdcc,2026-06-26,6669,accepted,15,200,76767,https://www.tdcc.com.tw/portal/zh/smWeb/qryStock,7eb3570ce4093267bbf83333955c9410d17df563aae6e43ab3a22d7f2bddd7ff,2026-07-21T11:11:26+00:00,
tdcc,2026-07-03,2308,accepted,15,200,76801,https://www.tdcc.com.tw/portal/zh/smWeb/qryStock,8ea5c89322b1b03d95a96cb15d54abf35ebc9adc18bc6db501a4e80c4471fe25,2026-07-21T11:11:27+00:00,
tdcc,2026-07-03,2317,accepted,15,200,76837,https://www.tdcc.com.tw/portal/zh/smWeb/qryStock,f1d77b7a19492923fd48ff875a64f129700e53566e67be469d7087c1b7109169,2026-07-21T11:11:27+00:00,
tdcc,2026-07-03,6669,accepted,15,200,76768,https://www.tdcc.com.tw/portal/zh/smWeb/qryStock,3b2ca52e7b8217bb8fe718670348f3dd0b9a22242fa55b6c8e5e4f46c508dc8b,2026-07-21T11:11:27+00:00,
tdcc,2026-07-09,2308,accepted,15,200,76801,https://www.tdcc.com.tw/portal/zh/smWeb/qryStock,f73426930c7a6d99e32e03da03e23f711c41d4a09a493221435fc5296a252aa9,2026-07-21T11:11:28+00:00,
tdcc,2026-07-09,2317,accepted,15,200,76837,https://www.tdcc.com.tw/portal/zh/smWeb/qryStock,d3cd1a4627ba40c79cc0d9bdb4a7c6013fdffb6401156f96cee948feb787aade,2026-07-21T11:11:28+00:00,
tdcc,2026-07-09,2330,accepted,15,200,76840,https://www.tdcc.com.tw/portal/zh/smWeb/qryStock,fbdec12080025e7ff397cc4bdc1a013ae1615849b14d69488442f794cca60760,2026-07-21T11:11:28+00:00,
tdcc,2026-07-09,2382,accepted,15,200,76797,https://www.tdcc.com.tw/portal/zh/smWeb/qryStock,c692b3dddcb559b1455380c97cd56533f4c1c774eb00e33927ceb6185f4eda85,2026-07-21T11:11:29+00:00,
tdcc,2026-07-09,2454,accepted,15,200,76793,https://www.tdcc.com.tw/portal/zh/smWeb/qryStock,56ff99bf660dc9fe70aef3ac0fec34e4780b8779b7246720d1a27e5a1396e2ce,2026-07-21T11:11:29+00:00,
tdcc,2026-07-09,3231,accepted,15,200,76806,https://www.tdcc.com.tw/portal/zh/smWeb/qryStock,2d5e36e8b82d2e40521b34029586b400bfaea78c40308e7a6adb0478a19eb26b,2026-07-21T11:11:30+00:00,
tdcc,2026-07-09,6669,accepted,15,200,76767,https://www.tdcc.com.tw/portal/zh/smWeb/qryStock,6241fc759396fab37f4d7d0835e626aa62a5817d123ff4b095e5e1c0771ecda1,2026-07-21T11:11:30+00:00,
tdcc,2026-07-17,2308,accepted,16,200,77457,https://www.tdcc.com.tw/portal/zh/smWeb/qryStock,df237bb05b5206ad117dd696ae9b26e992c98ef73b582ba3a3205574e0912f3a,2026-07-21T11:11:30+00:00,
tdcc,2026-07-17,2317,accepted,15,200,76837,https://www.tdcc.com.tw/portal/zh/smWeb/qryStock,848fae589d9367b57d4480379b24812d18f14d6232314c368c9a275be5401b16,2026-07-21T11:11:31+00:00,
tdcc,2026-07-17,2330,accepted,15,200,76840,https://www.tdcc.com.tw/portal/zh/smWeb/qryStock,cffeb4f7ff594d62fdb0b4712811f85410c705cad152739e2bd25229d04c3954,2026-07-21T11:11:31+00:00,
tdcc,2026-07-17,2382,accepted,15,200,76803,https://www.tdcc.com.tw/portal/zh/smWeb/qryStock,4b0f76dff36e0541b6a5382f1157d52e0f294a4f3ed4573ebc7232babb59a466,2026-07-21T11:11:32+00:00,
tdcc,2026-07-17,2454,accepted,15,200,76800,https://www.tdcc.com.tw/portal/zh/smWeb/qryStock,220b21366856197130f389b4ba8dacd54dbd32a1e3260d31b996bac20474a3a5,2026-07-21T11:11:32+00:00,
tdcc,2026-07-17,3231,accepted,15,200,76810,https://www.tdcc.com.tw/portal/zh/smWeb/qryStock,69f2ff68aaed628887c5dbd7682662b420bbbc9afa4a3af7c5e4a3483003349b,2026-07-21T11:11:32+00:00,
tdcc,2026-07-17,6669,accepted,15,200,76769,https://www.tdcc.com.tw/portal/zh/smWeb/qryStock,7bfac27ad0e0c7043932c326847d273ec06fb6fa77b126d2cd03bfd2f13a92fb,2026-07-21T11:11:33+00:00,
